date,SPY,AOA,AOR,GLD,EMXC,DXJ,QQQ,IWM,DX-Y.NYB,TLT,CL=F,BTC-USD,BIL,HGER,IBIT
2014-01-02,147.831390,32.796322,28.171488,118.000000,,31.933569,78.874664,96.875740,80.629997,71.641518,95.440002,,73.100151,,
2014-01-03,147.807175,32.818611,28.200970,119.290001,,32.029762,78.305290,97.368149,80.790001,71.641518,93.959999,,73.116089,,
2014-01-06,147.378815,32.774048,28.141989,119.500000,,31.709080,78.016052,96.578613,80.650002,71.943039,93.430000,,73.100151,,
2014-01-07,148.283981,32.922611,28.311567,118.820000,,31.978466,78.739105,97.385147,80.830002,72.125397,93.669998,,73.116089,,
2014-01-08,148.316254,32.907753,28.237835,118.120003,,32.209358,78.910820,97.512474,81.040001,71.929024,92.330002,,73.116089,,
2014-01-09,148.413284,32.937469,28.215714,118.459999,,32.055424,78.648712,97.537964,81.010002,72.349739,91.660004,,73.100151,,
2014-01-10,148.817368,33.108322,28.400047,120.260002,,32.042576,78.901802,98.072807,80.660004,73.212234,92.720001,,73.116089,,
2014-01-13,146.837296,32.744324,28.200970,121.019997,,31.465374,77.735870,96.731407,80.510002,73.576866,91.800003,,73.116089,,
2014-01-14,148.437531,33.048901,28.377926,119.889999,,31.856596,79.218140,97.919998,80.610001,73.240250,92.589996,,73.116089,,
2014-01-15,149.237610,33.182598,28.451656,119.660004,,32.209358,79.868866,98.650093,81.000000,73.163147,94.169998,,73.116089,,
2014-01-16,149.043640,33.123169,28.429527,119.790001,,32.049015,79.877892,98.768929,80.900002,73.653969,93.959999,,73.116089,,
2014-01-17,148.413284,33.034039,28.400047,120.930000,,32.183701,79.425980,98.420876,81.260002,73.962524,94.370003,,73.100151,,
2014-01-21,148.849701,33.138027,28.451656,119.699997,,32.331211,80.031532,99.006653,81.099998,74.018631,94.989998,,73.116089,,
2014-01-22,148.946640,33.204887,28.466400,119.190002,,32.344048,80.239418,99.507561,81.169998,73.836281,96.730003,,73.116089,,
2014-01-23,147.726379,32.944889,28.326305,121.790001,,31.407642,79.968285,98.836891,80.440002,74.881058,97.320000,,73.116089,,
2014-01-24,144.574448,32.343197,27.906055,122.290001,,30.593111,78.395645,96.315430,80.459999,75.364929,96.639999,,73.100151,,
2014-01-27,143.863251,32.164921,27.773352,120.959999,,30.477667,77.636482,94.906174,80.500000,74.838997,95.720001,,73.100151,,
2014-01-28,144.719955,32.335770,27.928188,120.949997,,30.753454,77.591301,95.907959,80.570000,75.021286,97.410004,,73.100151,,
2014-01-29,143.329865,32.075771,27.751242,122.470001,,30.452011,76.759773,94.524109,80.510002,75.638329,97.360001,,73.116089,,
2014-01-30,144.849228,32.335770,27.942930,119.769997,,30.766279,78.178741,95.933380,81.089996,75.421013,98.230003,,73.116089,,
2014-01-31,144.000641,32.135189,27.780729,120.089996,,29.894011,77.970863,95.220253,81.269997,75.925850,97.489998,,73.100151,,
2014-02-03,140.759903,31.436928,27.404713,121.320000,,28.970448,76.181381,92.240395,81.010002,76.850998,96.430000,,73.100151,,
2014-02-04,141.745850,31.696920,27.522684,120.989998,,29.150043,76.741714,92.936546,81.120003,76.035484,97.190002,,73.116089,,
2014-02-05,141.568039,31.682068,27.522684,121.290001,,29.085903,76.542877,92.240395,81.029999,75.332520,97.379997,,73.100151,,
2014-02-06,143.434921,32.075771,27.765982,121.239998,,29.586168,77.518967,92.970497,80.889999,75.009171,97.839996,,73.100151,,
2014-02-07,145.212860,32.380333,27.987167,122.169998,,30.144157,78.901802,94.023224,80.690002,75.072403,99.879997,,73.116089,,
2014-02-10,145.479630,32.387760,27.987167,122.919998,,30.003054,79.353676,94.269424,80.669998,75.283363,100.059998,,73.100151,,
2014-02-11,147.071716,32.729465,28.208349,124.360001,,30.516153,80.257515,95.109863,80.629997,74.847519,99.940002,,73.100151,,
2014-02-12,147.144409,32.766624,28.215714,124.430000,,30.548225,80.411133,95.483467,80.680000,74.460831,100.370003,,73.116089,,
2014-02-13,147.904068,32.930038,28.333685,125.489998,,30.285261,81.007622,96.697441,80.290001,74.882629,100.349998,,73.116089,,
2014-02-14,148.720398,33.071182,28.422163,127.150002,,30.047953,81.170334,96.833290,80.129997,74.924774,100.300003,,73.116089,,
2014-02-18,148.898163,33.190029,28.503262,127.400002,,30.708563,81.567963,97.843582,80.010002,75.093483,102.430000,,73.100151,,
2014-02-19,147.912201,32.996891,28.363184,126.269997,,30.381460,81.007622,96.841820,80.169998,74.777168,103.309998,,73.116089,,
2014-02-20,148.785049,33.145458,28.473766,127.599998,,30.259596,81.387260,97.886017,80.290001,74.594398,102.919998,,73.116089,,
2014-02-21,148.615280,33.130592,28.459028,127.580002,,30.541796,81.278740,98.191650,80.239998,74.988075,102.199997,,73.100151,,
2014-02-24,149.439667,33.331173,28.569624,128.990005,,30.888134,81.712631,98.913284,80.209999,74.798279,102.820000,,73.116089,,
2014-02-25,149.383087,33.271751,28.540123,129.210007,,30.657251,81.622231,99.015160,80.150002,75.466133,101.830002,,73.116089,,
2014-02-26,149.391129,33.279167,28.599108,128.110001,,30.528971,81.549942,99.626442,80.410004,75.866768,102.589996,,73.116089,,
2014-02-27,150.175110,33.450020,28.702332,128.199997,,30.535397,82.079010,100.169769,80.290001,76.281578,102.400002,,73.100151,,
2014-02-28,150.554901,33.494602,28.702332,127.620003,,30.599529,81.988258,99.770721,79.779999,76.323784,102.589996,,73.116089,,
2014-03-03,149.496185,33.182598,28.547504,130.289993,,29.785000,81.380219,99.235886,80.070000,76.833252,104.919998,,73.116089,,
2014-03-04,151.597504,33.672871,28.857157,128.679993,,30.721390,82.414803,101.731880,80.160004,75.677544,103.330002,,73.100151,,
2014-03-05,151.734848,33.628300,28.842415,128.889999,,30.464834,82.641685,101.672424,80.110001,75.839630,101.449997,,73.116089,,
2014-03-06,152.082413,33.769440,28.901396,130.169998,,31.131861,82.569115,101.655457,79.680000,75.092651,101.559998,,73.116089,,
2014-03-07,152.146988,33.658012,28.849785,129.089996,,31.112619,82.160706,101.621506,79.720001,74.620468,102.580002,,73.100151,,
2014-03-10,152.066254,33.561455,28.783426,129.130005,,30.990759,82.233299,101.281914,79.750000,74.726189,101.120003,,73.100151,,
2014-03-11,151.314636,33.398018,28.658092,129.860001,,30.593111,81.879341,100.229179,79.769997,74.923531,100.029999,,73.100151,,
2014-03-12,151.355011,33.405453,28.694956,131.759995,,30.253195,82.187912,100.534798,79.610001,75.445030,97.989998,,73.100151,,
2014-03-13,149.657806,33.004318,28.429527,132.210007,,29.374516,81.026268,99.371712,79.620003,76.459740,98.199997,,73.100151,,
2014-03-14,149.237610,33.041458,28.436914,133.100006,,28.983276,80.472649,99.787712,79.440002,76.473839,98.889999,,73.100151,,
2014-03-17,150.587204,33.286591,28.650717,131.639999,,29.329630,81.180557,100.229179,79.389999,75.903015,98.080002,,73.100151,,
2014-03-18,151.662064,33.502022,28.776054,130.619995,,29.271891,82.160706,101.689407,79.410004,76.177895,99.699997,,73.100151,,
2014-03-19,150.854019,33.242027,28.562237,128.089996,,29.470730,81.716019,101.027184,79.989998,75.585922,100.370003,,73.116089,,
2014-03-20,151.734848,33.308880,28.613853,127.860001,,29.047426,81.942894,101.163048,80.209999,75.452049,99.430000,,73.100151,,
2014-03-21,151.146332,33.279167,28.599108,128.470001,,28.906322,80.956879,100.696106,80.110001,76.269508,99.459999,,73.116089,,
2014-03-24,150.521225,33.219734,28.576986,126.180000,,28.996119,80.247368,99.550011,79.930000,76.812111,99.599998,,73.116089,,
2014-03-25,151.235641,33.360882,28.672832,126.410004,,29.137207,80.511131,99.526169,79.940002,76.523178,99.190002,,73.116089,,
2014-03-26,150.147873,33.249447,28.554871,125.410004,,29.246244,79.474197,97.619553,79.980003,77.122177,100.260002,,73.100151,,
2014-03-27,149.831345,33.264313,28.599108,124.589996,,29.720858,79.028450,97.372711,80.110001,77.509705,101.279999,,73.100151,,
2014-03-28,150.570023,33.427742,28.687584,124.559998,,30.169806,79.183090,97.279091,80.180000,77.072845,101.669998,,73.100151,,
2014-03-31,151.803848,33.695164,28.857157,123.610001,,30.362232,79.747055,99.023956,80.099998,76.882607,101.580002,,73.100151,,
2014-04-01,152.810455,33.910587,28.997234,123.389999,,30.586697,81.147873,100.326256,80.080002,76.225510,99.739998,,73.100151,,
2014-04-02,153.321777,33.990307,29.034973,124.320000,,30.868896,81.357079,100.777374,80.220001,75.787483,99.620003,,73.100151,,
2014-04-03,153.118881,33.908344,28.990572,123.919998,,30.779114,80.711296,99.755989,80.470001,76.119522,100.290001,,73.116089,,
2014-04-04,151.308655,33.647568,28.812992,125.570000,,30.426361,78.564537,97.449341,80.419998,76.628204,101.139999,,73.100151,,
2014-04-07,149.636459,33.401703,28.687206,124.910004,,30.195461,77.818634,96.027916,80.220001,77.087486,100.440002,,73.100151,,
2014-04-08,150.253433,33.498554,28.783400,126.089996,,29.207760,78.537239,96.700294,79.750000,77.271141,102.559998,,73.100151,,
2014-04-09,151.868790,33.826393,28.975780,126.320000,,29.688782,79.883522,98.096222,79.480003,76.889656,103.599998,,73.100151,,
2014-04-10,148.678650,33.297382,28.620626,127.010002,,28.784464,77.409317,95.295921,79.379997,77.603233,103.400002,,73.100151,,
2014-04-11,147.339279,33.066418,28.487427,126.930000,,28.758812,76.508743,93.976631,79.449997,78.232033,103.739998,,73.100151,,
2014-04-14,148.500122,33.178181,28.591013,127.849998,,29.156454,77.109138,94.240448,79.730003,78.027115,104.050003,,73.100151,,
2014-04-15,149.522873,33.230316,28.635418,125.489998,,29.246244,77.363838,94.606468,79.800003,78.514595,103.750000,,73.100151,,
2014-04-16,151.089523,33.535801,28.835186,125.540001,,29.778572,78.391701,95.636414,79.820000,78.613548,103.760002,,73.100151,,
2014-04-17,151.300613,33.655018,28.879591,124.750000,,29.900434,78.409882,96.113022,79.830002,77.751579,104.300003,,73.116089,,
2014-04-21,151.828186,33.684803,28.909191,124.239998,,29.919680,78.992058,96.564133,79.949997,77.688004,104.370003,,73.100151,,
2014-04-22,152.518188,33.833839,28.997974,123.779999,,29.759333,79.619720,97.559998,79.910004,77.949425,102.129997,,73.084160,,
2014-04-23,152.161072,33.759327,28.923985,123.760002,,29.791397,78.919258,96.947128,79.860001,78.394455,101.440002,,73.100151,,
2014-04-24,152.469452,33.804035,28.960979,124.559998,,29.675955,79.674278,96.700294,79.800003,78.542870,101.940002,,73.100151,,
2014-04-25,151.219421,33.535801,28.775995,125.430000,,29.534857,78.400833,94.997971,79.769997,78.655991,100.599998,,73.100151,,
2014-04-28,151.698318,33.580517,28.827795,124.879997,,29.663128,78.655502,94.444725,79.680000,78.274437,100.839996,,73.100151,,
2014-04-29,152.404556,33.736980,28.938782,124.860001,,29.772165,79.283127,94.683067,79.809998,78.168434,101.279999,,73.100151,,
2014-04-30,152.859146,33.826393,28.997974,124.220001,,29.560513,79.492348,95.312920,79.489998,78.493439,99.739998,,73.100151,,
2014-05-01,152.875305,33.900906,29.057175,123.800003,,29.778572,79.728874,95.278877,79.529999,79.335487,99.419998,,73.084160,,
2014-05-02,152.656189,33.900906,29.064575,125.059998,,29.746515,79.583305,95.355453,79.519997,79.824158,99.760002,,73.100151,,
2014-05-05,152.948395,33.908344,29.064575,126.220001,,29.637478,80.001747,95.236328,79.489998,79.342575,99.480003,,73.100151,,
2014-05-06,151.617203,33.736980,28.938782,125.980003,,29.400169,78.964783,93.687195,79.139999,79.661324,99.500000,,73.084160,,
2014-05-07,152.510117,33.878548,29.042368,124.169998,,29.393759,78.737350,93.746803,79.220001,79.377953,100.769997,,73.084160,,
2014-05-08,152.347748,33.818928,29.012772,124.169998,,29.252653,78.664581,92.801994,79.430000,79.038078,100.260002,,73.084160,,
2014-05-09,152.574997,33.841293,29.042368,124.099998,,29.541281,78.955704,93.653175,79.900002,78.783119,99.989998,,73.100151,,
2014-05-12,154.060486,34.131866,29.212557,124.940002,,29.714443,80.256462,95.781075,79.900002,78.464417,100.589996,,73.084160,,
2014-05-13,154.198532,34.146778,29.227362,124.599998,,30.035118,80.310997,94.844788,80.139999,79.144287,101.699997,,73.100151,,
2014-05-14,153.467941,34.049908,29.175562,125.809998,,29.810646,79.892586,93.304184,80.070000,80.001228,102.370003,,73.100151,,
2014-05-15,152.120453,33.856194,29.049770,124.769997,,29.483549,79.264961,92.674309,80.000000,80.638649,101.500000,,73.100151,,
2014-05-16,152.648071,33.982857,29.123764,124.500000,,29.611826,79.783447,93.261650,80.040001,80.412018,102.019997,,73.100151,,
2014-05-19,153.208176,34.057358,29.197760,124.580002,,29.560513,80.338318,94.266006,79.989998,79.817062,102.610001,,73.100151,,
2014-05-20,152.242188,33.818928,29.057175,124.690002,,29.207760,80.047249,92.827522,80.040001,79.994141,102.440002,,73.100151,,
2014-05-21,153.524734,33.990307,29.160761,124.389999,,29.489964,80.811333,93.304184,80.099998,79.505478,104.070000,,73.084160,,
2014-05-22,153.898178,34.094616,29.227362,124.669998,,29.938927,81.166077,94.274521,80.250000,79.392174,103.739998,,73.084160,,
2014-05-23,154.515060,34.243641,29.316158,124.510002,,30.330153,81.757324,95.304420,80.389999,79.817062,104.349998,,73.100151,,
2014-05-27,155.464828,34.362850,29.427145,121.849998,,30.477667,82.776131,96.674789,80.349998,80.284515,104.110001,,73.084160,,
2014-05-28,155.351181,34.400101,29.390137,121.199997,,30.349396,82.521400,96.172592,80.570000,81.276054,102.720001,,73.100151,,
2014-05-29,156.154816,34.482063,29.501133,120.940002,,30.657251,83.049011,96.496040,80.489998,80.844032,103.580002,,73.084160,,
2014-05-30,156.406387,34.474606,29.501133,120.430000,,30.670069,83.058083,96.061958,80.370003,80.808594,102.709999,,73.100151,,
2014-06-02,156.585007,34.504410,29.501133,119.699997,,31.163923,82.976234,95.542770,80.639999,80.207901,102.470001,,73.084160,,
2014-06-03,156.503830,34.489517,29.464138,120.010002,,31.144688,82.939850,95.312920,80.550003,79.220947,102.660004,,73.084160,,
2014-06-04,156.820389,34.526756,29.486328,119.760002,,31.381987,83.249107,95.687439,80.669998,79.199623,102.639999,,73.084160,,
2014-06-05,157.843216,34.809887,29.663912,120.660004,,31.343500,83.949539,97.696182,80.370003,79.235100,102.480003,,73.084160,,
2014-06-06,158.598175,34.936562,29.774912,120.610001,,31.407642,84.431648,98.632484,80.410004,79.235100,102.660004,,73.084160,,
2014-06-09,158.760468,34.966351,29.797113,120.650002,,31.349922,84.367958,99.500633,80.650002,79.121529,104.410004,,73.100151,,
2014-06-10,158.776764,34.944012,29.760130,121.389999,,31.106205,84.513489,99.304909,80.820000,78.830399,104.349998,,73.100151,,
2014-06-11,158.224747,34.824783,29.656523,121.410004,,31.099789,84.495308,98.819695,80.790001,78.972404,104.400002,,73.084160,,
2014-06-12,157.104599,34.683224,29.597326,122.639999,,31.080540,83.731209,98.215378,80.580002,79.675392,106.529999,,73.100151,,
2014-06-13,157.583466,34.765179,29.597326,122.959999,,31.381987,83.976807,98.385590,80.580002,79.632744,106.910004,,73.084160,,
2014-06-16,157.713348,34.757732,29.656523,122.419998,,31.388416,84.049591,98.862267,80.470001,79.831589,106.900002,,73.100151,,
2014-06-17,158.151718,34.824783,29.663912,122.279999,,31.452547,84.095085,99.560196,80.629997,79.199623,106.360001,,73.084160,,
2014-06-18,159.312454,35.078133,29.841503,122.669998,,31.856596,84.568085,100.232635,80.580002,79.810295,105.970001,,73.100151,,
2014-06-19,159.491058,35.115372,29.885883,126.940002,,32.260651,84.513489,100.317772,80.320000,78.787788,106.430000,,73.100151,,
2014-06-20,159.814911,35.160080,29.915504,126.500000,,32.453072,84.612900,100.649712,80.370003,79.384239,107.260002,,73.100151,,
2014-06-23,159.765961,35.115372,29.893297,126.849998,,32.152237,84.631149,100.453934,80.260002,79.135750,106.169998,,73.100151,,
2014-06-24,158.803467,34.936562,29.760130,126.980003,,32.171684,84.549072,99.381485,80.330002,79.938141,106.029999,,73.100151,,
2014-06-25,159.521255,35.055763,29.878502,126.989998,,32.243008,85.087181,100.224129,80.220001,80.144012,106.500000,,73.084160,,
2014-06-26,159.407089,35.025955,29.863707,126.730003,,32.106853,85.132805,100.053894,80.230003,80.527458,105.839996,,73.084160,,
2014-06-27,159.716965,35.130268,29.930298,126.660004,,31.873444,85.506729,100.726311,80.040001,80.406693,105.739998,,73.100151,,
2014-06-30,159.635422,35.160080,29.945086,128.039993,,32.003113,85.652679,101.126366,79.779999,80.605545,105.370003,,73.084160,,
2014-07-01,160.703857,35.405945,30.100481,127.699997,,32.560707,86.592117,102.156235,79.820000,79.930695,105.339996,,73.100151,,
2014-07-02,160.867004,35.329273,30.016954,127.699997,,32.573666,86.738045,101.762360,79.959999,79.076393,104.480003,,73.100151,,
2014-07-03,161.658157,35.502151,30.106441,127.160004,,32.593113,87.285271,102.377541,80.209999,78.791649,104.059998,,73.084160,,
2014-07-07,161.095383,35.284176,30.031872,127.019997,,32.268936,87.020790,100.625984,80.220001,79.368279,103.529999,,73.100151,,
2014-07-08,160.059570,35.096252,29.897636,127.070000,,32.080910,85.971916,99.404129,80.180000,80.258125,103.400002,,73.100151,,
2014-07-09,160.777283,35.216507,29.972208,127.839996,,32.320805,86.610352,99.532295,79.989998,80.322144,102.290001,,73.084160,,
2014-07-10,160.141083,34.975983,29.852879,128.539993,,31.678932,86.336754,98.472824,80.129997,80.343536,102.930000,,73.084160,,
2014-07-11,160.361313,35.021088,29.867802,128.779999,,31.750244,86.893074,98.344673,80.190002,80.856117,100.830002,,73.084160,,
2014-07-14,161.168777,35.171429,29.942392,125.720001,,32.158707,87.412994,98.848763,80.190002,80.507271,100.910004,,73.084160,,
2014-07-15,160.867004,35.103771,29.912542,124.529999,,32.255966,87.111992,97.874733,80.389999,80.343536,99.959999,,73.084160,,
2014-07-16,161.462418,35.209000,29.979677,124.970001,,32.372673,87.458572,97.609840,80.559998,80.770699,101.199997,,73.084160,,
2014-07-17,159.627289,34.825649,29.741026,127.089996,,31.983660,86.300255,96.106064,80.519997,81.788651,103.190002,,73.084160,,
2014-07-18,161.258560,35.156395,29.957294,126.129997,,32.145744,87.668343,97.601288,80.519997,81.525330,103.129997,,73.068184,,
2014-07-21,160.956726,35.043633,29.867802,126.339996,,32.074432,87.558945,97.208260,80.559998,81.931091,104.589996,,73.084160,,
2014-07-22,161.658157,35.246597,30.031872,125.739998,,32.223553,88.115273,98.028519,80.779999,82.101952,104.419998,,73.068184,,
2014-07-23,162.017075,35.276657,30.054239,125.620003,,32.275414,88.680748,98.148140,80.809998,81.995102,103.120003,,73.084160,,
2014-07-24,162.025269,35.314236,30.054239,124.349998,,32.268936,88.580437,97.951614,80.870003,81.382927,102.070000,,73.084160,,
2014-07-25,161.266693,35.163906,29.972208,125.790001,,32.359718,88.233849,97.063019,81.029999,82.343987,102.089996,,73.084160,,
2014-07-28,161.331894,35.171429,29.979677,125.580002,,32.593113,88.261177,96.575996,81.029999,82.230042,101.669998,,73.084160,,
2014-07-29,160.638580,35.066185,29.912542,125.199997,,32.644981,88.106155,96.840858,81.209999,82.529060,100.970001,,73.084160,,
2014-07-30,160.663132,35.036121,29.875256,124.830002,,32.936745,88.452721,97.225349,81.419998,81.382927,100.269997,,73.084160,,
2014-07-31,157.490295,34.457321,29.442711,123.389999,,32.398613,86.665085,95.003815,81.459999,81.140862,98.169998,,73.068184,,
2014-08-01,157.009125,34.389671,29.457628,124.379997,,32.288383,86.345848,94.568100,81.300003,81.769028,97.879997,,73.084160,,
2014-08-04,158.142838,34.585102,29.591864,123.989998,,32.359718,86.938683,95.405418,81.330002,81.554893,98.290001,,73.084160,,
2014-08-05,156.609421,34.291954,29.412886,123.870003,,31.892887,86.272881,95.166199,81.519997,81.818924,97.379997,,73.068184,,
2014-08-06,156.658432,34.261887,29.390512,125.669998,,31.633553,86.209045,95.465233,81.440002,81.868904,96.919998,,73.068184,,
2014-08-07,155.810104,34.104027,29.308472,126.180000,,31.432547,85.935410,95.003815,81.519997,82.632652,97.339996,,73.084160,,
2014-08-08,157.612701,34.329529,29.494915,126.190002,,31.575191,86.555649,95.926605,81.389999,82.454163,97.650002,,73.068184,,
2014-08-11,158.069427,34.540005,29.584400,125.959999,,31.763214,87.066406,96.840858,81.470001,82.447044,98.080002,,73.068184,,
2014-08-12,157.849182,34.464836,29.547131,125.989998,,31.802109,87.029884,96.174385,81.500000,81.911728,97.370003,,73.068184,,
2014-08-13,158.917633,34.697849,29.703741,126.199997,,32.093872,87.951118,96.926315,81.599998,82.447044,97.589996,,73.084160,,
2014-08-14,159.667984,34.810619,29.755930,126.309998,,32.132782,88.407112,97.071556,81.589996,83.110863,95.580002,,73.068184,,
2014-08-15,159.635422,34.803104,29.793236,125.480003,,32.093872,88.835800,96.883583,81.419998,84.017326,97.349998,,73.084160,,
2014-08-18,160.973053,35.036121,29.934923,124.959999,,32.372673,89.519859,98.293396,81.580002,83.182236,96.410004,,73.068184,,
2014-08-19,161.813110,35.216507,30.039331,124.680000,,32.469933,90.021477,98.635124,81.879997,82.925301,94.480003,,73.084160,,
2014-08-20,162.245483,35.224026,30.024412,124.220001,,32.547729,90.021477,98.216469,82.250000,82.789627,96.070000,,73.068184,,
2014-08-21,162.718475,35.254112,30.084076,122.879997,,32.735760,90.203934,98.430099,82.150002,83.253662,93.959999,,73.084160,,
2014-08-22,162.465652,35.201496,30.002028,123.190002,,32.586643,90.340706,98.438637,82.339996,83.717613,93.650002,,73.084160,,
2014-08-25,163.289429,35.329273,30.091536,122.739998,,32.651463,90.659943,98.900032,82.550003,84.031609,93.349998,,73.084160,,
2014-08-26,163.395401,35.411957,30.173573,123.349998,,32.606079,90.751160,99.797203,82.650002,83.760406,93.860001,,73.084160,,
2014-08-27,163.330231,35.404442,30.195938,123.320000,,32.450470,90.769402,99.549423,82.430000,84.474152,93.879997,,73.068184,,
2014-08-28,163.240494,35.351818,30.128811,124.000000,,32.320805,90.669083,99.036713,82.480003,84.916695,94.550003,,73.084160,,
2014-08-29,163.705414,35.419476,30.195938,123.860001,,32.340260,91.006561,99.592102,82.750000,84.973770,95.959999,,73.084160,,
2014-09-02,163.623840,35.449543,30.188477,121.650002,,32.943233,91.271057,100.138924,82.989998,83.507950,92.879997,,73.068184,,
2014-09-03,163.534134,35.494640,30.203405,122.150002,,32.930264,90.732941,99.506645,82.870003,83.972961,95.540001,,73.084160,,
2014-09-04,163.297592,35.269138,30.098999,121.480003,,32.988628,90.650841,99.122169,83.820000,82.949966,94.449997,,73.068184,,
2014-09-05,164.031631,35.532227,30.233227,122.059998,,32.807079,91.106850,99.438332,83.760002,82.792557,93.290001,,73.084160,,
2014-09-08,163.607544,35.389427,30.128811,120.730003,,33.098843,91.280159,99.592102,84.230003,82.828331,92.660004,,73.068184,,
2014-09-09,162.571671,35.148865,29.979677,120.870003,,32.807079,90.523125,98.412987,84.279999,82.763962,92.750000,,73.068184,,
2014-09-10,163.183426,35.209000,30.016954,120.260002,,33.448952,91.271057,98.994041,84.250000,82.241760,91.669998,,73.084160,,
2014-09-11,163.371033,35.201496,30.002028,119.470001,,33.377628,91.198059,99.634850,84.300003,81.969856,92.830002,,73.068184,,
2014-09-12,162.416733,34.983501,29.845423,118.379997,,33.332245,90.732941,98.575348,84.239998,81.111404,92.269997,,73.068184,,
2014-09-15,162.294327,34.885784,29.778315,118.639999,,33.247978,89.857338,97.498779,84.260002,81.232994,92.919998,,73.068184,,
2014-09-16,163.517822,35.081207,29.927458,118.830002,,33.423012,90.641724,97.772202,84.070000,80.903923,94.879997,,73.068184,,
2014-09-17,163.738052,35.178947,29.920002,117.540001,,33.423012,90.778496,98.028519,84.699997,80.696434,94.419998,457.334015,73.068184,,
2014-09-18,164.610718,35.163906,29.972208,117.779999,,33.779617,91.462585,98.626617,84.320000,80.954033,93.070000,424.440002,73.084160,,
2014-09-19,164.462463,35.066185,29.927458,117.089996,,33.870396,91.405853,97.379143,84.800003,81.984184,92.410004,394.795990,73.084160,,
2014-09-20,,,,,,,,,,,,408.903992,,,
2014-09-21,,,,,,,,,,,,398.821014,,,
2014-09-22,163.192307,34.795574,29.763391,116.849998,,33.941715,90.555641,96.012054,84.669998,82.084328,91.519997,402.152008,73.084160,,
2014-09-23,162.258209,34.585102,29.629164,117.599998,,33.850925,90.308784,95.114922,84.660004,82.592239,91.559998,435.790985,73.084160,,
2014-09-24,163.528259,34.773029,29.718639,117.050003,,34.142700,91.277893,95.975952,85.050003,82.134407,92.800003,423.204987,73.084160,,
2014-09-25,160.889694,34.359600,29.472538,117.389999,,33.818520,89.357986,94.356659,85.199997,83.107338,92.529999,411.574005,73.084160,,
2014-09-26,162.167999,34.524975,29.584400,117.059998,,34.278851,90.308784,95.204910,85.639999,82.985710,93.540001,404.424988,73.084160,,
2014-09-27,,,,,,,,,,,,399.519989,,,
2014-09-28,,,,,,,,,,,,377.181000,,,
2014-09-29,161.873001,34.374638,29.465076,117.029999,,34.019508,90.189957,95.127754,85.589996,83.651024,94.570000,375.467010,73.068184,,
2014-09-30,161.446976,34.254356,29.435259,116.209999,,33.922264,90.317940,93.688400,85.940002,83.178841,91.160004,386.944000,73.084160,,
2014-10-01,159.259018,33.908588,29.196617,116.769997,,33.137737,88.873451,92.360382,85.970001,84.791794,90.730003,383.614990,73.084160,,
2014-10-02,159.283569,33.876160,29.223583,116.739998,,32.398613,88.873451,93.242851,85.599998,84.053131,91.010002,375.071991,73.084160,,
2014-10-03,161.037170,34.064705,29.358347,114.610001,,33.176643,89.751114,93.945396,86.690002,84.411674,89.739998,359.511993,73.052238,,
2014-10-04,,,,,,,,,,,,328.865997,,,
2014-10-05,,,,,,,,,,,,320.510010,,,
2014-10-06,160.848648,34.102394,29.373316,116.029999,,32.904335,89.559120,93.140045,85.709999,84.461876,90.339996,330.079010,73.052238,,
2014-10-07,158.365784,33.680084,29.111261,116.360001,,32.372673,88.288300,91.606384,85.669998,85.602203,88.849998,336.187012,73.068184,,
2014-10-08,161.135483,34.170269,29.463161,117.470001,,32.683891,90.007111,93.362801,85.300003,85.623734,87.309998,352.940002,73.068184,,
2014-10-09,157.939667,33.536797,29.043867,117.639999,,31.730799,88.553429,90.843887,85.519997,85.250816,85.769997,365.026001,73.068184,,
2014-10-10,156.136902,33.122009,28.796787,117.589996,,31.263971,86.341011,89.738670,85.910004,86.097084,85.820000,361.562012,73.068184,,
2014-10-11,,,,,,,,,,,,362.299011,,,
2014-10-12,,,,,,,,,,,,378.549011,,,
2014-10-13,153.572006,32.918404,28.654524,118.519997,,30.751770,84.987907,89.378838,85.430000,86.620598,85.739998,390.414001,73.068184,,
2014-10-14,153.809677,33.039062,28.759346,118.589996,,30.829576,84.997070,90.424065,85.820000,87.187180,81.839996,400.869995,73.052238,,
2014-10-15,152.769028,32.925934,28.669498,118.989998,,30.395180,84.448532,91.332230,85.150002,87.875679,81.779999,394.773010,73.052238,,
2014-10-16,152.637878,32.918404,28.624578,119.220001,,30.369228,83.918236,92.360382,85.000000,87.316269,82.699997,382.556000,73.068184,,
2014-10-17,154.440643,33.242676,28.879152,118.989998,,30.686932,85.024490,92.086197,85.190002,86.828575,82.750000,383.757996,73.068184,,
2014-10-18,,,,,,,,,,,,391.441986,,,
2014-10-19,,,,,,,,,,,,389.545990,,,
2014-10-20,155.940201,33.491547,29.043867,119.800003,,31.192661,86.295280,93.165741,84.949997,87.144157,82.709999,382.845001,73.068184,,
2014-10-21,159.029587,33.944027,29.343369,120.019997,,31.192661,88.562584,94.699379,85.309998,86.448479,82.809998,386.475006,73.052238,,
2014-10-22,157.898682,33.725330,29.201105,119.339996,,31.225065,88.105484,93.345688,85.739998,86.541725,80.519997,383.157990,73.068184,,
2014-10-23,159.734299,34.019451,29.373316,118.519997,,31.808598,89.431129,94.999275,85.839996,85.774376,82.089996,358.416992,73.052238,,
2014-10-24,160.963394,34.200447,29.493111,118.349998,,31.873444,90.162537,95.162048,85.730003,85.860413,81.010002,358.345001,73.052238,,
2014-10-25,,,,,,,,,,,,347.270996,,,
2014-10-26,,,,,,,,,,,,354.704010,,,
2014-10-27,160.742203,34.140118,29.425722,118.059998,,31.756733,90.226517,95.110634,85.500000,86.018173,81.000000,352.989014,73.052238,,
2014-10-28,162.585953,34.517189,29.717743,118.099998,,32.003113,91.588737,97.818047,85.410004,85.480278,81.419998,357.618011,73.052238,,
2014-10-29,162.340103,34.479477,29.650358,116.410004,,32.398613,91.250496,97.586708,85.949997,85.673927,82.199997,335.591003,73.068184,,
2014-10-30,163.380798,34.615215,29.800114,115.190002,,32.735760,91.442482,98.417793,86.150002,85.745659,81.120003,345.304993,73.052238,,
2014-10-31,165.249146,35.037533,30.039700,112.660004,,34.894798,92.704124,99.865753,86.879997,85.523315,80.540001,338.321014,73.068184,,
2014-11-01,,,,,,,,,,,,325.748993,,,
2014-11-02,,,,,,,,,,,,325.891998,,,
2014-11-03,165.339279,34.939510,29.964825,112.150002,,35.679310,92.978378,99.694382,87.309998,85.523300,78.779999,327.553986,73.052238,,
2014-11-04,164.765610,34.871628,29.934868,112.220001,,34.693813,92.667542,99.231712,86.980003,85.789330,77.190002,330.492004,73.068184,,
2014-11-05,165.806366,34.947052,29.987293,109.790001,,34.966114,92.676682,99.411644,87.440002,85.667137,78.680000,339.485992,73.052238,,
2014-11-06,166.470078,34.954594,29.987293,109.879997,,34.739193,92.969254,99.840050,88.010002,85.113556,77.910004,349.290009,73.068184,,
2014-11-07,166.625793,34.984760,30.039700,112.970001,,34.453911,92.886963,99.994247,87.639999,86.091270,78.650002,342.415009,73.052238,,
2014-11-08,,,,,,,,,,,,345.488007,,,
2014-11-09,,,,,,,,,,,,363.264008,,,
2014-11-10,167.150253,35.082794,30.092117,110.459999,,34.758648,93.216110,100.491203,87.809998,85.300446,77.400002,366.924011,73.068184,,
2014-11-11,167.314148,35.135586,30.114584,112.040001,,35.121727,93.508621,100.559715,87.529999,85.357956,77.940002,367.695007,73.068184,,
2014-11-12,167.133835,35.075237,30.084633,111.500000,,34.907764,93.673225,101.013809,87.820000,85.286087,77.180000,423.561005,73.068184,,
2014-11-13,167.322281,35.082794,30.084633,111.669998,,35.244919,94.075500,100.157036,87.669998,85.487396,74.209999,420.734985,73.052238,,
2014-11-14,167.363281,35.105412,30.092117,114.470001,,35.413490,94.368042,99.977119,87.529999,85.904404,75.820000,397.817993,73.052238,,
2014-11-15,,,,,,,,,,,,376.132996,,,
2014-11-16,,,,,,,,,,,,387.881989,,,
2014-11-17,167.469757,35.022465,30.024717,114.050003,,34.927216,94.084648,99.146049,87.930000,85.688667,75.639999,387.407990,73.068184,,
2014-11-18,168.436737,35.203457,30.152018,115.050003,,35.426453,94.788589,99.720085,87.580002,85.925934,74.610001,375.197998,73.052238,,
2014-11-19,168.166336,35.097881,30.077143,113.680000,,35.595036,94.358887,98.657692,87.650002,85.379555,74.580002,380.554993,73.052238,,
2014-11-20,168.461319,35.158203,30.129555,114.860001,,35.394032,94.779449,99.762917,87.589996,85.825272,75.580002,357.839996,73.052238,,
2014-11-21,169.362701,35.429695,30.309250,115.389999,,35.445900,94.962303,99.882858,88.309998,86.342888,76.510002,350.847992,73.052238,,
2014-11-22,,,,,,,,,,,,352.920013,,,
2014-11-23,,,,,,,,,,,,367.572998,,,
2014-11-24,169.838028,35.535275,30.361671,115.110001,,35.705250,95.702843,101.073784,88.150002,86.414772,75.779999,376.901001,73.068184,,
2014-11-25,169.715088,35.535275,30.399101,115.379997,,35.828434,95.849129,101.150887,87.919998,87.133736,74.089996,375.347992,73.068184,,
2014-11-26,170.149414,35.648396,30.466492,115.160004,,35.776562,96.470779,101.485001,87.610001,87.370941,73.690002,368.369995,73.052238,,
2014-11-27,,,,,,,,,,,,369.670013,,,
2014-11-28,169.788895,35.482483,30.369156,112.110001,,35.919209,96.918785,99.977119,88.360001,88.061111,66.150002,376.446991,73.068184,,
2014-11-29,,,,,,,,,,,,375.490997,,,
2014-11-30,,,,,,,,,,,,378.046997,,,
2014-12-01,168.608841,35.195904,30.174475,116.580002,,36.042385,95.821648,98.417793,87.949997,87.547379,69.000000,379.244995,73.052238,,
2014-12-02,169.698700,35.339188,30.271826,115.139999,,36.606468,96.205650,99.600113,88.650002,86.697098,66.879997,381.315002,73.052238,,
2014-12-03,170.354233,35.452328,30.339205,116.330002,,36.762081,96.379356,100.559715,88.959999,87.035751,67.379997,375.010010,73.052238,,
2014-12-04,170.165756,35.414616,30.309250,115.879997,,36.826908,96.333672,100.079941,88.699997,87.763542,66.809998,369.604004,73.052238,,
2014-12-05,170.444382,35.444771,30.331720,114.430000,,37.300213,96.342781,100.833893,89.330002,87.251938,65.839996,376.854004,73.068184,,
2014-12-06,,,,,,,,,,,,374.785004,,,
2014-12-07,,,,,,,,,,,,375.095001,,,
2014-12-08,169.305374,35.218536,30.181963,115.779999,,36.632416,95.657104,99.574448,89.040001,88.318344,63.049999,361.908997,73.068184,,
2014-12-09,169.190659,35.218536,30.196949,118.190002,,36.457340,95.958817,101.245132,88.690002,88.772316,63.820000,352.218994,73.052238,,
2014-12-10,166.478271,34.728355,29.867496,117.959999,,35.270847,94.450302,99.094643,88.269997,89.420815,60.939999,346.364990,73.052238,,
2014-12-11,167.322281,34.781128,29.919909,117.690002,,35.776562,94.898300,99.488754,88.660004,89.788307,59.950001,350.506012,73.052238,,
2014-12-12,164.618195,34.351276,29.657858,117.410004,,35.264362,93.865211,98.280701,88.360001,91.006050,57.810001,352.541992,73.068184,,
2014-12-13,,,,,,,,,,,,347.376007,,,
2014-12-14,,,,,,,,,,,,351.631989,,,
2014-12-15,163.487366,34.042065,29.425722,114.389999,,34.233463,92.896126,97.286827,88.459999,90.818718,55.910000,345.345001,73.036278,,
2014-12-16,162.176163,33.936493,29.365829,114.949997,,33.902798,91.405853,97.149757,88.129997,91.942741,55.930000,327.062012,73.036278,,
2014-12-17,165.355667,34.562428,29.740208,114.269997,,35.076340,93.069824,100.148468,89.129997,91.114105,56.470001,319.776001,73.036278,,
2014-12-18,169.444626,35.112957,30.107086,115.150002,,35.575584,95.309677,101.639252,89.239998,89.492882,54.110001,311.395996,73.052238,,
2014-12-19,170.165619,35.210991,30.241856,114.769997,,35.942078,95.729050,101.870613,89.599998,90.696205,56.520000,317.842987,73.036278,,
2014-12-20,,,,,,,,,,,,329.955994,,,
2014-12-21,,,,,,,,,,,,320.842987,,,
2014-12-22,170.948410,35.384445,30.346685,112.550003,,36.042301,95.967667,102.564575,89.769997,90.818718,55.259998,331.885986,73.036278,,
2014-12-23,171.179108,35.399536,30.346685,112.739998,,36.300003,95.628113,102.693092,90.059998,89.017288,57.119999,334.571991,73.036278,,
2014-12-24,171.195618,35.444771,30.376637,112.769997,,36.142513,95.710724,102.989777,89.970001,89.501839,55.840000,322.533997,73.052238,,
2014-12-25,,,,,,,,,,,,319.007996,,,
2014-12-26,171.747681,35.532825,30.467762,114.830002,,36.407375,96.389778,103.660553,90.029999,89.833954,54.730000,327.924011,73.036278,,
2014-12-27,,,,,,,,,,,,315.863007,,,
2014-12-28,,,,,,,,,,,,317.239014,,,
2014-12-29,171.978363,35.502476,30.452692,113.669998,,36.099564,96.371429,104.099159,90.190002,90.505539,53.610001,312.670013,73.036278,,
2014-12-30,171.055496,35.411373,30.369869,115.199997,,35.369419,95.729050,103.488556,89.989998,90.751038,54.119999,310.737000,73.036278,,
2014-12-31,169.358124,35.130512,30.211725,113.580002,,35.240562,94.747177,102.869377,90.269997,90.924301,53.270000,320.192993,73.052238,,
2015-01-01,,,,,,,,,,,,314.248993,,,
2015-01-02,169.267502,35.092575,30.196655,114.080002,,35.526894,94.462708,102.276031,91.080002,91.935188,52.689999,315.032013,73.036278,,
2015-01-03,,,,,,,,,,,,281.082001,,,
2015-01-04,,,,,,,,,,,,264.195007,,,
2015-01-05,166.210663,34.538425,29.835213,115.800003,,34.718002,93.077087,100.908669,91.379997,93.379364,50.040001,274.473999,73.052238,,
2015-01-06,164.645096,34.303112,29.662004,117.120003,,33.944893,91.829063,99.162910,91.500000,95.061852,47.930000,286.188995,73.036278,,
2015-01-07,166.696716,34.637115,29.925581,116.430000,,34.596317,93.012840,100.384056,91.889999,94.874084,48.650002,294.337006,73.036278,,
2015-01-08,169.654800,35.100151,30.211725,115.940002,,35.197617,94.793060,102.086823,92.370003,93.617668,48.790001,283.348999,73.036278,,
2015-01-09,168.295212,34.978699,30.091240,117.260002,,34.417366,94.169090,101.106453,91.940002,94.642990,48.360001,290.407990,73.036278,,
2015-01-10,,,,,,,,,,,,274.795990,,,
2015-01-11,,,,,,,,,,,,265.660004,,,
2015-01-12,166.976883,34.804115,30.015945,118.559998,,34.338608,93.187180,100.771065,91.980003,95.184616,46.070000,267.795990,73.036278,,
2015-01-13,166.507263,34.788925,30.023472,118.160004,,34.467472,93.159615,100.848450,92.309998,95.184616,45.889999,225.860992,73.036278,,
2015-01-14,165.501953,34.705429,29.933109,117.970001,,34.123859,92.645790,100.444290,92.160004,95.906647,48.480000,178.102997,73.036278,,
2015-01-15,163.985870,34.568794,29.887922,120.940002,,34.009327,91.443657,98.750107,92.349998,97.415817,46.250000,209.843994,73.036278,,
2015-01-16,166.136429,34.940746,30.106289,122.519997,,34.789585,92.517319,100.358292,92.519997,96.173820,48.689999,208.097000,73.036278,,
2015-01-17,,,,,,,,,,,,199.259995,,,
2015-01-18,,,,,,,,,,,,210.339005,,,
2015-01-19,,,,,,,,,,,,214.860992,,,
2015-01-20,166.490707,34.940746,30.128891,124.199997,,35.440998,93.251427,99.936897,93.050003,97.451958,46.389999,211.315002,73.036278,,
2015-01-21,167.331177,35.145710,30.211725,124.230003,,35.283508,93.728577,99.618713,92.900002,96.325493,47.779999,226.897003,73.052238,,
2015-01-22,169.819550,35.555599,30.505405,125.230003,,35.634270,95.462952,101.648232,94.239998,95.978897,46.310001,233.406006,73.036278,,
2015-01-23,168.888535,35.396202,30.430109,124.230003,,35.355099,95.674011,101.579445,95.000000,97.314697,45.590000,232.878998,73.052238,,
2015-01-24,,,,,,,,,,,,247.847000,,,
2015-01-25,,,,,,,,,,,,253.718002,,,
2015-01-26,169.284042,35.631519,30.565639,122.989998,,35.956406,95.563904,102.559807,94.800003,97.018692,45.150002,273.472992,73.052238,,
2015-01-27,167.051086,35.441738,30.415041,124.400002,,35.720177,93.086243,102.069603,94.019997,97.170334,46.230000,263.475006,73.052238,,
2015-01-28,164.908752,35.077381,30.181604,123.419998,,35.476791,92.609047,100.349693,94.470001,98.758942,44.450001,233.914993,73.036278,,
2015-01-29,166.433105,35.335468,30.354795,120.760002,,36.035149,93.499191,101.734215,94.779999,98.109055,44.529999,233.513000,73.036278,,
2015-01-30,164.340179,34.887608,30.076170,123.449997,,35.233410,92.774246,99.498299,94.800003,99.849236,48.240002,226.425003,73.036278,,
2015-01-31,,,,,,,,,,,,217.464005,,,
2015-02-01,,,,,,,,,,,,226.972000,,,
2015-02-02,166.375412,35.168480,30.249378,122.419998,,35.691547,93.581772,100.409859,94.500000,99.472221,49.570000,238.229004,73.036278,,
2015-02-03,168.781387,35.449333,30.407522,121.050003,,35.591328,94.481079,102.207222,93.599998,97.366791,53.049999,227.268005,73.052238,,
2015-02-04,168.138687,35.312702,30.317148,121.580002,,35.734489,94.398506,101.828827,93.989998,97.533104,48.450001,226.852997,73.036278,,
2015-02-05,169.836060,35.677052,30.505405,121.790001,,36.063782,95.215202,103.144539,94.699997,96.462334,50.480000,217.110992,73.036278,,
2015-02-06,169.366394,35.411373,30.264441,118.639999,,36.142513,94.637047,103.032776,94.699997,94.754784,51.689999,222.266006,73.036278,,
2015-02-07,,,,,,,,,,,,227.753998,,,
2015-02-08,,,,,,,,,,,,223.412003,,,
2015-02-09,168.608337,35.282341,30.174078,119.169998,,35.870502,94.334236,102.215805,94.449997,94.602852,52.860001,220.110001,73.020264,,
2015-02-10,170.404587,35.525249,30.369869,118.470001,,36.600658,95.802490,102.869377,94.760002,93.850372,50.020000,219.839005,73.036278,,
2015-02-11,170.503448,35.426552,30.324682,117.070000,,36.844032,96.151161,102.723167,94.989998,94.023987,48.840000,219.184998,73.020264,,
2015-02-12,172.143188,35.813683,30.550587,117.339996,,36.593491,97.270699,103.892738,94.089996,93.712906,51.209999,221.764008,73.020264,,
2015-02-13,172.851761,35.950321,30.656023,117.980003,,37.001530,98.105774,104.511925,94.199997,92.750610,52.779999,235.427002,73.036278,,
2015-02-14,,,,,,,,,,,,257.321014,,,
2015-02-15,,,,,,,,,,,,234.824997,,,
2015-02-16,,,,,,,,,,,,233.843002,,,
2015-02-17,173.123703,35.935146,30.656023,116.010002,,37.259224,98.197548,104.838715,94.059998,91.354141,53.529999,243.610001,73.036278,,
2015-02-18,173.140198,36.041416,30.746368,116.339996,,37.574184,98.335190,104.950516,94.199997,91.896820,52.139999,236.326004,73.036278,,
2015-02-19,173.016602,36.094555,30.723785,115.940002,,37.982212,98.821556,104.959129,94.400002,91.289009,51.160000,240.283005,73.036278,,
2015-02-20,174.054703,36.345062,30.881922,115.279999,,38.261395,99.482262,105.242897,94.250000,91.556747,50.340000,243.779007,73.020264,,
2015-02-21,,,,,,,,,,,,244.533997,,,
2015-02-22,,,,,,,,,,,,235.977005,,,
2015-02-23,174.030090,36.253963,30.866863,115.430000,,38.018017,99.583199,105.346085,94.570000,92.605873,49.450001,238.891998,73.036278,,
2015-02-24,174.524429,36.352646,30.949697,115.260002,,38.182648,99.656593,105.483681,94.489998,93.821388,49.279999,238.735001,73.020264,,
2015-02-25,174.376129,36.398197,30.964756,115.699997,,38.175488,99.408836,105.604095,94.209999,94.226570,50.990002,237.470001,73.036278,,
2015-02-26,174.170105,36.299503,30.919565,116.070000,,38.712372,99.913528,105.991051,95.290001,92.938675,48.169998,236.425995,73.020264,,
2015-02-27,173.576874,36.345062,30.957237,116.160004,,38.562038,99.473083,105.414879,95.250000,93.720116,49.759998,253.828003,73.036278,,
2015-02-28,,,,,,,,,,,,254.263000,,,
2015-03-01,,,,,,,,,,,,260.201996,,,
2015-03-02,174.672775,36.329880,30.889454,115.680000,,38.826893,100.372368,106.180260,95.459999,91.974464,49.590000,275.670013,73.020264,,
2015-03-03,173.955872,36.246372,30.866863,115.470001,,38.576347,99.904388,105.552490,95.379997,91.640984,50.520000,281.701996,73.036278,,
2015-03-04,173.222580,36.132507,30.776514,115.110001,,38.497620,99.518959,105.225693,95.970001,91.669960,51.529999,273.092010,73.036278,,
2015-03-05,173.412079,36.185654,30.784025,115.000000,,38.791100,99.693306,105.535294,96.379997,91.553932,50.759998,276.178009,73.036278,,
2015-03-06,170.973129,35.707424,30.497887,111.860001,,39.041653,98.564613,104.202347,97.620003,89.531342,49.610001,272.722992,73.020264,,
2015-03-07,,,,,,,,,,,,276.260986,,,
2015-03-08,,,,,,,,,,,,274.354004,,,
2015-03-09,171.681747,35.821289,30.558115,111.970001,,39.055965,98.849075,104.658127,97.589996,90.357765,50.000000,289.606995,73.036278,,
2015-03-10,168.896713,35.320286,30.226791,111.419998,,38.562038,97.013771,103.454163,98.620003,91.546700,48.290001,291.760010,73.036278,,
2015-03-11,168.501236,35.358242,30.279497,110.750000,,38.919968,96.454002,104.090553,99.800003,92.213676,48.169998,296.378998,73.036278,,
2015-03-12,170.643585,35.707424,30.490347,110.720001,,39.707375,97.087189,105.819084,99.150002,92.148392,47.049999,294.354004,73.020264,,
2015-03-13,169.597137,35.525249,30.332212,110.879997,,39.685905,96.665077,105.440720,100.330002,91.865723,44.840000,285.337006,73.036278,,
2015-03-14,,,,,,,,,,,,281.885010,,,
2015-03-15,,,,,,,,,,,,286.393005,,,
2015-03-16,171.863022,35.859234,30.603300,110.809998,,39.843388,97.913078,106.059853,99.599998,92.750130,43.880001,290.592987,73.036278,,
2015-03-17,171.352127,35.828880,30.573175,110.209999,,39.807594,98.069061,106.343658,99.589996,93.518593,43.459999,285.505005,73.036278,,
2015-03-18,173.412079,36.269150,30.972286,112.370003,,39.979382,99.032616,107.195015,98.550003,95.323730,44.660000,256.299011,73.036278,,
2015-03-19,172.621063,36.064190,30.791565,112.290001,,39.814758,99.179466,107.401405,99.099998,94.837997,43.959999,260.928009,73.036278,,
2015-03-20,174.144760,36.466515,31.062651,113.570000,,40.108250,99.821434,108.347359,97.910004,95.338203,45.720001,261.748993,73.036278,,
2015-03-21,,,,,,,,,,,,260.024994,,,
2015-03-22,,,,,,,,,,,,267.959991,,,
2015-03-23,173.805435,36.595551,31.145487,114.290001,,40.394577,99.628265,108.252762,97.029999,95.222252,47.450001,266.739990,73.020264,,
2015-03-24,172.828842,36.519646,31.100306,114.570000,,40.322987,99.269562,108.226982,97.190002,96.142860,47.509998,245.595001,73.036278,,
2015-03-25,170.296219,36.185654,30.881922,114.730003,,40.086769,96.997726,105.641800,96.980003,95.330940,49.209999,246.197006,73.020264,,
2015-03-26,169.890640,36.003471,30.731329,115.480003,,39.728859,96.666664,105.512413,97.440002,93.844826,51.430000,248.531998,73.020264,,
2015-03-27,170.279709,36.086975,30.799089,115.059998,,39.721695,97.052933,106.185226,97.290001,95.011963,48.869999,247.029007,73.020264,,
2015-03-28,,,,,,,,,,,,252.798004,,,
2015-03-29,,,,,,,,,,,,242.712997,,,
2015-03-30,172.357071,36.291927,30.957237,113.750000,,40.151192,98.165848,107.625748,97.980003,94.540794,48.680000,247.526001,73.004288,,
2015-03-31,170.850739,36.056606,30.738846,113.660004,,39.456837,97.126518,107.280754,98.360001,94.743698,47.599998,244.223999,73.036278,,
2015-04-01,170.246506,36.079369,30.851807,115.599998,,39.313660,96.620667,107.323845,98.190002,95.988205,50.090000,247.272003,73.004288,,
2015-04-02,170.859024,36.296284,30.960627,115.279999,,39.650105,96.685036,107.522263,97.440002,94.971130,49.139999,253.005005,73.020264,,
2015-04-03,,,,,,,,,,,,254.322006,,,
2015-04-04,,,,,,,,,,,,253.697006,,,
2015-04-05,,,,,,,,,,,,260.597992,,,
2015-04-06,172.009399,36.539833,31.141985,116.690002,,40.065308,97.476028,107.996666,97.110001,94.440826,52.139999,255.492004,73.020264,,
2015-04-07,171.554214,36.463734,31.119307,116.110001,,40.459000,97.310493,107.306618,97.830002,95.232658,53.980000,253.179993,73.036278,,
2015-04-08,172.133591,36.623550,31.126869,115.470001,,40.509102,98.083031,108.229584,98.070000,95.261703,50.419998,245.022003,73.036278,,
2015-04-09,172.895020,36.707272,31.225109,114.669998,,40.695229,98.699303,107.841385,99.160004,94.026741,50.790001,243.675995,73.020264,,
2015-04-10,173.838516,36.813820,31.308233,115.970001,,40.616482,99.103996,108.358963,99.389999,94.164757,51.639999,236.072006,73.020264,,
2015-04-11,,,,,,,,,,,,236.552002,,,
2015-04-12,,,,,,,,,,,,236.153000,,,
2015-04-13,173.052292,36.661594,31.202448,115.139999,,40.294365,98.855713,108.427948,99.489998,94.295502,51.910000,224.587006,73.004288,,
2015-04-14,173.383316,36.798607,31.285564,114.440002,,40.344467,98.570526,108.402084,98.760002,94.963905,53.290001,219.158997,73.020264,,
2015-04-15,174.161285,36.897545,31.361135,115.430000,,40.416046,99.186790,109.161194,98.330002,94.883919,56.389999,223.832993,73.004288,,
2015-04-16,174.111664,36.996487,31.391359,115.029999,,40.487621,99.048782,109.100792,97.419998,94.411758,56.709999,228.572998,73.020264,,
2015-04-17,172.108765,36.631165,31.210001,115.599998,,40.201298,97.503654,107.332489,97.519997,95.494141,55.740002,222.882004,73.004288,,
2015-04-18,,,,,,,,,,,,223.356003,,,
2015-04-19,,,,,,,,,,,,222.600006,,,
2015-04-20,173.681305,36.775757,31.300678,114.720001,,40.566376,98.966042,108.384850,97.940002,94.651466,56.380001,224.626007,73.004288,,
2015-04-21,173.474380,36.813820,31.346041,115.379997,,41.267910,99.389153,108.272690,97.980003,94.222870,55.259998,235.268997,73.020264,,
2015-04-22,174.326874,36.882324,31.338472,113.830002,,41.654449,99.931808,108.436607,98.019997,92.784477,56.160000,234.175995,73.004288,,
2015-04-23,174.765472,37.103039,31.489607,114.660004,,41.504120,100.308922,108.928284,97.279999,93.183983,57.740002,236.462006,73.004288,,
2015-04-24,175.170990,37.133492,31.489607,113.050003,,41.454010,101.670128,108.565964,96.919998,93.765182,57.150002,231.268005,73.004288,,
2015-04-25,,,,,,,,,,,,226.389999,,,
2015-04-26,,,,,,,,,,,,219.429993,,,
2015-04-27,174.442703,37.194366,31.527388,115.330002,,41.454010,101.412605,107.366989,96.769997,93.765182,56.990002,229.285995,73.020264,,
2015-04-28,174.997253,37.194366,31.542507,116.330002,,41.325165,101.210236,107.962173,96.089996,92.472076,57.060001,225.854996,73.020264,,
2015-04-29,174.277237,37.057362,31.398930,115.510002,,41.096088,100.575623,106.789032,95.120003,91.338776,58.580002,225.807999,73.020264,,
2015-04-30,172.530884,36.653996,31.141985,113.470001,,40.387417,98.993629,104.529037,94.599998,91.498634,59.630001,236.145004,73.020264,,
2015-05-01,174.401291,36.943211,31.315794,113.080002,,41.217796,100.299683,105.210487,95.300003,90.266930,59.150002,232.078995,73.004288,,
2015-05-02,,,,,,,,,,,,234.929993,,,
2015-05-03,,,,,,,,,,,,240.358002,,,
2015-05-04,174.897934,36.981258,31.353586,114.099998,,41.368118,100.465225,105.590050,95.480003,89.415237,58.930000,239.018005,73.020264,,
2015-05-05,172.895020,36.585506,31.111755,114.419998,,40.437527,98.828087,104.244370,95.129997,89.291443,60.400002,236.121002,73.020264,,
2015-05-06,172.183273,36.478958,30.960627,114.360001,,40.358788,98.147461,104.606682,94.129997,87.762749,60.930000,229.781998,73.020264,,
2015-05-07,172.870239,36.532223,31.073975,113.419998,,40.459000,98.736092,105.003471,94.620003,88.942039,58.939999,237.334000,73.004288,,
2015-05-08,175.146225,37.072594,31.406477,113.970001,,41.382423,99.968582,105.788437,94.790001,89.182251,59.389999,243.863007,73.020264,,
2015-05-09,,,,,,,,,,,,241.832001,,,
2015-05-10,,,,,,,,,,,,240.296005,,,
2015-05-11,174.310272,36.882324,31.232674,113.529999,,40.988716,99.582268,105.848846,95.010002,87.012878,59.250000,242.158005,73.004288,,
2015-05-12,173.788895,36.829044,31.202448,114.500000,,40.802612,99.131592,105.659050,94.529999,87.238617,60.750000,241.112000,73.020264,,
2015-05-13,173.821976,36.905159,31.240229,116.550003,,40.988716,99.333939,105.659050,93.620003,86.539749,60.500000,236.376999,73.020264,,
2015-05-14,175.634521,37.224812,31.474497,117.180000,,41.289383,100.787170,106.780441,93.360001,86.772713,59.880001,236.929001,73.004288,,
2015-05-15,175.824860,37.293304,31.504719,117.529999,,41.568542,100.787170,106.659668,93.139999,88.512535,59.689999,237.604996,73.004288,,
2015-05-16,,,,,,,,,,,,236.153000,,,
2015-05-17,,,,,,,,,,,,236.802002,,,
2015-05-18,176.371109,37.300926,31.527388,117.519997,,42.091110,101.228638,107.867271,94.190002,87.027496,59.430000,233.128006,73.004288,,
2015-05-19,176.313202,37.171535,31.444271,115.889999,,42.327324,101.118279,107.720642,95.269997,86.255829,57.259998,231.947006,73.004288,,
2015-05-20,176.189026,37.201988,31.459377,116.080002,,42.355968,101.182663,107.919037,95.449997,86.401482,58.980000,234.018005,73.004288,,
2015-05-21,176.702240,37.316143,31.550062,115.690002,,42.406086,101.706917,107.798256,95.260002,87.609871,60.720001,235.343994,73.020264,,
2015-05-22,176.280090,37.247643,31.497152,115.599998,,42.513454,101.605759,107.332489,96.010002,87.646278,59.720001,240.348007,73.020264,,
2015-05-23,,,,,,,,,,,,238.871994,,,
2015-05-24,,,,,,,,,,,,240.953003,,,
2015-05-25,,,,,,,,,,,,237.110001,,,
2015-05-26,174.384735,36.867104,31.255342,113.910004,,42.556400,100.437675,106.305969,97.300003,89.145874,58.029999,237.115997,73.020264,,
2015-05-27,176.040085,37.133492,31.451822,113.889999,,43.136227,102.056458,107.608498,97.370003,89.349632,57.509998,237.283005,73.020264,,
2015-05-28,175.841415,37.042145,31.376234,114.019997,,43.100441,101.826515,107.513596,96.970001,89.131264,57.680000,237.408005,73.004288,,
2015-05-29,174.748947,36.745327,31.240229,114.099998,,42.792622,101.219475,106.866669,96.910004,89.327827,60.299999,237.095993,73.004288,,
2015-05-30,,,,,,,,,,,,233.345001,,,
2015-05-31,,,,,,,,,,,,230.190002,,,
2015-06-01,175.104828,36.798607,31.202448,114.000000,,43.322342,101.559792,107.203087,97.389999,88.367798,60.200001,222.925995,73.004288,,
2015-06-02,174.931000,36.813820,31.164648,114.459999,,42.756840,101.237831,107.410103,95.839996,87.134872,61.259998,225.802994,73.020264,,
2015-06-03,175.394501,36.874718,31.164648,113.639999,,43.100441,101.541367,108.479721,95.470001,85.734200,59.639999,225.873993,73.020264,,
2015-06-04,173.913025,36.577888,31.051306,112.839996,,42.907158,100.768776,107.392860,95.459999,86.850342,58.000000,224.324005,73.004288,,
2015-06-05,173.615097,36.402836,30.862391,112.239998,,43.043167,100.529625,108.169189,96.309998,85.792587,59.130001,224.951996,73.004288,,
2015-06-06,,,,,,,,,,,,225.619003,,,
2015-06-07,,,,,,,,,,,,222.880997,,,
2015-06-08,172.547440,36.311520,30.817038,112.570000,,42.363125,99.508720,107.668877,95.300003,85.697708,58.139999,228.488998,72.988342,,
2015-06-09,172.522598,36.182114,30.718800,112.820000,,41.904987,99.343155,107.341095,95.169998,85.019279,60.139999,229.048004,72.988342,,
2015-06-10,174.591705,36.638779,30.960627,113.779999,,41.790459,100.704369,108.678108,94.650002,84.275108,61.430000,228.802994,73.004288,,
2015-06-11,175.154495,36.745327,31.066429,113.260002,,42.305855,100.851578,108.954140,94.980003,86.047844,60.770000,229.705002,73.020264,,
2015-06-12,173.813751,36.562656,30.953062,113.230003,,42.055317,100.023766,108.626350,94.970001,86.047844,59.959999,229.981995,73.004288,,
2015-06-13,,,,,,,,,,,,232.401993,,,
2015-06-14,,,,,,,,,,,,233.542999,,,
2015-06-15,173.068817,36.372395,30.786816,113.730003,,42.112587,99.527100,108.281342,94.809998,86.186508,59.520000,236.822998,73.020264,,
2015-06-16,174.012314,36.486557,30.915281,113.320000,,41.969418,100.069763,109.049057,95.000000,86.864944,59.970001,250.895004,72.988342,,
2015-06-17,174.293747,36.517002,30.900173,113.849998,,41.661613,100.345680,108.885155,94.300003,86.193787,59.919998,249.283997,73.020264,,
2015-06-18,176.106262,36.745327,31.111755,115.320000,,41.439693,101.808098,110.342911,94.040001,85.770660,60.450001,249.007004,72.988342,,
2015-06-19,175.324478,36.615948,31.043745,115.120003,,41.475491,101.304771,110.291176,94.089996,86.872261,59.610001,244.606003,72.988342,,
2015-06-20,,,,,,,,,,,,245.212006,,,
2015-06-21,,,,,,,,,,,,243.944000,,,
2015-06-22,176.222702,36.988876,31.225109,113.639999,,42.219818,102.051498,111.050255,94.330002,85.099472,59.680000,246.990005,73.004288,,
2015-06-23,176.347443,37.049751,31.278019,112.889999,,42.846111,102.134430,111.283150,95.430000,84.588844,61.009998,244.296005,72.988342,,
2015-06-24,175.066650,36.813820,31.119307,112.589996,,42.421387,101.608994,110.342911,95.260002,85.318367,60.270000,240.514999,72.988342,,
2015-06-25,174.534424,36.768166,31.081532,112.440002,,42.299015,101.406158,110.282555,95.190002,85.019279,59.700001,242.798996,73.004288,,
2015-06-26,174.501175,36.714878,31.028625,112.559998,,42.543766,100.733192,109.980652,95.470001,84.063576,59.630001,243.593994,72.988342,,
2015-06-27,,,,,,,,,,,,250.990005,,,
2015-06-28,,,,,,,,,,,,249.011002,,,
2015-06-29,170.841797,35.938572,30.567659,113.070000,,41.010456,98.354782,107.203087,94.790001,86.288628,58.330002,257.063995,73.004288,,
2015-06-30,171.199448,36.098396,30.635674,112.370003,,41.176029,98.705063,107.703384,95.489998,85.690430,59.470001,263.071991,73.004288,,
2015-07-01,172.571732,36.227787,30.749025,111.980003,,41.665531,99.488655,108.022560,96.309998,84.533775,56.959999,258.621002,73.004288,,
2015-07-02,172.413635,36.280766,30.779495,111.760002,,41.615139,99.516304,107.224724,96.110001,84.811615,56.930000,255.412003,73.004288,,
2015-07-03,,,,,,,,,,,,256.335999,,,
2015-07-04,,,,,,,,,,,,260.885986,,,
2015-07-05,,,,,,,,,,,,271.912994,,,
2015-07-06,171.923004,35.912201,30.589037,112.059998,,41.219219,99.285843,107.190079,96.300003,86.383537,52.529999,269.029999,73.004288,,
2015-07-07,173.004135,35.988991,30.558563,110.760002,,41.190422,99.534767,107.311340,96.870003,87.195099,52.330002,266.207001,72.988342,,
2015-07-08,170.101608,35.390068,30.192873,111.089996,,38.786087,97.801651,105.674156,96.290001,87.948189,51.650002,270.785004,72.988342,,
2015-07-09,170.409348,35.612751,30.360470,111.360001,,39.441158,97.746315,106.055321,96.610001,86.215355,52.779999,269.227997,72.988342,,
2015-07-10,172.555069,36.165596,30.695694,111.489998,,40.549751,99.239777,107.527901,96.029999,84.848167,52.740002,284.894012,72.988342,,
2015-07-11,,,,,,,,,,,,293.114990,,,
2015-07-12,,,,,,,,,,,,310.867004,,,
2015-07-13,174.459610,36.418976,30.863316,110.989998,,41.118439,100.982109,108.740700,96.860001,84.584953,52.200001,292.053986,72.988342,,
2015-07-14,175.216400,36.480408,30.947121,110.739998,,41.435181,101.645874,109.347084,96.639999,84.862740,53.040001,287.463989,73.004288,,
2015-07-15,175.158173,36.418976,30.870926,110.160004,,41.514362,101.756470,108.766678,97.129997,85.762100,51.410000,285.829010,72.988342,,
2015-07-16,176.563675,36.726120,31.091881,109.760002,,41.651134,103.194611,109.416344,97.660004,86.354263,50.910000,278.088989,72.988342,,
2015-07-17,176.713409,36.687733,31.030918,108.650002,,41.766308,104.715675,108.939919,97.860001,86.800308,50.889999,279.471985,73.004288,,
2015-07-18,,,,,,,,,,,,274.901001,,,
2015-07-19,,,,,,,,,,,,273.614014,,,
2015-07-20,176.804901,36.726120,31.061399,105.699997,,41.874287,105.075249,108.350883,98.029999,86.434723,50.150002,278.980988,72.988342,,
2015-07-21,176.106277,36.641659,31.038544,105.370003,,41.507172,105.010704,107.839767,97.330002,86.902679,50.360001,275.833008,73.004288,,
2015-07-22,175.790207,36.480408,30.901411,104.800003,,41.442371,103.821457,108.238266,97.599998,87.443680,49.189999,277.221985,72.988342,,
2015-07-23,174.800568,36.365234,30.855698,104.330002,,41.204819,103.434288,107.042824,97.120003,88.533066,48.450001,276.049011,72.988342,,
2015-07-24,172.987534,36.058083,30.695694,105.349998,,40.772903,102.420242,105.318993,97.239998,88.752403,48.139999,288.278015,73.004288,,
2015-07-25,,,,,,,,,,,,288.696991,,,
2015-07-26,,,,,,,,,,,,292.686005,,,
2015-07-27,171.981216,35.835415,30.566177,104.860001,,40.463367,101.572105,104.444054,96.500000,89.227623,47.389999,293.623993,72.988342,,
2015-07-28,174.093597,36.150242,30.726179,105.019997,,40.664925,102.447876,105.336327,96.769997,88.576965,47.980000,294.427002,72.988342,,
2015-07-29,175.291245,36.342201,30.809967,105.169998,,40.859291,102.835098,105.630852,96.980003,88.247910,48.790001,289.589996,73.004288,,
2015-07-30,175.332840,36.273098,30.840452,104.269997,,41.075249,103.323669,105.934006,97.559998,88.927879,48.520000,287.721985,73.004288,,
2015-07-31,175.066650,36.411308,30.931875,104.930000,,41.355995,103.203804,106.514389,97.370003,89.585892,47.119999,284.649994,73.004288,,
2015-08-01,,,,,,,,,,,,281.601013,,,
2015-08-02,,,,,,,,,,,,282.614014,,,
2015-08-03,174.476181,36.211674,30.848074,104.099998,,41.226421,102.881180,105.985985,97.489998,90.528931,45.169998,281.226990,73.004288,,
2015-08-04,174.135254,36.219345,30.840452,104.309998,,41.068047,102.687546,105.734795,97.930000,89.810860,45.740002,285.217987,72.988342,,
2015-08-05,174.709076,36.342201,30.893782,103.930000,,41.492771,103.480400,105.977341,97.959999,89.136757,45.150002,281.881989,72.988342,,
2015-08-06,173.278625,36.104168,30.741409,104.389999,,41.363190,101.821022,104.548019,97.830002,89.928116,44.660000,278.576996,72.988342,,
2015-08-07,172.945938,36.042728,30.688082,104.650002,,41.449574,101.691956,103.846336,97.559998,91.107780,43.869999,279.584991,72.988342,,
2015-08-08,,,,,,,,,,,,260.997009,,,
2015-08-09,,,,,,,,,,,,265.083008,,,
2015-08-10,175.124954,36.480408,30.947121,105.720001,,41.946274,102.853485,105.041794,97.160004,89.979408,44.959999,264.470001,73.004288,,
2015-08-11,173.544724,36.096481,30.733791,106.260002,,41.478374,101.535225,104.140877,97.290001,91.408180,43.080002,270.385986,72.988342,,
2015-08-12,173.752670,35.973629,30.657604,107.750000,,40.830494,101.885521,103.941620,96.260002,90.909966,43.299999,266.376007,72.988342,,
2015-08-13,173.536438,36.012024,30.688082,106.860001,,41.176029,101.719612,103.595139,96.449997,90.616829,42.230000,264.079987,72.988342,,
2015-08-14,174.168503,36.096481,30.703314,106.849998,,41.147236,101.876343,104.262146,96.570000,90.829323,42.500000,265.679993,72.972374,,
2015-08-15,,,,,,,,,,,,261.550995,,,
2015-08-16,,,,,,,,,,,,258.506989,,,
2015-08-17,175.141541,36.134892,30.756651,107.129997,,41.291206,102.724457,105.362282,96.820000,91.239670,41.869999,257.976013,72.972374,,
2015-08-18,174.634247,35.973629,30.657604,107.110001,,41.068047,102.198959,104.522041,96.970001,90.521629,42.619999,211.078995,72.988342,,
2015-08-19,173.253693,35.773998,30.528103,108.550003,,40.376972,101.525993,103.439209,96.459999,91.415512,40.799999,226.684006,73.004288,,
2015-08-20,169.635880,35.067562,30.116676,110.440002,,38.987648,98.714302,100.823135,95.750000,92.338776,41.139999,235.350006,72.988342,,
2015-08-21,164.529404,34.368839,29.583372,111.129997,,37.439953,94.399902,99.645042,94.830002,92.617188,40.450001,232.569000,72.988342,,
2015-08-22,,,,,,,,,,,,230.389999,,,
2015-08-23,,,,,,,,,,,,228.169006,,,
2015-08-24,157.601639,33.378315,28.928167,110.529999,,34.855659,90.767738,95.755577,93.309998,92.587914,38.240002,210.494995,72.988342,,
2015-08-25,155.747009,33.132599,28.897686,109.160004,,35.028419,90.426651,95.019241,94.529999,91.100441,39.310001,221.608994,72.988342,,
2015-08-26,161.726715,33.938831,29.316715,107.669998,,36.936054,94.980698,97.436089,95.099998,89.341896,38.599998,225.830994,73.004288,,
2015-08-27,165.727020,34.606873,29.743366,107.730003,,37.900665,97.386810,99.177261,95.610001,89.393196,42.560001,224.768997,72.988342,,
2015-08-28,165.735336,34.606873,29.758598,108.699997,,38.382957,97.368370,100.156097,96.110001,89.656960,45.220001,231.395996,73.004288,,
2015-08-29,,,,,,,,,,,,229.779999,,,
2015-08-30,,,,,,,,,,,,228.761002,,,
2015-08-31,164.396408,34.422588,29.621460,108.820000,,37.619919,96.160721,99.792313,95.949997,88.968163,49.200001,230.056000,73.004288,,
2015-09-01,159.489548,33.562599,29.034817,109.199997,,35.489132,93.155396,96.933640,95.449997,89.609261,45.410000,228.121002,73.004288,,
2015-09-02,162.516785,33.877407,29.278627,108.620003,,36.374546,95.782738,98.674812,95.830002,88.838226,46.250000,229.283997,72.988342,,
2015-09-03,162.633240,34.038658,29.430992,107.839996,,36.540123,95.312584,98.518890,96.410004,89.271454,46.750000,227.182999,73.004288,,
2015-09-04,160.171524,33.585640,29.080534,107.489998,,35.078808,94.178658,97.773926,96.230003,90.086609,46.049999,230.298004,72.988342,,
2015-09-05,,,,,,,,,,,,235.018997,,,
2015-09-06,,,,,,,,,,,,239.839996,,,
2015-09-07,,,,,,,,,,,,239.847000,,,
2015-09-08,164.196732,34.176872,29.491938,107.519997,,36.324169,96.833664,100.008842,95.879997,88.757446,45.939999,243.606995,72.988342,,
2015-09-09,162.001160,33.923481,29.392904,106.129997,,36.496937,95.745842,98.856728,96.010002,89.183319,44.150002,238.167999,72.988342,,
2015-09-10,162.882721,34.046341,29.415754,106.379997,,36.540123,96.787552,99.307167,95.459999,88.581223,45.919998,238.477005,72.972374,,
2015-09-11,163.622955,34.192226,29.461472,106.160004,,36.424946,97.322266,99.774971,95.190002,89.139336,44.630001,240.106995,72.988342,,
2015-09-12,,,,,,,,,,,,235.229004,,,
2015-09-13,,,,,,,,,,,,230.511993,,,
2015-09-14,163.015762,34.077045,29.400532,106.220001,,36.216190,97.027252,99.315834,95.250000,89.278809,44.000000,230.643997,72.988342,,
2015-09-15,165.053391,34.322746,29.552889,105.900002,,36.720100,98.170387,100.433327,95.610001,87.567863,44.590000,230.304001,72.972374,,
2015-09-16,166.483826,34.645264,29.743366,107.309998,,37.339161,98.723511,101.299561,95.419998,87.237419,47.150002,229.091003,72.972374,,
2015-09-17,166.109619,34.714355,29.842400,108.410004,,36.993641,98.760384,101.646065,94.550003,88.302162,46.900002,229.809998,72.972374,,
2015-09-18,163.395157,34.107765,29.507181,109.209999,,35.856258,97.355713,100.242737,94.860001,89.660660,44.680000,232.975006,72.972374,,
2015-09-19,,,,,,,,,,,,231.492996,,,
2015-09-20,,,,,,,,,,,,231.212006,,,
2015-09-21,164.239487,34.184551,29.499569,108.529999,,36.213554,97.660690,100.060837,95.889999,88.199387,46.680000,227.085007,72.988342,,
2015-09-22,162.107712,33.746880,29.210049,107.790001,,35.507599,96.200554,98.544884,96.279999,89.425682,45.830002,230.617996,72.988342,,
2015-09-23,161.848511,33.639370,29.118635,108.220001,,35.536400,96.274498,98.250351,96.070000,89.418358,44.480000,230.283005,72.972374,,
2015-09-24,161.263306,33.478119,29.103386,110.489998,,35.154610,95.923347,98.085777,95.989998,90.027832,44.910000,234.529007,72.972374,,
2015-09-25,161.221542,33.616341,29.095774,109.809998,,36.206364,95.110130,96.794800,96.269997,89.249451,45.700001,235.143997,72.972374,,
2015-09-26,,,,,,,,,,,,234.339996,,,
2015-09-27,,,,,,,,,,,,232.757004,,,
2015-09-28,157.175323,33.040455,28.783398,108.419998,,34.916882,92.402466,94.084351,96.029999,90.776871,44.430000,239.141998,72.988342,,
2015-09-29,157.267258,32.963669,28.775797,107.980003,,34.376598,91.921928,93.415428,95.889999,91.033897,45.230000,236.686996,72.988342,,
2015-09-30,160.201599,33.501156,29.072920,106.860001,,35.053757,94.038170,94.866219,96.349998,90.718056,45.090000,236.059998,72.972374,,
2015-10-01,160.619629,33.539555,29.126249,106.730003,,35.219429,94.463242,94.701187,96.190002,91.105186,44.740002,237.548996,72.988342,,
2015-10-02,163.018967,34.041714,29.439684,108.989998,,35.795750,96.117401,96.108528,95.830002,91.657013,45.540001,237.292999,72.988342,,
2015-10-03,,,,,,,,,,,,238.729996,,,
2015-10-04,,,,,,,,,,,,238.259003,,,
2015-10-05,165.919830,34.542324,29.745462,108.769997,,36.847504,97.494347,98.402000,96.110001,90.413475,46.259998,240.382996,72.972374,,
2015-10-06,165.351288,34.526913,29.730179,109.860001,,36.487309,97.032280,97.724380,95.459999,90.803490,48.529999,246.063004,72.972374,,
2015-10-07,166.705627,34.827290,29.936581,109.699997,,37.142853,97.614464,99.453186,95.500000,90.501778,47.810001,242.968994,72.972374,,
2015-10-08,168.210480,35.019840,30.097124,109.139999,,37.308548,98.002647,100.347984,95.320000,89.743874,49.430000,242.304001,72.972374,,
2015-10-09,168.310776,35.019840,30.120071,110.870003,,37.632721,98.446182,100.547752,94.809998,89.979340,49.630001,243.931000,72.972374,,
2015-10-10,,,,,,,,,,,,244.940994,,,
2015-10-11,,,,,,,,,,,,247.050003,,,
2015-10-12,168.469604,35.042946,30.150631,111.309998,,37.654339,98.686447,100.400063,94.839996,90.663643,47.099998,245.307999,72.972374,,
2015-10-13,167.407928,34.827290,29.967157,111.860001,,37.150070,98.048820,99.027496,94.760002,90.818207,46.660000,249.507996,72.972374,,
2015-10-14,166.605316,34.742565,29.928928,113.809998,,36.314426,97.891724,98.054497,93.930000,91.612900,46.639999,251.988998,72.972374,,
2015-10-15,169.163513,35.243172,30.227089,113.290001,,37.337364,99.499687,100.400063,94.370003,91.164017,46.380001,254.320007,72.972374,,
2015-10-16,169.932602,35.235477,30.242374,112.489998,,37.632721,99.915535,100.269791,94.540001,91.193497,47.259998,262.868988,72.972374,,
2015-10-17,,,,,,,,,,,,270.640015,,,
2015-10-18,,,,,,,,,,,,261.643005,,,
2015-10-19,170.016220,35.243172,30.242374,112.019997,,37.322960,100.488495,100.460915,94.959999,90.943245,45.889999,263.437012,72.972374,,
2015-10-20,169.798813,35.189262,30.173574,112.730003,,37.265331,99.970970,100.321892,94.849998,90.384010,45.549999,269.463013,72.956390,,
2015-10-21,168.745468,35.058334,30.127697,111.730003,,37.820019,99.361069,98.792938,95.050003,91.281746,45.200001,266.272003,72.972374,,
2015-10-22,171.596207,35.397213,30.387621,111.690002,,38.641254,101.384865,99.661652,96.339996,91.436340,45.380001,274.023010,72.972374,,
2015-10-23,173.477249,35.720699,30.540516,111.500000,,39.231979,104.221916,100.643318,97.070000,90.656281,44.599998,276.496002,72.972374,,
2015-10-24,,,,,,,,,,,,281.653992,,,
2015-10-25,,,,,,,,,,,,283.679993,,,
2015-10-26,173.050842,35.635956,30.479355,111.430000,,39.080696,104.286591,99.957024,96.860001,91.259705,43.980000,285.299988,72.956390,,
2015-10-27,172.716476,35.458828,30.395260,111.680000,,38.547600,104.499161,98.862427,96.910004,91.487823,43.200001,293.787994,72.956390,,
2015-10-28,174.681076,35.689884,30.502302,110.779999,,39.116707,105.367821,101.746628,97.779999,91.119843,45.939999,304.618011,72.956390,,
2015-10-29,174.580719,35.512749,30.364685,109.720001,,38.742100,105.201469,100.660728,97.279999,89.670288,46.060001,313.855011,72.956390,,
2015-10-30,173.828339,35.466545,30.303522,109.300003,,38.389122,104.730179,100.200256,96.949997,90.347244,46.590000,328.015015,72.956390,,
2015-10-31,,,,,,,,,,,,314.165985,,,
2015-11-01,,,,,,,,,,,,325.431000,,,
2015-11-02,175.884842,35.728386,30.540516,108.589996,,38.778122,105.913055,102.285263,96.930000,89.932045,46.139999,361.188995,72.956390,,
2015-11-03,176.394852,35.797722,30.578739,106.980003,,38.799747,106.282700,102.815186,97.160004,89.194626,47.900002,403.416992,72.972374,,
2015-11-04,175.859818,35.666771,30.448782,105.970001,,38.864567,106.291946,102.763054,97.949997,89.297806,46.320000,411.562988,72.956390,,
2015-11-05,175.684265,35.651375,30.441135,105.639999,,39.224770,106.005470,102.841248,97.940002,89.061859,45.200001,386.354004,72.956390,,
2015-11-06,175.592239,35.512749,30.311165,104.099998,,39.556137,106.079384,103.570992,99.160004,87.756569,44.290001,374.470001,72.956390,,
2015-11-07,,,,,,,,,,,,386.481995,,,
2015-11-08,,,,,,,,,,,,373.368011,,,
2015-11-09,173.953766,35.243172,30.142994,104.400002,,39.368843,104.951950,102.354767,98.980003,87.262512,43.869999,380.256989,72.972374,,
2015-11-10,174.355026,35.212364,30.135351,104.180000,,39.837086,104.683983,102.658798,99.290001,87.520607,44.209999,336.819000,72.956390,,
2015-11-11,173.669495,35.266289,30.158283,103.830002,,39.837086,104.554596,101.764008,99.010002,87.336243,42.930000,311.084015,72.972374,,
2015-11-12,171.245163,34.912006,29.944229,103.849998,,39.282402,103.538078,99.818047,98.650002,87.756569,41.750000,338.152008,72.972374,,
2015-11-13,169.322357,34.665550,29.806629,103.559998,,39.174335,101.504997,99.096977,98.989998,88.258026,40.740002,336.752991,72.956390,,
2015-11-14,,,,,,,,,,,,332.906006,,,
2015-11-15,,,,,,,,,,,,320.165985,,,
2015-11-16,171.897156,35.035225,30.028324,103.709999,,39.757851,102.965111,99.948349,99.440002,88.176926,41.740002,330.751007,72.972374,,
2015-11-17,171.771744,35.050636,30.043619,102.339996,,39.981163,103.029808,99.566116,99.629997,88.324425,40.669998,335.093994,72.956390,,
2015-11-18,174.497131,35.428017,30.272951,102.430000,,40.161255,105.007423,101.251457,99.650002,88.508774,40.750000,334.589996,72.956390,,
2015-11-19,174.346664,35.497341,30.341763,103.559998,,39.995564,105.081352,100.825745,98.989998,89.098709,40.540001,326.148987,72.972374,,
2015-11-20,174.982010,35.528149,30.318813,103.089996,,40.139652,105.792938,101.477303,99.570000,88.825874,40.389999,322.022003,72.956390,,
2015-11-21,,,,,,,,,,,,326.927002,,,
2015-11-22,,,,,,,,,,,,324.536011,,,
2015-11-23,174.781387,35.435719,30.311165,102.260002,,39.973969,105.487953,101.981201,99.800003,89.098709,41.750000,323.045990,72.972374,,
2015-11-24,175.015442,35.428017,30.318813,102.940002,,40.038795,105.395531,102.728287,99.529999,89.091354,42.869999,320.045990,72.956390,,
2015-11-25,174.990341,35.489647,30.341763,102.459999,,39.909119,105.487953,103.527542,99.800003,89.297806,43.040001,328.205994,72.956390,,
2015-11-26,,,,,,,,,,,,352.683990,,,
2015-11-27,175.190979,35.466545,30.318813,101.250000,,39.736237,105.635811,103.918488,100.019997,89.209335,41.709999,358.041992,72.972374,,
2015-11-28,,,,,,,,,,,,357.381012,,,
2015-11-29,,,,,,,,,,,,371.294006,,,
2015-11-30,174.463699,35.404919,30.303522,101.919998,,39.628181,105.367821,103.466743,100.169998,89.563301,41.650002,377.321014,72.972374,,
2015-12-01,176.127304,35.697586,30.502302,102.279999,,40.161255,106.421310,104.153023,99.800003,90.773109,41.849998,362.488007,72.956390,,
2015-12-02,174.329865,35.428017,30.326454,100.690002,,39.887520,105.765198,103.032372,99.989998,90.802681,39.939999,359.187012,72.956390,,
2015-12-03,171.888840,35.081440,30.058907,101.760002,,39.296803,103.972420,101.294891,97.620003,88.334358,41.080002,361.045990,72.972374,,
2015-12-04,175.241104,35.497341,30.341763,104.019997,,39.757851,106.402832,102.319977,98.349998,89.110268,39.970001,363.183014,72.972374,,
2015-12-05,,,,,,,,,,,,388.949005,,,
2015-12-06,,,,,,,,,,,,388.782990,,,
2015-12-07,174.179474,35.304790,30.234720,102.669998,,39.757851,105.922287,100.782333,98.660004,89.974976,37.650002,395.536011,72.972374,,
2015-12-08,173.009033,34.950520,30.051256,102.839996,,39.044659,105.931541,100.226334,98.470001,90.019295,37.509998,415.562988,72.956390,,
2015-12-09,171.663101,34.842701,29.913643,102.639999,,38.151394,104.323563,99.105644,97.349998,89.923180,37.160000,417.562988,72.940437,,
2015-12-10,172.106171,34.873497,29.913643,102.550003,,38.425137,104.794868,99.435791,97.940002,90.041458,36.759998,415.479004,72.956390,,
2015-12-11,168.770584,34.326672,29.607864,103.110001,,37.733574,102.382896,97.220512,97.570000,91.460358,35.619999,451.937988,72.972374,,
2015-12-12,,,,,,,,,,,,434.997009,,,
2015-12-13,,,,,,,,,,,,433.755005,,,
2015-12-14,169.623276,34.349785,29.653734,101.790001,,38.007317,103.159195,96.525505,97.599998,90.277939,36.310001,444.182007,72.972374,,
2015-12-15,171.403931,34.588535,29.745462,101.519997,,38.057735,103.787605,97.915466,98.220001,89.745903,37.349998,465.321014,72.956390,,
2015-12-16,173.911896,35.081440,30.013037,102.750000,,39.167126,105.330894,99.409729,97.870003,89.553696,35.520000,454.933990,72.972374,,
2015-12-17,171.261826,34.727158,29.806629,100.500000,,38.900589,103.796822,98.349876,99.269997,90.566208,34.950001,456.078003,72.956390,,
2015-12-18,168.210815,34.380585,29.623159,102.040001,,37.863232,101.805756,96.846962,98.699997,91.068695,34.730000,463.615997,72.972374,,
2015-12-19,,,,,,,,,,,,462.321991,,,
2015-12-20,,,,,,,,,,,,442.684998,,,
2015-12-21,169.598434,34.488407,29.676657,103.150002,,38.022461,102.936615,97.576691,98.459999,91.046494,34.740002,438.639008,72.956390,,
2015-12-22,171.137344,34.750267,29.844858,102.610001,,38.204418,103.613304,98.471497,98.239998,90.388809,36.139999,436.571991,72.956390,,
2015-12-23,173.256607,35.119953,30.066536,102.309998,,38.545601,104.382637,99.713768,98.339996,89.708885,37.500000,442.401001,72.956390,,
2015-12-24,172.970657,35.058334,30.058907,103.050003,,38.037621,104.364120,99.902245,97.980003,90.222885,38.099998,454.984985,72.972374,,
2015-12-25,,,,,,,,,,,,455.653015,,,
2015-12-26,,,,,,,,,,,,417.273987,,,
2015-12-27,,,,,,,,,,,,422.822998,,,
2015-12-28,172.575409,35.009502,30.019705,102.269997,,38.105854,104.308495,99.439835,97.919998,90.489494,36.810001,422.278992,72.956390,,
2015-12-29,174.417099,35.249779,30.165766,102.199997,,38.651745,105.949181,100.513008,98.099998,88.986122,37.869999,432.983002,72.956390,,
2015-12-30,173.180923,35.071510,30.042767,101.419998,,38.378799,104.994423,99.500893,98.269997,88.897263,36.599998,426.619995,72.972374,,
2015-12-31,171.448563,34.753731,29.889013,101.459999,,37.969379,103.687416,98.261955,98.629997,89.297112,37.040001,430.566986,72.956390,,
2016-01-01,,,,,,,,,,,,434.334015,,,
2016-01-02,,,,,,,,,,,,433.437988,,,
2016-01-03,,,,,,,,,,,,430.010986,,,
2016-01-04,169.051773,34.350700,29.573822,102.889999,,37.142979,101.499840,95.984680,98.870003,89.941437,36.759998,433.091003,72.972374,,
2016-01-05,169.337677,34.397221,29.596886,103.180000,,37.317364,101.323746,96.194099,99.400002,89.578545,35.970001,431.959991,72.972374,,
2016-01-06,167.201660,33.947674,29.373957,104.669998,,36.490948,100.350464,94.728287,99.180000,90.785698,33.970001,429.105011,72.940437,,
2016-01-07,163.190201,33.343128,28.989582,106.150002,,35.528061,97.208153,92.197990,98.220001,90.948593,33.270000,458.048004,72.956390,,
2016-01-08,161.398956,33.040852,28.758957,105.680000,,34.845703,96.410957,90.610039,98.540001,91.355896,33.160000,453.230011,72.956390,,
2016-01-09,,,,,,,,,,,,447.610992,,,
2016-01-10,,,,,,,,,,,,447.990997,,,
2016-01-11,161.558762,33.056347,28.766638,104.739998,,35.141403,96.707588,90.217384,98.730003,90.356133,31.410000,448.428009,72.956390,,
2016-01-12,162.862198,33.226871,28.881954,104.209999,,34.967007,97.829201,90.487885,98.970001,91.659569,30.440001,435.690002,72.972374,,
2016-01-13,158.800369,32.692081,28.574436,104.720001,,34.731972,94.455116,87.582390,98.930000,92.563065,30.480000,432.371002,72.956390,,
2016-01-14,161.407333,33.040852,28.766638,103.019997,,35.171722,96.466591,88.795219,99.089996,91.696602,31.200001,430.306000,72.940437,,
2016-01-15,157.942581,32.335548,28.282326,104.080002,,33.791843,93.472580,87.355568,98.959999,93.125862,29.420000,364.330994,72.940437,,
2016-01-16,,,,,,,,,,,,387.536011,,,
2016-01-17,,,,,,,,,,,,382.299011,,,
2016-01-18,,,,,,,,,99.120003,,,387.167999,,,
2016-01-19,158.152786,32.444061,28.374577,103.980003,,34.352882,93.676514,86.177689,98.989998,92.837051,28.459999,380.148987,72.956390,,
2016-01-20,156.126083,32.041019,28.105516,105.370003,,33.041248,93.389137,86.535431,99.089996,93.814583,26.549999,420.230011,72.956390,,
2016-01-21,157.000671,32.157288,28.151638,105.489998,,33.056416,93.481812,86.334740,99.059998,93.177689,29.530001,410.261993,72.972374,,
2016-01-22,160.221603,32.769581,28.559082,105.000000,,34.959431,96.188515,88.446213,99.570000,92.822220,32.189999,382.492004,72.940437,,
2016-01-23,,,,,,,,,,,,387.490997,,,
2016-01-24,,,,,,,,,,,,402.971008,,,
2016-01-25,157.799591,32.405304,28.343821,106.080002,,34.170937,94.761024,86.483078,99.360001,93.325813,30.340000,391.726013,72.956390,,
2016-01-26,159.952469,32.792839,28.582134,107.290001,,34.587914,95.613823,88.210609,99.360001,93.370239,31.450001,392.153015,72.940437,,
2016-01-27,158.211655,32.544827,28.451448,107.690002,,34.580341,93.231583,86.997833,98.900002,93.348030,32.299999,394.971985,72.956390,,
2016-01-28,159.035767,32.738594,28.566769,106.540001,,34.694065,94.547806,86.980408,98.510002,93.481346,33.220001,380.289001,72.956390,,
2016-01-29,162.912720,33.312134,28.951136,106.949997,,36.058788,96.522171,89.833504,99.610001,94.273788,33.619999,379.473999,72.972374,,
2016-01-30,,,,,,,,,,,,378.255005,,,
2016-01-31,,,,,,,,,,,,368.766998,,,
2016-02-01,162.853806,33.273376,28.951136,108.050003,,35.884415,96.781769,89.423416,99.000000,93.985054,31.620001,373.056000,72.940437,,
2016-02-02,159.918884,32.730820,28.597500,108.089996,,35.042824,94.686859,87.495193,98.870003,95.728729,29.879999,374.447998,72.940437,,
2016-02-03,160.877548,32.924610,28.728205,109.250000,,33.761513,94.232666,87.608597,97.290001,94.934845,32.279999,369.949005,72.956390,,
2016-02-04,161.129852,32.971104,28.789700,110.570000,,33.473400,94.223389,87.948891,96.470001,95.394905,31.719999,389.593994,72.972374,,
2016-02-05,158.060226,32.560314,28.489893,112.320000,,33.109497,90.951317,85.540764,97.029999,95.506165,30.889999,386.549011,72.972374,,
2016-02-06,,,,,,,,,,,,376.522003,,,
2016-02-07,,,,,,,,,,,,376.619995,,,
2016-02-08,155.932678,32.188290,28.274635,113.830002,,32.510540,89.560905,84.136024,96.570000,97.561378,29.690001,373.446991,72.956390,,
2016-02-09,155.941040,32.025524,28.190077,113.580002,,31.653790,89.282814,83.568893,96.070000,97.665283,27.940001,376.028992,72.972374,,
2016-02-10,155.806534,32.048786,28.182388,114.459999,,30.592342,89.625778,83.612534,95.889999,98.525986,27.450001,381.648987,72.956390,,
2016-02-11,153.779739,31.707756,27.990202,119.059998,,29.629457,89.495995,82.705101,95.559998,99.216026,26.209999,379.653992,72.972374,,
2016-02-12,156.950241,32.118538,28.228506,118.360001,,30.182932,90.858604,84.275627,95.980003,97.568794,29.440001,384.263000,72.956390,,
2016-02-13,,,,,,,,,,,,391.859985,,,
2016-02-14,,,,,,,,,,,,407.230011,,,
2016-02-15,,,,,,,,,,,,400.184998,,,
2016-02-16,159.599289,32.614582,28.528328,114.769997,,31.524900,92.907135,86.273659,96.870003,96.537476,29.040001,407.488007,72.956390,,
2016-02-17,162.206284,33.048618,28.820459,115.480003,,31.835749,95.011292,87.626076,96.790001,95.943932,30.660000,416.321991,72.956390,,
2016-02-18,161.541931,32.955601,28.758957,118.290001,,31.797846,93.926781,87.207245,96.949997,97.123611,30.770000,422.372986,72.972374,,
2016-02-19,161.466187,32.940102,28.743570,117.580002,,31.305040,94.204842,87.643471,96.599998,97.205238,29.639999,420.785004,72.972374,,
2016-02-20,,,,,,,,,,,,437.164001,,,
2016-02-21,,,,,,,,,,,,438.798004,,,
2016-02-22,163.804138,33.312134,29.004951,115.489998,,31.949480,95.734253,88.620720,97.379997,97.153320,31.480000,437.747986,72.972374,,
2016-02-23,161.735306,32.932350,28.766638,117.220001,,31.251949,94.158516,87.809280,97.480003,97.546539,31.870001,420.735992,72.956390,,
2016-02-24,162.475327,32.963360,28.805080,117.610001,,31.456663,95.057625,88.655624,97.459999,97.353638,32.150002,424.954987,72.972374,,
2016-02-25,164.443207,33.281116,29.004951,117.919998,,32.161758,95.993828,89.467026,97.290001,97.702362,33.070000,424.544006,72.956390,,
2016-02-26,164.064789,33.211372,28.951136,117.110001,,32.457455,95.873337,90.034180,98.150002,96.760063,32.779999,432.152008,72.956390,,
2016-02-27,,,,,,,,,,,,432.519012,,,
2016-02-28,,,,,,,,,,,,433.503998,,,
2016-02-29,162.778137,33.079620,28.889641,118.639999,,31.555223,95.011292,89.632843,98.209999,97.182983,33.750000,437.696991,72.972374,,
2016-03-01,166.604553,33.730652,29.281700,117.769997,,32.593929,98.060921,91.561066,98.349998,95.471764,34.400002,435.122986,72.972374,,
2016-03-02,167.352997,33.908928,29.397013,118.680000,,32.965427,98.098000,92.503380,98.209999,95.865707,34.660000,423.989014,72.956390,,
2016-03-03,168.009033,34.087189,29.558458,120.730003,,33.397583,97.912590,93.471863,97.570000,96.215118,34.570000,421.651001,72.972374,,
2016-03-04,168.555618,34.280949,29.666077,120.540001,,33.935890,97.949699,93.986649,97.339996,95.598091,35.919998,410.938995,72.972374,,
2016-03-05,,,,,,,,,,,,400.570007,,,
2016-03-06,,,,,,,,,,,,407.707001,,,
2016-03-07,168.690140,34.288708,29.666077,121.139999,,33.526482,97.347176,95.007477,97.070000,95.568375,37.900002,414.321014,72.972374,,
2016-03-08,166.848389,33.939926,29.481581,120.580002,,32.980595,96.540733,92.712769,97.209999,96.623962,36.500000,413.971985,72.956390,,
2016-03-09,167.672562,34.087189,29.535387,119.580002,,33.117065,97.161797,93.183914,97.169998,96.036697,38.290001,414.859985,72.972374,,
2016-03-10,167.807068,34.048435,29.527699,121.500000,,33.048828,97.013489,92.424850,96.070000,95.642715,37.840000,417.131012,72.972374,,
2016-03-11,170.515030,34.668472,29.912077,119.410004,,34.072361,98.709763,94.405449,96.169998,94.676338,38.500000,421.690002,72.956390,,
2016-03-12,,,,,,,,,,,,411.623993,,,
2016-03-13,,,,,,,,,,,,414.065002,,,
2016-03-14,170.296402,34.598717,29.889013,117.870003,,34.072361,98.876610,94.161140,96.620003,94.973671,37.180000,416.437988,72.956390,,
2016-03-15,170.018890,34.404953,29.750635,117.959999,,33.427917,98.839554,92.695312,96.629997,95.062874,36.340000,416.829987,72.956390,,
2016-03-16,171.002808,34.645229,29.927460,120.589996,,33.283859,99.720139,93.349724,95.889999,95.345352,38.459999,417.010986,72.972374,,
2016-03-17,172.087662,34.963005,30.150385,120.129997,,33.063988,99.664528,94.780632,94.760002,95.739372,40.200001,420.621002,72.956390,,
2016-03-18,172.763840,35.017265,30.204208,119.800003,,33.079163,99.820702,95.635681,94.989998,95.940079,39.439999,409.548004,72.956390,,
2016-03-19,,,,,,,,,,,,410.444000,,,
2016-03-20,,,,,,,,,,,,413.755005,,,
2016-03-21,173.009018,35.032768,30.204208,118.959999,,33.223209,100.211182,95.408821,95.290001,95.204147,39.910000,413.307007,72.972374,,
2016-03-22,172.916046,34.978504,30.181139,119.309998,,33.518913,100.517982,95.295425,95.650002,95.181778,41.450001,418.088989,72.972374,,
2016-03-23,171.774902,34.699490,30.027391,116.610001,,33.086742,99.690575,93.533768,96.050003,96.259720,39.790001,418.040985,72.956390,,
2016-03-24,171.698822,34.621983,29.950514,116.330002,,32.912357,99.718445,93.813789,96.139999,96.296890,39.459999,416.394012,72.972374,,
2016-03-25,,,,,,,,,,,,417.177002,,,
2016-03-26,,,,,,,,,,,,417.945007,,,
2016-03-27,,,,,,,,,,,,426.765015,,,
2016-03-28,171.800247,34.683975,30.004328,116.599998,,33.602306,99.578995,93.927567,95.940002,96.423241,39.389999,424.230988,72.972374,,
2016-03-29,173.389420,35.032768,30.258009,118.760002,,33.716019,101.178070,96.535446,95.160004,97.434250,38.279999,416.515991,72.972374,,
2016-03-30,174.150208,35.218769,30.365641,117.099998,,33.579548,101.670799,96.544205,94.839996,96.408371,38.320000,414.816010,72.972374,,
2016-03-31,173.727585,35.118019,30.327204,117.639999,,33.139809,101.522026,96.815483,94.589996,97.092316,38.340000,416.729004,72.972374,,
2016-04-01,174.910934,35.071510,30.265692,116.930000,,32.063213,102.600494,97.244316,94.620003,97.345627,36.790001,417.959991,72.972374,,
2016-04-02,,,,,,,,,,,,420.872986,,,
2016-04-03,,,,,,,,,,,,420.903992,,,
2016-04-04,174.344620,34.854504,30.127325,116.150002,,31.820581,102.210045,96.430458,94.510002,97.405167,35.700001,421.444000,72.972374,,
2016-04-05,172.603363,34.412708,29.858261,117.660004,,30.774313,101.224556,95.336517,94.629997,98.470406,35.889999,424.029999,72.988342,,
2016-04-06,174.488251,34.784737,30.096582,116.940002,,31.077579,102.888695,96.412941,94.430000,97.755264,37.750000,423.412994,72.988342,,
2016-04-07,172.400391,34.466969,29.873646,118.610001,,30.455877,101.410492,95.108994,94.480003,98.962051,37.259998,422.744995,72.972374,,
2016-04-08,172.865387,34.738228,30.027391,118.430000,,31.350531,101.336105,95.485306,94.239998,98.336365,39.720001,420.348999,72.988342,,
2016-04-09,,,,,,,,,,,,419.411011,,,
2016-04-10,,,,,,,,,,,,421.563995,,,
2016-04-11,172.459595,34.746002,30.004328,120.029999,,31.077579,100.964195,95.187744,93.949997,98.209679,40.360001,422.483002,72.972374,,
2016-04-12,174.065735,35.071510,30.258009,120.050003,,32.085945,101.810257,96.211662,93.959999,97.531815,42.169998,425.190002,72.972374,,
2016-04-13,175.823914,35.420284,30.504023,118.769997,,33.291447,103.111847,98.285706,94.739998,97.874443,41.759998,423.734009,72.988342,,
2016-04-14,175.832321,35.420284,30.488653,117.110001,,33.503738,103.121124,98.163208,94.900002,97.405167,41.500000,424.282013,72.988342,,
2016-04-15,175.637939,35.428040,30.496328,117.919998,,33.026081,102.860809,98.408218,94.699997,98.239464,40.360001,429.713013,72.972374,,
2016-04-16,,,,,,,,,,,,430.571991,,,
2016-04-17,,,,,,,,,,,,427.398987,,,
2016-04-18,176.872101,35.637310,30.634705,117.739998,,33.215630,103.409325,99.152100,94.489998,97.814873,39.779999,428.591003,72.988342,,
2016-04-19,177.429993,35.885323,30.819202,119.580002,,33.920731,102.777100,99.230843,93.980003,97.509422,41.080002,435.509003,72.988342,,
2016-04-20,177.599060,35.869831,30.819202,118.970001,,34.193680,102.860809,99.379631,94.489998,96.436798,42.630001,441.389008,72.988342,,
2016-04-21,176.643860,35.714821,30.673159,119.419998,,34.102695,102.870110,98.880821,94.599998,95.863190,43.180000,449.424988,72.972374,,
2016-04-22,176.643860,35.714821,30.703892,117.889999,,35.088314,101.317528,99.860970,95.120003,95.617348,43.730000,445.737000,72.988342,,
2016-04-23,,,,,,,,,,,,450.282013,,,
2016-04-24,,,,,,,,,,,,458.554993,,,
2016-04-25,176.339584,35.590809,30.588577,118.230003,,34.656162,101.317528,99.152100,94.839996,95.222542,42.639999,461.425995,72.972374,,
2016-04-26,176.601578,35.714821,30.650074,118.699997,,34.595501,100.824783,100.123474,94.570000,94.790543,44.040001,466.088989,72.988342,,
2016-04-27,176.965057,35.784561,30.719248,119.040001,,34.534847,100.015945,100.473549,94.389999,95.736534,45.330002,444.687012,72.988342,,
2016-04-28,175.358978,35.420284,30.542458,121.290001,,31.903986,98.807365,99.327118,93.760002,96.131378,46.029999,449.010986,72.988342,,
2016-04-29,174.412231,35.335022,30.457891,123.650002,,31.160976,98.286743,98.434502,93.080002,96.377190,45.919998,455.096985,73.004288,,
2016-04-30,,,,,,,,,,,,448.317993,,,
2016-05-01,,,,,,,,,,,,451.875000,,,
2016-05-02,175.798553,35.528805,30.588577,123.239998,,31.684118,99.216438,99.309639,92.629997,95.406837,44.779999,444.669006,72.988342,,
2016-05-03,174.268585,35.180023,30.365641,122.959999,,31.305040,98.296013,97.681862,92.940002,96.608551,43.650002,450.303986,73.004288,,
2016-05-04,173.296432,34.916496,30.181139,122.209999,,31.251949,97.663818,96.876747,93.180000,97.138550,43.779999,446.721985,72.988342,,
2016-05-05,173.262619,34.932011,30.173462,122.070000,,31.547649,97.635933,96.491699,93.779999,97.787888,44.320000,447.976013,72.988342,,
2016-05-06,173.896591,35.017265,30.234947,123.180000,,31.631046,98.156548,97.060547,93.889999,97.369934,44.660000,459.602997,73.004288,,
2016-05-07,,,,,,,,,,,,458.536011,,,
2016-05-08,,,,,,,,,,,,458.548004,,,
2016-05-09,174.040314,34.978504,30.227266,120.650002,,31.964649,98.435455,97.340553,94.150002,97.675926,43.439999,460.483002,73.004288,,
2016-05-10,176.204330,35.389290,30.465586,120.980003,,32.965427,99.783524,98.320717,94.290001,97.683380,44.660000,450.894989,73.004288,,
2016-05-11,174.555939,35.118019,30.373337,122.120003,,32.176922,98.881737,97.104279,93.820000,98.235733,46.230000,452.727997,72.972374,,
2016-05-12,174.606659,35.079269,30.357948,121.160004,,32.465034,98.444778,96.587975,94.139999,97.787888,46.700001,454.765991,72.972374,,
2016-05-13,173.085083,34.854504,30.173462,121.709999,,31.972223,98.082191,95.949135,94.610001,98.735863,46.209999,455.670013,72.972374,,
2016-05-14,,,,,,,,,,,,455.670990,,,
2016-05-15,,,,,,,,,,,,457.567993,,,
2016-05-16,174.792694,35.149025,30.342583,121.800003,,32.434711,99.309380,97.165558,94.570000,97.884964,47.720001,454.162994,72.972374,,
2016-05-17,173.161179,34.908752,30.204208,122.220001,,32.343731,98.063606,95.625313,94.550003,98.049179,48.310001,453.782990,72.972374,,
2016-05-18,173.211914,34.877739,30.081200,120.099998,,32.715229,98.416870,96.124138,95.080002,96.653381,48.189999,454.618988,72.988342,,
2016-05-19,172.611725,34.738228,30.065828,119.870003,,32.427128,97.905548,95.354065,95.290001,97.071358,48.160000,438.714996,72.972374,,
2016-05-20,173.702194,34.924255,30.196510,119.709999,,32.571178,98.984001,96.955498,95.309998,97.145981,47.750000,442.675995,72.988342,,
2016-05-21,,,,,,,,,,,,443.187988,,,
2016-05-22,,,,,,,,,,,,439.322998,,,
2016-05-23,173.465500,34.870003,30.173462,119.370003,,32.290661,98.853806,96.841766,95.230003,97.362427,48.080002,444.154999,73.004288,,
2016-05-24,175.714050,35.273026,30.404076,117.300003,,32.669750,100.834068,98.837059,95.570000,96.929573,48.619999,445.980988,72.972374,,
2016-05-25,176.905930,35.505543,30.565517,116.980003,,32.965427,101.559212,99.414619,95.349998,96.563766,49.560001,449.598999,72.988342,,
2016-05-26,176.956635,35.575310,30.573206,116.580002,,32.828964,101.856720,99.300873,95.169998,97.063873,49.480000,453.384003,72.988342,,
2016-05-27,177.717468,35.559799,30.619333,115.620003,,32.942692,102.386650,100.289764,95.519997,96.922073,49.330002,473.463989,73.004288,,
2016-05-28,,,,,,,,,,,,530.039978,,,
2016-05-29,,,,,,,,,,,,526.232971,,,
2016-05-30,,,,,,,,,,,,533.864014,,,
2016-05-31,177.379242,35.567551,30.627012,116.059998,,33.276283,102.581894,100.639839,95.889999,97.153435,49.099998,531.385986,73.004288,,
2016-06-01,177.742783,35.559799,30.611643,115.940002,,32.882027,102.591202,101.322411,95.459999,97.547661,49.009998,536.919983,73.004288,,
2016-06-02,178.283783,35.645042,30.696198,115.669998,,32.411961,102.805031,102.101257,95.559998,98.250725,49.169998,537.971985,72.988342,,
2016-06-03,177.751221,35.722561,30.780764,118.879997,,31.805424,102.321594,101.488686,94.029999,99.649323,48.619999,569.193970,73.004288,,
2016-06-04,,,,,,,,,,,,572.726990,,,
2016-06-05,,,,,,,,,,,,574.976990,,,
2016-06-06,178.655685,35.885323,30.857643,118.919998,,32.366470,102.693481,102.582611,93.900002,98.908905,49.689999,585.536987,73.020264,,
2016-06-07,178.934631,36.024849,30.980640,118.820000,,32.502945,102.433128,102.880150,93.830002,99.148239,50.360001,576.596985,73.020264,,
2016-06-08,179.517868,36.125610,31.034462,120.580002,,32.601517,102.609795,103.641495,93.589996,99.679321,51.230000,581.645020,73.020264,,
2016-06-09,179.272751,35.993835,30.972958,121.250000,,32.222431,102.442436,102.976402,94.099998,100.322472,50.560001,574.630005,72.988342,,
2016-06-10,177.573776,35.474556,30.642395,121.739998,,31.600729,101.280312,101.576164,94.599998,100.808716,49.070000,577.469971,72.988342,,
2016-06-11,,,,,,,,,,,,606.726990,,,
2016-06-12,,,,,,,,,,,,672.783997,,,
2016-06-13,176.204330,35.094765,30.434824,122.639999,,30.819794,100.434296,100.473549,94.370003,101.257469,48.880001,704.375977,72.988342,,
2016-06-14,175.857742,34.986259,30.288776,122.769997,,30.546848,100.434296,100.184761,94.930000,101.182617,48.490002,685.559021,72.988342,,
2016-06-15,175.612595,35.056007,30.327204,123.680000,,30.865288,100.146103,100.254761,94.610001,101.571609,48.009998,694.468994,72.988342,,
2016-06-16,176.136642,35.079269,30.419447,122.379997,,30.114700,100.443619,100.246010,94.570000,102.065239,46.209999,766.307983,73.004288,,
2016-06-17,175.480698,35.094765,30.419447,123.949997,,30.122282,99.266266,99.817192,94.209999,101.429497,47.980000,748.908997,72.988342,,
2016-06-18,,,,,,,,,,,,756.226990,,,
2016-06-19,,,,,,,,,,,,763.781006,,,
2016-06-20,176.610794,35.528805,30.665443,123.209999,,30.747028,99.890846,100.902359,93.610001,100.344986,49.369999,737.226013,73.004288,,
2016-06-21,177.112137,35.614063,30.726944,120.839996,,31.291298,100.207787,100.709824,94.019997,99.881233,48.849998,666.651978,73.004288,,
2016-06-22,176.823227,35.637310,30.665443,120.900002,,30.877335,99.965393,100.316017,93.720001,100.045784,49.130001,596.116028,73.004288,,
2016-06-23,179.125961,36.156605,31.049828,120.110001,,32.080860,101.391624,102.232559,93.529999,98.901398,50.110001,623.976990,73.004288,,
2016-06-24,172.693726,34.575466,30.073519,126.000000,,29.589508,97.215523,98.346977,95.449997,101.556648,47.639999,665.299011,72.988342,,
2016-06-25,,,,,,,,,,,,665.122986,,,
2016-06-26,,,,,,,,,,,,629.367004,,,
2016-06-27,169.600769,34.118198,29.789078,126.680000,,28.930275,95.285919,95.117760,96.540001,104.092270,46.330002,655.275024,72.988342,,
2016-06-28,172.659714,34.707230,30.173462,125.320000,,29.428535,97.373970,96.587975,96.250000,104.309052,47.849998,647.000977,72.988342,,
2016-06-29,175.599655,35.110275,30.511707,125.839996,,29.827145,99.098511,98.784546,95.769997,103.508789,49.880001,639.890015,72.988342,,
2016-06-30,177.995834,35.552048,30.773077,126.470001,,29.727509,100.245071,100.622322,96.139999,103.890190,48.330002,673.336975,72.988342,,
2016-07-01,178.369720,35.660561,30.880711,128.410004,,29.413202,100.748421,100.981140,95.650002,105.332657,48.990002,676.296021,73.020264,,
2016-07-02,,,,,,,,,,,,703.702026,,,
2016-07-03,,,,,,,,,,,,658.664001,,,
2016-07-04,,,,,,,,,,,,683.661987,,,
2016-07-05,177.086655,35.373787,30.665443,129.470001,,29.075911,100.133179,99.493401,96.169998,106.651512,46.599998,670.627014,73.020264,,
2016-07-06,178.148804,35.399586,30.728998,130.229996,,28.845943,100.953491,100.215820,96.059998,106.823853,47.430000,677.330994,73.004288,,
2016-07-07,178.038284,35.344860,30.659250,129.740005,,28.784624,101.251808,100.426987,96.330002,106.816353,45.139999,640.562012,73.020264,,
2016-07-08,180.689377,35.743656,30.976936,130.520004,,28.968594,102.817833,102.767632,96.300003,107.603180,45.410000,666.523010,73.004288,,
2016-07-09,,,,,,,,,,,,650.960022,,,
2016-07-10,,,,,,,,,,,,649.359985,,,
2016-07-11,181.326660,36.064255,31.162884,129.289993,,30.402081,103.405090,103.955544,96.570000,106.658989,44.759998,647.658997,73.020264,,
2016-07-12,182.643723,36.337959,31.333330,127.150002,,31.429274,103.927094,105.345840,96.440002,104.905533,46.799999,664.551025,72.988342,,
2016-07-13,182.618256,36.314491,31.333330,128.320007,,31.352612,103.675407,104.932274,96.220001,106.141891,44.750000,654.468018,73.004288,,
2016-07-14,183.637878,36.478710,31.379827,127.330002,,31.590254,104.383865,105.037857,96.080002,104.598328,45.680000,658.078003,73.020264,,
2016-07-15,183.391388,36.400509,31.333330,126.839996,,31.712902,104.216080,105.328247,96.580002,103.699188,45.950001,663.255005,73.004288,,
2016-07-16,,,,,,,,,,,,660.767029,,,
2016-07-17,,,,,,,,,,,,679.458984,,,
2016-07-18,183.884262,36.400509,31.356586,127.040001,,31.942873,104.905876,105.504219,96.559998,103.601730,45.240002,673.106018,73.004288,,
2016-07-19,183.697357,36.306683,31.286850,127.209999,,31.682245,104.523705,104.976280,97.050003,104.186211,44.650002,672.864014,73.020264,,
2016-07-20,184.462082,36.533447,31.379827,125.389999,,32.096180,105.744843,105.662621,97.199997,103.616707,44.939999,665.684998,73.020264,,
2016-07-21,183.765320,36.416142,31.341082,127.300003,,31.597916,105.502457,105.161049,97.000000,103.826553,44.750000,665.012024,73.020264,,
2016-07-22,184.589569,36.525620,31.387573,126.349998,,31.751240,105.940582,105.944221,97.470001,104.006325,44.189999,650.619019,73.020264,,
2016-07-23,,,,,,,,,,,,655.556030,,,
2016-07-24,,,,,,,,,,,,661.284973,,,
2016-07-25,184.088226,36.439598,31.356586,125.470001,,31.636250,105.949921,105.785797,97.290001,103.931435,43.130001,654.096985,73.004288,,
2016-07-26,184.173141,36.509983,31.410814,126.000000,,31.137974,106.071068,106.296211,97.160004,104.096359,42.919998,651.783997,73.004288,,
2016-07-27,183.977783,36.595997,31.472809,128.029999,,31.536594,106.807503,106.595345,97.050003,105.392624,41.919998,654.351990,73.020264,,
2016-07-28,184.190216,36.611637,31.527044,127.660004,,31.659256,107.180359,106.322594,96.739998,105.197762,41.139999,655.034973,73.004288,,
2016-07-29,184.487595,36.814949,31.658762,128.979996,,31.222303,107.413422,106.533752,95.529999,106.074554,41.599998,656.992004,73.020264,,
2016-07-30,,,,,,,,,,,,655.046997,,,
2016-07-31,,,,,,,,,,,,624.681030,,,
2016-08-01,184.334641,36.705467,31.558031,129.220001,,31.429274,107.982010,106.621758,95.709999,104.924454,40.060001,606.271973,73.004288,,
2016-08-02,183.153549,36.423969,31.379827,130.270004,,30.471069,107.161705,105.134666,95.059998,103.843575,39.509998,547.465027,73.020264,,
2016-08-03,183.688812,36.509983,31.379827,129.649994,,30.425079,107.515945,105.988190,95.559998,103.903503,40.830002,566.354980,73.004288,,
2016-08-04,183.884262,36.564728,31.488293,129.869995,,31.084316,107.823578,106.084991,95.760002,104.684265,41.930000,578.289001,73.004288,,
2016-08-05,185.388245,36.814949,31.604528,127.550003,,31.413944,108.858269,107.616074,96.190002,103.595695,41.799999,575.043030,73.004288,,
2016-08-06,,,,,,,,,,,,587.778015,,,
2016-08-07,,,,,,,,,,,,592.690002,,,
2016-08-08,185.277817,36.846222,31.627773,127.440002,,31.919880,108.737083,107.563286,96.400002,103.790886,43.020000,591.054016,73.004288,,
2016-08-09,185.388245,36.979168,31.736237,127.959999,,31.996540,108.988785,107.677689,96.180000,104.811852,42.770000,587.801025,73.004288,,
2016-08-10,184.929428,36.963524,31.743992,128.559998,,31.896881,108.709114,106.903320,95.650002,105.217262,41.709999,592.103027,73.004288,,
2016-08-11,185.787598,37.190289,31.836967,127.669998,,32.280170,109.175201,107.413704,95.860001,104.278862,43.490002,589.119995,73.004288,,
2016-08-12,185.626205,37.166836,31.805979,127.400002,,31.919880,109.249748,107.519287,95.720001,105.157166,44.490002,587.559021,73.004288,,
2016-08-13,,,,,,,,,,,,585.588013,,,
2016-08-14,,,,,,,,,,,,570.473022,,,
2016-08-15,186.161499,37.252842,31.883457,127.839996,,32.065525,109.715866,108.584000,95.629997,104.166245,45.740002,567.239990,73.004288,,
2016-08-16,185.201340,37.112099,31.805979,128.470001,,31.475273,109.109917,107.704041,94.790001,103.888535,46.580002,577.439026,73.004288,,
2016-08-17,185.549744,37.080818,31.821457,128.500000,,31.873878,109.305679,107.387291,94.720001,104.511559,46.790001,573.216003,73.004288,,
2016-08-18,185.966049,37.237206,31.914446,129.110001,,31.728243,109.333679,108.179222,94.160004,104.676758,48.220001,574.317993,73.020264,,
2016-08-19,185.694153,37.143375,31.836967,127.970001,,31.858559,109.305679,108.179222,94.510002,104.128769,48.520000,575.630005,73.004288,,
2016-08-20,,,,,,,,,,,,581.697021,,,
2016-08-21,,,,,,,,,,,,581.307983,,,
2016-08-22,185.685623,37.127747,31.782724,127.779999,,32.057861,109.389587,108.425621,94.519997,105.007088,47.049999,586.752991,73.004288,,
2016-08-23,186.059570,37.205944,31.836967,127.760002,,31.904539,109.585358,109.182388,94.540001,105.119621,48.099998,583.414978,73.004288,,
2016-08-24,185.107849,37.026081,31.813713,126.339996,,31.988878,108.876915,108.293617,94.790001,104.871933,46.770000,580.182007,73.020264,,
2016-08-25,184.980377,37.002632,31.759487,126.230003,,31.912214,108.699791,108.504799,94.769997,104.474098,47.330002,577.760986,73.004288,,
2016-08-26,184.631943,36.893147,31.682005,126.050003,,32.119186,108.858269,108.284821,95.570000,103.866013,47.639999,579.651001,73.004288,,
2016-08-27,,,,,,,,,,,,569.947021,,,
2016-08-28,,,,,,,,,,,,573.911987,,,
2016-08-29,185.541245,37.057358,31.798216,126.300003,,32.402828,109.007393,108.847977,95.580002,105.254776,46.980000,574.106995,73.020264,,
2016-08-30,185.235275,36.963524,31.774977,125.029999,,32.832088,108.653183,109.050362,96.050003,104.849396,46.349998,577.502991,73.020264,,
2016-08-31,184.708481,36.908783,31.682005,124.779999,,33.115711,108.541298,108.434433,96.019997,104.999519,44.700001,575.471985,73.020264,,
2016-09-01,184.716995,37.002632,31.751747,125.290001,,33.361027,108.820969,108.513634,95.650002,105.115387,43.160000,572.302979,73.020264,,
2016-09-02,185.549744,37.245029,31.906698,126.570000,,33.713646,109.175201,109.560722,95.879997,104.258026,44.439999,575.536987,73.036278,,
2016-09-03,,,,,,,,,,,,598.211975,,,
2016-09-04,,,,,,,,,,,,608.633972,,,
2016-09-05,,,,,,,,,,,,606.590027,,,
2016-09-06,186.110504,37.409241,32.046165,128.710007,,33.215382,109.855682,109.666328,94.820000,105.017570,44.830002,610.435974,73.036278,,
2016-09-07,186.093475,37.424885,32.084908,128.270004,,33.169380,109.920914,110.352669,94.959999,104.942413,45.500000,614.544006,73.020264,,
2016-09-08,185.668655,37.362331,31.929943,127.589996,,33.307377,109.277748,110.132690,95.029999,103.626251,47.619999,626.315979,73.020264,,
2016-09-09,181.224716,36.556904,31.457315,126.750000,,32.862751,106.527855,106.692146,95.339996,101.919075,45.880001,622.861023,73.036278,,
2016-09-10,,,,,,,,,,,,623.508972,,,
2016-09-11,,,,,,,,,,,,606.718994,,,
2016-09-12,183.824783,36.955696,31.658762,126.589996,,32.793766,108.438789,108.179222,95.099998,101.971733,46.290001,608.242981,73.004288,,
2016-09-13,181.182205,36.384857,31.310099,125.750000,,32.464130,107.469330,106.102585,95.629997,100.813606,44.900002,609.241028,73.020264,,
2016-09-14,181.114212,36.408329,31.232613,126.180000,,32.050186,107.982010,106.120201,95.330002,100.964012,43.580002,610.684021,73.020264,,
2016-09-15,182.924072,36.705467,31.511536,125.370003,,32.180515,109.659935,107.387291,95.290001,100.527809,43.910000,607.155029,73.020264,,
2016-09-16,182.217010,36.470894,31.341082,125.059998,,31.866217,109.607605,107.228920,96.110001,101.339981,43.029999,606.973022,73.020264,,
2016-09-17,,,,,,,,,,,,605.984009,,,
2016-09-18,,,,,,,,,,,,609.874023,,,
2016-09-19,182.251129,36.588184,31.426327,125.320000,,31.835556,109.130989,107.941666,95.839996,101.009109,43.299999,609.226990,73.020264,,
2016-09-20,182.259659,36.619457,31.488293,125.440002,,32.249496,109.336586,107.484077,96.019997,101.362587,43.439999,608.312012,73.020264,,
2016-09-21,184.309296,37.104279,31.798216,127.269997,,32.885757,110.411263,109.041580,95.660004,102.182350,45.340000,597.148987,73.020264,,
2016-09-22,185.470703,37.370155,31.968691,127.570000,,33.384026,111.289688,110.607880,95.449997,102.994545,46.320000,596.297974,73.036278,,
2016-09-23,184.454529,37.127747,31.798216,127.650002,,32.970078,110.579453,109.824715,95.480003,102.896751,44.480000,602.841980,73.036278,,
2016-09-24,,,,,,,,,,,,602.625000,,,
2016-09-25,,,,,,,,,,,,600.825989,,,
2016-09-26,182.959976,36.854050,31.658762,127.550003,,32.409836,109.654343,108.734108,95.309998,103.551071,45.930000,608.043030,73.036278,,
2016-09-27,184.095810,37.065193,31.829239,126.620003,,32.762863,110.738327,109.175278,95.440002,104.310593,44.669998,606.166016,73.020264,,
2016-09-28,185.009521,37.252842,31.945438,126.220001,,32.916355,110.925240,110.013542,95.430000,104.084999,47.049999,604.728027,73.020264,,
2016-09-29,183.335709,36.932247,31.759487,126.070000,,32.824253,110.121582,108.407646,95.540001,104.348267,47.830002,605.692993,73.020264,,
2016-09-30,184.719208,37.127747,31.883457,125.639999,,32.931702,110.943916,109.598816,95.459999,103.415627,48.240002,609.734985,73.036278,,
2016-10-01,,,,,,,,,,,,613.982971,,,
2016-10-02,,,,,,,,,,,,610.892029,,,
2016-10-03,184.275146,37.080818,31.821457,125.320000,,32.839611,110.785065,109.254684,95.750000,103.074402,48.810001,612.132996,73.020264,,
2016-10-04,183.335709,36.938862,31.712626,120.970001,,33.200310,110.616859,108.716484,96.120003,101.868980,48.689999,610.203979,73.036278,,
2016-10-05,184.147079,37.095722,31.790365,120.779999,,33.791260,111.009331,109.369385,96.129997,101.394241,49.830002,612.510986,73.036278,,
2016-10-06,184.275146,37.048676,31.720407,119.660004,,33.775909,110.953278,109.254684,96.660004,100.829239,50.439999,613.020996,73.036278,,
2016-10-07,183.643143,36.946709,31.681526,119.739998,,33.522648,110.710289,108.381165,96.519997,100.897095,49.810001,617.120972,73.036278,,
2016-10-08,,,,,,,,,,,,619.107971,,,
2016-10-09,,,,,,,,,,,,616.752014,,,
2016-10-10,184.599640,37.040829,31.728172,120.160004,,33.914047,111.411186,109.678230,,100.301849,,618.994019,73.036278,,
2016-10-11,182.268265,36.640842,31.463829,119.550003,,33.538002,109.822517,107.675270,97.699997,100.075829,50.790001,641.072021,73.020264,,
2016-10-12,182.507355,36.640842,31.471613,119.739998,,33.699162,109.729088,107.587044,97.970001,100.173744,50.180000,636.192017,73.036278,,
2016-10-13,181.909592,36.523212,31.393867,120.029999,,33.415207,109.336586,106.695824,97.519997,100.550461,50.439999,636.786011,73.020264,,
2016-10-14,182.003494,36.531052,31.331669,119.360001,,33.591713,109.467400,106.263481,98.019997,99.141586,50.349998,640.377991,73.020264,,
2016-10-15,,,,,,,,,,,,638.645996,,,
2016-10-16,,,,,,,,,,,,641.630981,,,
2016-10-17,181.371567,36.452618,31.370544,119.680000,,33.576363,109.168373,106.139984,97.889999,99.774452,49.939999,639.192993,73.020264,,
2016-10-18,182.507355,36.687897,31.502722,120.419998,,33.745213,110.140274,106.748779,97.900002,100.098412,50.290001,637.960022,73.020264,,
2016-10-19,182.994125,36.821236,31.572689,121.110001,,33.714516,110.130913,107.198776,97.870003,100.181297,51.599998,630.520020,73.036278,,
2016-10-20,182.652527,36.813381,31.533812,120.739998,,34.105911,110.000069,106.881142,98.320000,100.286758,50.430000,630.856995,73.020264,,
2016-10-21,182.737930,36.789864,31.549360,120.830002,,34.174984,110.411263,106.828186,98.699997,100.437454,50.849998,632.828003,73.020264,,
2016-10-22,,,,,,,,,,,,657.294006,,,
2016-10-23,,,,,,,,,,,,657.070984,,,
2016-10-24,183.515076,36.844761,31.595999,120.559998,,34.336147,111.738243,107.507591,98.669998,100.000473,50.520000,653.760986,73.020264,,
2016-10-25,182.900177,36.774178,31.580454,121.470001,,34.305462,111.383148,106.704681,98.720001,100.264175,49.959999,657.588013,73.020264,,
2016-10-26,182.532990,36.664379,31.471613,120.790001,,34.343834,110.626183,105.645844,98.629997,99.586105,49.180000,678.304016,73.036278,,
2016-10-27,182.046188,36.538898,31.339455,121.010002,,34.574070,110.121582,104.436989,98.889999,98.501160,49.720001,688.312988,73.020264,,
2016-10-28,181.508133,36.468304,31.347210,121.580002,,34.543369,109.430016,104.145798,98.349998,98.282669,48.700001,689.651001,73.036278,,
2016-10-29,,,,,,,,,,,,714.479004,,,
2016-10-30,,,,,,,,,,,,701.864014,,,
2016-10-31,181.516739,36.523212,31.378321,121.940002,,34.650810,109.327248,104.560524,98.449997,98.885422,46.860001,700.971985,73.052238,,
2016-11-01,180.201599,36.342823,31.253922,122.730003,,34.136620,108.504883,103.281075,97.699997,98.892960,46.669998,729.793030,73.036278,,
2016-11-02,179.116989,36.107552,31.129528,123.639999,,33.699162,107.635796,101.966324,97.400002,99.323242,45.340000,740.828979,73.052238,,
2016-11-03,178.297195,36.060482,31.028465,124.300003,,33.630096,106.579811,101.472244,97.160004,98.560860,44.660000,688.700012,73.036278,,
2016-11-04,178.100723,35.927166,30.989586,124.389999,,33.292404,106.206009,102.125175,97.070000,99.444046,44.070000,703.234985,73.052238,,
2016-11-05,,,,,,,,,,,,703.418030,,,
2016-11-06,,,,,,,,,,,,711.521973,,,
2016-11-07,182.029083,36.468304,31.339455,122.150002,,34.159641,108.729164,104.622276,97.779999,98.598579,44.889999,703.130981,73.036278,,
2016-11-08,182.848938,36.531052,31.331669,121.639999,,34.328480,109.439392,104.895836,97.860001,98.198555,44.980000,709.848022,73.052238,,
2016-11-09,184.787567,36.648685,31.331669,121.559998,,34.267082,109.944008,108.125290,98.500000,94.031761,45.270000,723.273010,73.020264,,
2016-11-10,185.248672,36.452618,31.183952,119.750000,,34.750580,108.168442,109.854721,98.790001,92.642838,44.660000,715.533997,73.020264,,
2016-11-11,184.821655,36.374207,31.098433,117.099998,,34.942444,108.215195,112.378296,,92.121956,,716.411011,72.988342,,
2016-11-12,,,,,,,,,,,,705.054016,,,
2016-11-13,,,,,,,,,,,,702.031006,,,
2016-11-14,184.966873,36.256550,31.067335,116.110001,,35.717590,107.121819,113.957710,100.110001,91.570908,43.320000,705.020996,73.020264,,
2016-11-15,186.410095,36.484001,31.207272,117.120003,,36.032242,108.607674,114.310638,100.190002,92.023842,45.810001,711.619019,73.036278,,
2016-11-16,186.060013,36.421253,31.176180,116.769997,,35.755951,109.252487,114.301865,100.410004,92.854195,45.570000,744.197998,73.036278,,
2016-11-17,187.016434,36.523212,31.215052,116.169998,,36.561783,110.046799,114.972435,100.889999,91.487930,45.419998,740.976990,73.052238,,
2016-11-18,186.598022,36.358509,31.059555,115.150002,,36.293182,109.635628,115.581284,101.209999,91.223663,45.689999,751.585022,73.036278,,
2016-11-19,,,,,,,,,,,,751.616028,,,
2016-11-20,,,,,,,,,,,,731.026001,,,
2016-11-21,188.007095,36.617317,31.215052,115.580002,,36.592484,110.775703,116.119530,101.050003,91.450180,47.490002,739.247986,73.020264,,
2016-11-22,188.374329,36.758480,31.362764,115.540001,,36.653889,111.112129,117.178352,101.040001,91.419922,48.029999,751.346985,73.020264,,
2016-11-23,188.476791,36.648685,31.246149,113.250000,,37.145069,110.663574,117.910728,101.699997,91.065186,47.959999,744.593994,73.020264,,
2016-11-24,,,,,,,,,,,,740.289001,,,
2016-11-25,189.177094,36.750637,31.316111,112.610001,,36.953194,111.018684,118.298965,101.489998,91.201035,46.060001,741.648987,73.036278,,
2016-11-26,,,,,,,,,,,,735.382019,,,
2016-11-27,,,,,,,,,,,,732.034973,,,
2016-11-28,188.288879,36.617317,31.308336,113.800003,,36.953194,110.766380,116.763657,101.330002,91.872871,47.080002,735.812988,73.020264,,
2016-11-29,188.656143,36.797703,31.354996,113.269997,,37.168076,111.149506,116.701874,100.930000,92.257835,45.230000,735.604004,73.020264,,
2016-11-30,188.203506,36.703594,31.269480,111.750000,,37.759026,109.803833,116.128365,101.500000,90.763237,49.439999,745.690979,73.020264,,
2016-12-01,187.511780,36.562428,31.207272,111.540001,,37.306217,107.906799,115.563629,101.040001,89.804909,51.060001,756.773987,73.053841,,
2016-12-02,187.605713,36.617317,31.269480,112.139999,,37.429016,108.121750,115.501862,100.769997,90.462959,51.680000,777.943970,73.037849,,
2016-12-03,,,,,,,,,,,,771.155029,,,
2016-12-04,,,,,,,,,,,,773.872009,,,
2016-12-05,188.732956,36.782021,31.354996,111.540001,,37.613205,108.962776,117.487183,100.139999,90.364647,51.790001,758.700012,73.037849,,
2016-12-06,189.330795,36.978081,31.479385,111.430000,,37.881805,109.224426,118.757812,100.489998,90.296562,50.930000,764.223999,73.053841,,
2016-12-07,191.807404,37.393738,31.759272,111.830002,,38.365318,110.607536,119.913673,100.230003,91.068077,49.770000,768.132019,73.053841,,
2016-12-08,192.277069,37.370220,31.767048,111.570000,,38.902534,110.803741,121.801933,101.070000,89.993980,50.840000,770.809998,73.053841,,
2016-12-09,193.438492,37.464325,31.805918,110.400002,,39.493492,111.672844,122.040207,101.570000,88.874542,51.500000,772.794006,73.053841,,
2016-12-10,,,,,,,,,,,,774.650024,,,
2016-12-11,,,,,,,,,,,,769.731018,,,
2016-12-12,193.216461,37.417267,31.735949,110.820000,,38.718349,111.168205,120.751961,100.959999,89.040932,52.830002,780.086975,73.037849,,
2016-12-13,194.505966,37.691757,31.914757,110.449997,,39.163479,112.569954,120.760750,101.029999,89.358673,52.980000,780.556030,73.053841,,
2016-12-14,192.900482,37.283943,31.634872,108.830002,,39.301624,112.336319,119.251930,102.000000,88.360245,51.040001,781.481018,73.053841,,
2016-12-15,193.694672,37.330997,31.619329,107.339996,,39.631626,112.513870,120.143166,103.129997,88.806473,50.900002,778.088013,73.053841,,
2016-12-16,193.315872,37.291786,31.627098,108.050003,,39.316978,112.096832,119.922516,102.949997,88.602249,51.900002,784.906982,73.037849,,
2016-12-17,,,,,,,,,,,,790.828979,,,
2016-12-18,,,,,,,,,,,,790.530029,,,
2016-12-19,193.736755,37.299622,31.681526,108.589996,,39.232552,112.556053,120.707817,103.139999,89.555313,52.119999,792.713989,73.053841,,
2016-12-20,194.484146,37.440800,31.720407,107.790001,,39.539539,112.987228,121.731369,103.290001,89.109009,52.230000,800.875977,73.037849,,
2016-12-21,193.942932,37.393738,31.728172,107.849998,,39.270920,112.902855,120.937241,103.019997,89.502388,52.490002,834.281006,73.053841,,
2016-12-22,193.607956,37.307476,31.634872,107.589996,,39.347660,112.584198,119.894440,103.089996,89.342323,52.950001,864.539978,73.037849,,
2016-12-23,193.891403,37.370220,31.704849,107.930000,,39.336826,112.659164,120.532379,103.010002,89.524330,53.020000,921.984009,73.037849,,
2016-12-24,,,,,,,,,,,,898.822021,,,
2016-12-25,,,,,,,,,,,,896.182983,,,
2016-12-26,,,,,,,,,,,,907.609985,,,
2016-12-27,194.372467,37.409424,31.681526,108.559998,,39.081085,113.240288,121.072830,103.019997,89.236176,53.900002,933.197998,73.053841,,
2016-12-28,192.766113,37.277451,31.676830,108.860001,,38.972588,112.359238,119.832397,103.260002,89.888344,54.060001,975.921021,73.052246,,
2016-12-29,192.723114,37.324875,31.708143,110.290001,,38.298367,112.199913,119.938705,102.680000,90.206856,53.770000,973.497009,73.068207,,
2016-12-30,192.018768,37.316963,31.762928,109.610001,,38.391373,111.047066,119.478004,102.389999,90.343376,53.720001,961.237976,73.036270,,
2016-12-31,,,,,,,,,,,,963.742981,,,
2017-01-01,,,,,,,,,,,,998.325012,,,
2017-01-02,,,,,,,,,,,,1021.750000,,,
2017-01-03,193.487671,37.490829,31.849028,110.470001,,39.065571,112.040550,120.071655,103.209999,90.730110,52.330002,1043.839966,73.068207,,
2017-01-04,194.638794,37.791138,32.029057,110.860001,,39.770794,112.649826,122.073990,102.699997,91.078957,53.259998,1154.729980,73.068207,,
2017-01-05,194.484146,37.933384,32.177773,112.580002,,39.243820,113.287140,120.665215,101.519997,92.504730,53.759998,1013.380005,73.052246,,
2017-01-06,195.179962,37.885960,32.091675,111.750000,,39.670052,114.280640,120.222221,102.220001,91.655327,53.990002,902.200989,73.068207,,
2017-01-07,,,,,,,,,,,,908.585022,,,
2017-01-08,,,,,,,,,,,,911.198975,,,
2017-01-09,194.535660,37.775322,32.044712,112.669998,,39.352322,114.655518,119.433731,101.930000,92.390968,51.959999,902.828003,73.068207,,
2017-01-10,194.535660,37.814835,32.099506,113.150002,,39.081085,114.908592,120.576630,102.010002,92.330261,50.820000,907.679016,73.052246,,
2017-01-11,195.085480,37.980801,32.185600,113.500000,,39.305820,115.217903,120.789299,101.779999,92.641228,52.250000,777.757019,73.068207,,
2017-01-12,194.595779,37.941277,32.130810,113.910004,,39.057831,115.039818,119.858948,101.349998,92.436462,53.009998,804.833984,73.068207,,
2017-01-13,195.042496,38.012424,32.193439,114.209999,,39.267075,115.433487,120.727272,101.180000,91.996590,52.369999,823.984009,73.068207,,
2017-01-14,,,,,,,,,,,,818.411987,,,
2017-01-15,,,,,,,,,,,,821.797974,,,
2017-01-16,,,,,,,,,,,,831.533997,,,
2017-01-17,194.355270,37.901760,32.177773,115.849998,,38.112373,115.086678,119.088135,100.330002,92.959709,52.480000,907.937988,73.068207,,
2017-01-18,194.784805,37.885960,32.083851,114.870003,,38.747864,115.321007,119.478004,100.930000,91.769081,51.080002,886.617981,73.052246,,
2017-01-19,194.063202,37.783234,31.974262,114.769997,,38.825348,115.264771,118.503365,101.150002,91.139656,51.369999,899.072998,73.052246,,
2017-01-20,194.776199,37.893867,32.060368,115.050003,,39.050076,115.517815,119.114723,100.739998,90.957657,52.419998,895.026001,73.068207,,
2017-01-21,,,,,,,,,,,,921.789001,,,
2017-01-22,,,,,,,,,,,,924.672974,,,
2017-01-23,194.269363,37.972893,32.146465,115.790001,,38.647106,115.611557,118.618561,100.160004,91.867638,52.750000,921.012024,73.052246,,
2017-01-24,195.515030,38.138859,32.201252,115.269997,,38.964844,116.389473,120.434883,100.349998,91.238220,53.180000,892.687012,73.052246,,
2017-01-25,197.207291,38.368042,32.365623,114.320000,,39.228325,117.561058,121.568985,100.029999,90.093124,52.750000,901.541992,73.068207,,
2017-01-26,197.001099,38.336418,32.310829,113.260002,,39.832798,117.682892,121.081673,100.379997,90.396454,53.779999,917.585999,73.084221,,
2017-01-27,196.691864,38.281109,32.295170,113.489998,,39.631310,117.907829,120.665215,100.529999,90.722542,53.169998,919.750000,73.052246,,
2017-01-28,,,,,,,,,,,,921.590027,,,
2017-01-29,,,,,,,,,,,,919.495972,,,
2017-01-30,195.472046,38.083527,32.162117,113.970001,,38.980339,116.989334,118.981827,100.430000,90.449524,52.630001,920.382019,73.084221,,
2017-01-31,195.454880,38.075634,32.177773,115.550003,,38.647106,116.755028,119.814728,99.510002,91.078957,52.810001,970.403015,73.068207,,
2017-02-01,195.532181,38.186272,32.240391,115.199997,,38.902840,117.561058,119.743805,99.639999,90.515846,53.880001,989.023010,73.073029,,
2017-02-02,195.661041,38.146763,32.256046,115.839996,,38.848598,117.457954,119.442535,99.849998,90.477829,53.540001,1011.799988,73.073029,,
2017-02-03,197.009720,38.399635,32.365623,116.129997,,39.065571,117.795334,121.267700,99.870003,90.439850,53.830002,1029.910034,73.056999,,
2017-02-04,,,,,,,,,,,,1042.900024,,,
2017-02-05,,,,,,,,,,,,1027.339966,,,
2017-02-06,196.657501,38.249504,32.334309,117.699997,,38.623856,117.935974,120.355141,99.910004,90.987030,53.009998,1038.150024,73.089012,,
2017-02-07,196.666122,38.241589,32.326492,117.459999,,38.871853,118.367126,119.823494,100.260002,91.655815,52.169998,1061.349976,73.089012,,
2017-02-08,196.923782,38.296909,32.420414,118.190002,,38.895092,118.563934,119.610878,100.279999,92.902222,52.340000,1063.069946,73.089012,,
2017-02-09,198.092041,38.423355,32.522179,117.290001,,39.274815,118.995079,121.294281,100.650002,91.830620,53.000000,994.382996,73.089012,,
2017-02-10,198.873810,38.605106,32.569126,117.599998,,39.592548,119.388718,122.215736,100.800003,91.777428,53.860001,988.674011,73.073029,,
2017-02-11,,,,,,,,,,,,1004.450012,,,
2017-02-12,,,,,,,,,,,,999.181030,,,
2017-02-13,199.956146,38.715763,32.639576,116.800003,,39.933529,120.063560,122.534760,100.959999,91.488586,52.930000,990.642029,73.073029,,
2017-02-14,200.755020,38.771084,32.663074,116.930000,,40.042030,120.466583,122.942268,101.250000,90.827461,53.200001,1004.549988,73.089012,,
2017-02-15,201.803070,38.968643,32.772644,117.449997,,39.918034,121.178879,123.677628,101.180000,90.409416,53.110001,1007.479980,73.073029,,
2017-02-16,201.631317,38.873814,32.772644,118.080002,,39.685551,121.141403,123.332130,100.440002,90.903450,53.360001,1027.439941,73.073029,,
2017-02-17,201.949173,38.960743,32.803947,117.680000,,39.530560,121.666283,123.252380,100.949997,91.443031,53.400002,1046.209961,73.089012,,
2017-02-18,,,,,,,,,,,,1054.420044,,,
2017-02-19,,,,,,,,,,,,1047.869995,,,
2017-02-20,,,,,,,,,,,,1079.979980,,,
2017-02-21,203.151733,39.103004,32.929188,117.750000,,40.204769,122.266121,124.218155,101.370003,91.283394,54.060001,1115.300049,73.073029,,
2017-02-22,202.971344,39.079292,32.913532,117.910004,,40.034275,122.312988,123.668854,101.330002,91.435387,53.590000,1117.439941,73.073029,,
2017-02-23,203.108810,39.126698,32.921371,118.940002,,39.856030,121.853737,122.933449,101.050003,91.709007,54.450001,1166.719971,73.073029,,
2017-02-24,203.366531,39.055580,32.929188,119.699997,,39.445316,122.088028,122.844795,101.089996,92.727432,53.990002,1173.680054,73.073029,,
2017-02-25,,,,,,,,,,,,1143.839966,,,
2017-02-26,,,,,,,,,,,,1165.199951,,,
2017-02-27,203.684341,39.079292,32.929188,119.120003,,39.538300,122.238014,124.040924,101.129997,92.180206,54.049999,1179.969971,73.073029,,
2017-02-28,203.134598,39.000263,32.874393,119.230003,,39.298069,121.863091,122.127121,101.120003,92.522209,54.009998,1179.969971,73.105011,,
2017-03-01,205.977997,39.355888,33.093559,119.059998,,40.375256,123.194054,124.359879,101.779999,90.971909,53.830002,1222.500000,73.076202,,
2017-03-02,204.680847,39.095089,32.905708,117.580002,,40.235767,122.575447,122.933449,102.199997,90.644447,52.610001,1251.010010,73.076202,,
2017-03-03,204.809692,39.213634,32.991810,117.510002,,40.003273,122.800346,122.844795,101.540001,90.880524,53.330002,1274.989990,73.092224,,
2017-03-04,,,,,,,,,,,,1255.150024,,,
2017-03-05,,,,,,,,,,,,1267.119995,,,
2017-03-06,204.199753,39.110901,32.913532,116.720001,,39.972290,122.528564,122.003059,101.639999,90.446434,53.200001,1272.829956,73.108200,,
2017-03-07,203.589905,38.984447,32.811783,115.779999,,39.987778,122.322350,121.205681,101.809998,90.172394,53.139999,1223.540039,73.076202,,
2017-03-08,203.211929,38.881721,32.702198,115.059998,,39.949036,122.537926,120.408287,102.070000,89.684967,50.279999,1150.000000,73.076202,,
2017-03-09,203.469620,38.913334,32.702198,114.470001,,40.173767,122.631653,119.929863,101.849998,88.969200,49.279999,1188.489990,73.076202,,
2017-03-10,204.182556,39.055580,32.811783,114.720001,,40.406258,123.147141,120.461487,101.250000,89.281418,48.490002,1116.719971,73.092224,,
2017-03-11,,,,,,,,,,,,1175.829956,,,
2017-03-12,,,,,,,,,,,,1221.380005,,,
2017-03-13,204.285645,39.166222,32.819607,114.739998,,40.592247,123.353325,120.744965,101.379997,88.717957,48.400002,1231.920044,73.076202,,
2017-03-14,203.503906,39.023972,32.788307,114.120003,,40.266777,123.053429,120.169098,101.699997,89.144363,47.720001,1240.000000,73.076202,,
2017-03-15,205.264969,39.387501,33.101379,116.250000,,40.189270,123.812584,122.029694,100.739998,90.233284,48.860001,1249.609985,73.092224,,
2017-03-16,204.861221,39.490242,33.070076,116.730003,,40.119522,123.728233,122.189186,100.269997,89.776390,48.750000,1187.810059,73.108200,,
2017-03-17,204.501419,39.506039,33.163994,116.989998,,39.956776,123.685066,122.676445,100.300003,90.339874,48.779999,1100.229980,73.108200,,
2017-03-18,,,,,,,,,,,,973.817993,,,
2017-03-19,,,,,,,,,,,,1036.739990,,,
2017-03-20,204.277084,39.474426,33.140522,117.510002,,39.910286,123.797783,122.144905,100.410004,90.728188,48.220001,1054.229980,73.092224,,
2017-03-21,201.654282,39.182026,32.991810,118.540001,,39.344566,121.919342,118.698326,99.809998,91.482048,47.340000,1120.540039,73.108200,,
2017-03-22,202.128845,39.213634,33.030949,118.830002,,39.081085,122.745857,118.724892,99.680000,91.847580,48.040001,1049.140015,73.108200,,
2017-03-23,201.913147,39.284771,33.023113,118.669998,,39.057831,122.435898,119.415947,99.760002,91.718094,47.700001,1038.589966,73.092224,,
2017-03-24,201.766434,39.324276,33.070076,118.860001,,39.329071,122.689484,119.502167,99.629997,92.045502,47.970001,937.520020,73.108200,,
2017-03-25,,,,,,,,,,,,972.778992,,,
2017-03-26,,,,,,,,,,,,966.724976,,,
2017-03-27,201.559418,39.300568,33.054417,119.529999,,39.197323,122.886711,119.724304,99.169998,92.464325,47.730000,1045.770020,73.108200,,
2017-03-28,203.026108,39.482315,33.203129,119.040001,,39.763046,123.638115,120.657272,99.709999,91.847580,48.369999,1047.150024,73.108200,,
2017-03-29,203.215912,39.537651,33.234447,119.330002,,39.608063,124.211029,121.048241,100.000000,92.395805,49.509998,1039.969971,73.108200,,
2017-03-30,203.863007,39.529751,33.210972,118.470001,,39.794048,124.417664,121.963463,100.410004,91.649582,50.349998,1026.430054,73.108200,,
2017-03-31,203.388458,39.466522,33.179661,118.720001,,39.228325,124.333130,122.158928,100.349998,91.916092,50.599998,1071.790039,73.092224,,
2017-04-01,,,,,,,,,,,,1080.500000,,,
2017-04-02,,,,,,,,,,,,1102.170044,,,
2017-04-03,203.034760,39.474426,33.179661,119.349998,,39.150833,124.257950,120.870522,100.540001,92.843224,50.240002,1143.810059,73.098602,,
2017-04-04,203.164154,39.416584,33.189873,119.620003,,38.910587,124.455223,120.728386,100.540001,92.339600,51.029999,1133.250000,73.098602,,
2017-04-05,202.560272,39.361134,33.087753,119.620003,,38.499866,123.948036,119.360016,100.559998,92.621941,51.150002,1124.780029,73.098602,,
2017-04-06,203.129639,39.392815,33.158463,119.180000,,38.375874,124.013763,120.470680,100.669998,92.484566,51.700001,1182.680054,73.098602,,
2017-04-07,202.922577,39.353210,33.119171,119.459999,,38.523125,123.948036,120.417389,101.180000,92.110672,52.240002,1176.900024,73.098602,,
2017-04-08,,,,,,,,,,,,1175.949951,,,
2017-04-09,,,,,,,,,,,,1187.869995,,,
2017-04-10,203.043320,39.345284,33.087753,119.459999,,38.391373,123.995003,120.683968,101.019997,92.538025,53.080002,1187.130005,73.098602,,
2017-04-11,202.801788,39.432438,33.111324,121.190002,,38.073643,123.459610,121.643578,100.709999,93.415550,53.400002,1205.010010,73.114563,,
2017-04-12,201.913147,39.329437,33.166309,122.019997,,37.678413,122.961838,119.990860,100.779999,93.926788,53.110001,1200.369995,73.098602,,
2017-04-13,200.601730,39.147213,32.993484,122.599998,,37.190178,122.473503,118.817986,100.559998,94.216782,53.180000,1169.280029,73.114563,,
2017-04-14,,,,,,,,,,,,1167.540039,,,
2017-04-15,,,,,,,,,,,,1172.520020,,,
2017-04-16,,,,,,,,,,,,1182.939941,,,
2017-04-17,202.379044,39.416584,33.197727,122.239998,,37.538918,123.487770,120.212990,100.300003,93.926788,52.650002,1193.910034,73.114563,,
2017-04-18,201.775101,39.305668,33.150593,122.820000,,37.236687,123.299973,120.239693,99.500000,95.155350,52.410000,1211.670044,73.130600,,
2017-04-19,201.404144,39.218517,33.072033,121.730003,,37.383934,123.497215,120.657272,99.739998,94.636475,50.439999,1210.290039,73.130600,,
2017-04-20,203.043320,39.448280,33.221283,121.959999,,37.972889,124.530319,122.194458,99.779999,94.270187,50.270000,1229.079956,73.130600,,
2017-04-21,202.396301,39.416584,33.252724,122.309998,,38.135635,124.502174,121.919037,99.980003,94.270187,49.619999,1222.050049,73.130600,,
2017-04-22,,,,,,,,,,,,1231.709961,,,
2017-04-23,,,,,,,,,,,,1207.209961,,,
2017-04-24,204.622238,39.891975,33.543381,121.480003,,38.600601,126.004921,123.438499,99.089996,93.804695,49.230000,1250.150024,73.114563,,
2017-04-25,205.812866,40.137573,33.645496,120.250000,,39.360073,126.915932,124.638046,98.820000,92.675331,49.560001,1265.489990,73.114563,,
2017-04-26,205.683456,40.097961,33.629799,120.839996,,39.530560,126.737511,125.277779,98.959999,93.186615,49.619999,1281.079956,73.130600,,
2017-04-27,205.856018,40.129662,33.661201,120.389999,,39.693298,127.498245,125.242233,99.080002,93.156067,48.970001,1317.729980,73.114563,,
2017-04-28,205.407364,40.082115,33.637642,120.769997,,39.577053,127.723663,123.562866,99.050003,93.362129,49.330002,1316.479980,73.146576,,
2017-04-29,,,,,,,,,,,,1321.790039,,,
2017-04-30,,,,,,,,,,,,1347.890015,,,
2017-05-01,205.925003,40.177193,33.653366,119.669998,,39.863785,128.860107,124.273743,99.139999,92.585953,48.840000,1421.599976,73.141754,,
2017-05-02,206.002655,40.224731,33.724060,119.650002,,40.057526,129.076126,123.642845,98.980003,93.060074,47.660000,1452.819946,73.125786,,
2017-05-03,205.752457,40.193035,33.700493,117.980003,,40.359764,128.662857,122.878693,99.209999,93.121262,47.820000,1490.089966,73.125786,,
2017-05-04,205.994019,40.208870,33.661201,116.790001,,40.414001,128.709854,122.709892,98.760002,92.662476,45.520000,1537.670044,73.141754,,
2017-05-05,206.804993,40.470337,33.865463,117.010002,,40.692997,129.179413,123.500664,98.650002,92.746559,46.220001,1555.449951,73.125786,,
2017-05-06,,,,,,,,,,,,1578.800049,,,
2017-05-07,,,,,,,,,,,,1596.709961,,,
2017-05-08,206.770523,40.335659,33.802624,116.750000,,40.886730,129.461227,122.985329,99.150002,92.241890,46.430000,1723.349976,73.141754,,
2017-05-09,206.580688,40.375263,33.786903,116.050003,,40.824730,129.912033,122.931999,99.589996,92.234215,45.880001,1755.359985,73.141754,,
2017-05-10,206.951721,40.406967,33.841888,116.040001,,40.793747,129.987106,123.696182,99.669998,92.127190,47.330002,1787.130005,73.157791,,
2017-05-11,206.528976,40.359425,33.771183,116.500000,,40.569008,129.883820,122.834274,99.620003,92.127190,47.830002,1848.569946,73.157791,,
2017-05-12,206.183792,40.430717,33.849747,116.830002,,40.414001,130.175003,122.185616,99.250000,92.823006,47.840000,1724.239990,73.141754,,
2017-05-13,,,,,,,,,,,,1804.910034,,,
2017-05-14,,,,,,,,,,,,1808.910034,,,
2017-05-15,207.322723,40.605030,33.920441,117.139999,,40.437256,130.588272,123.136353,98.910004,92.570648,48.849998,1738.430054,73.157791,,
2017-05-16,207.132889,40.684261,34.030426,117.650002,,40.220268,131.133026,123.180809,98.110001,92.914803,48.660000,1734.449951,73.157791,,
2017-05-17,203.457474,40.208870,33.763329,119.790001,,39.236069,127.798828,119.857597,97.419998,94.268234,49.070000,1839.089966,73.173798,,
2017-05-18,204.277084,40.185112,33.739765,118.809998,,39.538300,128.916473,120.292992,97.879997,94.375305,49.349998,1888.650024,73.173798,,
2017-05-19,205.605804,40.509960,33.983288,119.400002,,39.794048,129.461227,120.870522,97.150002,94.597054,50.330002,1987.709961,73.157791,,
2017-05-20,,,,,,,,,,,,2084.729980,,,
2017-05-21,,,,,,,,,,,,2041.199951,,,
2017-05-22,206.649765,40.612957,34.030426,119.900002,,39.739796,130.550751,121.688042,96.980003,94.337059,50.730000,2173.399902,73.173798,,
2017-05-23,207.107025,40.644642,34.038277,119.139999,,39.995533,130.682190,122.087868,97.349998,93.702408,51.470001,2320.419922,73.173798,,
2017-05-24,207.590164,40.787262,34.077553,119.610001,,39.856030,131.283279,122.167877,97.239998,94.230019,51.360001,2443.639893,73.157791,,
2017-05-25,208.582336,40.858562,34.148254,119.480003,,39.894787,132.400986,122.247803,97.250000,94.260567,48.900002,2304.979980,73.173798,,
2017-05-26,208.539246,40.787262,34.148254,120.540001,,39.662304,132.635773,122.212257,97.400002,94.421204,49.799999,2202.419922,73.189789,,
2017-05-27,,,,,,,,,,,,2038.869995,,,
2017-05-28,,,,,,,,,,,,2155.800049,,,
2017-05-29,,,,,,,,,,,,2255.610107,,,
2017-05-30,208.358032,40.811024,34.116840,120.139999,,39.507313,132.748428,121.252655,97.279999,94.887611,49.660000,2175.469971,73.157791,,
2017-05-31,208.306213,40.811024,34.148254,120.620003,,39.515057,132.701508,121.128242,96.919998,95.124672,48.320000,2286.409912,73.157791,,
2017-06-01,209.962723,41.072475,34.321075,120.720001,,40.073032,133.218094,123.465149,97.199997,95.134651,48.360001,2407.879883,73.185013,,
2017-06-02,210.661575,41.302254,34.438908,121.610001,,40.700741,134.739609,124.264870,96.720001,96.261070,47.660000,2488.550049,73.168968,,
2017-06-03,,,,,,,,,,,,2515.350098,,,
2017-06-04,,,,,,,,,,,,2511.810059,,,
2017-06-05,210.506317,41.143795,34.376064,121.730003,,40.483757,134.711395,123.491814,96.800003,95.663383,47.400002,2686.810059,73.185013,,
2017-06-06,209.833389,41.143795,34.368206,123.099998,,40.057526,134.176056,123.376266,96.639999,96.184486,48.189999,2863.199951,73.168968,,
2017-06-07,210.221542,41.120014,34.383919,122.449997,,40.313271,134.702011,123.491814,96.750000,95.724731,45.720001,2732.159912,73.201004,,
2017-06-08,210.325089,41.183403,34.407482,121.650002,,40.367504,134.842880,125.180023,96.919998,95.471832,45.639999,2805.620117,73.185013,,
2017-06-09,210.005890,41.096252,34.344643,120.540001,,40.104027,131.471115,125.828682,97.269997,95.326218,45.830002,2823.810059,73.201004,,
2017-06-10,,,,,,,,,,,,2947.709961,,,
2017-06-11,,,,,,,,,,,,2958.110107,,,
2017-06-12,209.962723,41.017017,34.281803,120.360001,,40.111782,130.766739,125.624306,97.139999,95.295540,46.080002,2659.629883,73.185013,,
2017-06-13,210.989456,41.215092,34.376064,120.480003,,40.321014,131.828049,126.264114,96.980003,95.310875,46.459999,2717.020020,73.201004,,
2017-06-14,210.721954,41.223022,34.454620,119.820000,,40.057526,131.255127,125.517731,96.940002,96.782173,44.730000,2506.370117,73.185013,,
2017-06-15,210.316467,41.001167,34.297504,119.320000,,39.995533,130.672836,124.877922,97.430000,96.628899,44.459999,2464.580078,73.185013,,
2017-06-16,210.362457,41.120014,34.336792,119.339996,,40.119522,130.105850,124.566994,97.160004,96.820496,44.740002,2518.560059,73.217010,,
2017-06-17,,,,,,,,,,,,2655.879883,,,
2017-06-18,,,,,,,,,,,,2548.290039,,,
2017-06-19,212.113739,41.318096,34.509613,118.430000,,40.406258,132.281372,125.491035,97.529999,96.682480,44.200001,2589.600098,73.201004,,
2017-06-20,210.683197,41.009098,34.368206,118.180000,,40.414001,131.245422,124.220390,97.750000,97.548439,43.230000,2721.790039,73.201004,,
2017-06-21,210.631226,41.064560,34.313213,118.519997,,40.313271,132.545013,123.909454,97.559998,97.747658,42.529999,2689.100098,73.217010,,
2017-06-22,210.535828,41.064560,34.368206,118.919998,,40.375256,132.507385,124.380348,97.540001,97.962257,42.740002,2705.409912,73.233009,,
2017-06-23,210.787231,41.135876,34.376064,119.430000,,40.406258,133.015961,125.206726,97.300003,97.916290,43.009998,2744.909912,73.217010,,
2017-06-24,,,,,,,,,,,,2608.719971,,,
2017-06-25,,,,,,,,,,,,2589.409912,,,
2017-06-26,210.926010,41.215092,34.423206,118.360001,,40.571636,132.394333,125.357750,97.430000,98.284081,43.380001,2478.449951,73.201004,,
2017-06-27,209.226700,40.961571,34.242538,118.809998,,40.634628,129.992859,124.255951,96.470001,97.234238,44.240002,2552.449951,73.201004,,
2017-06-28,211.099365,41.238869,34.493900,118.900002,,40.957504,131.866974,126.157463,96.050003,96.912453,44.740002,2574.790039,73.233009,,
2017-06-29,209.244064,40.898178,34.226822,118.320000,,40.540138,129.578430,125.411057,95.629997,96.100189,44.930000,2539.320068,73.217010,,
2017-06-30,209.634186,41.032867,34.258236,118.019997,,40.949619,129.625534,125.215584,95.660004,95.877983,46.040001,2480.840088,73.233009,,
2017-07-01,,,,,,,,,,,,2434.550049,,,
2017-07-02,,,,,,,,,,,,2506.469971,,,
2017-07-03,209.989655,41.064560,34.266087,116.089996,,41.146500,128.259979,126.264114,96.199997,95.569237,47.070000,2564.060059,73.241028,,
2017-07-04,,,,,,,,,,,,2601.639893,,,
2017-07-05,210.475159,41.072475,34.297504,116.519997,,41.240997,129.521942,125.810921,96.290001,95.592293,45.130001,2601.989990,73.225044,,
2017-07-06,208.550476,40.790646,34.115501,116.470001,,40.878754,128.354202,124.168022,95.820000,94.801369,45.520000,2608.560059,73.241028,,
2017-07-07,209.902954,40.926376,34.170891,115.279999,,41.193748,129.738556,125.372742,96.010002,94.233154,44.230000,2518.659912,73.241028,,
2017-07-08,,,,,,,,,,,,2571.340088,,,
2017-07-09,,,,,,,,,,,,2518.439941,,,
2017-07-10,210.128342,40.990246,34.242119,115.470001,,41.201641,130.586166,124.828377,96.050003,94.371376,44.400002,2372.560059,73.241028,,
2017-07-11,209.972260,41.030170,34.226280,115.620003,,41.343376,130.953461,125.194260,95.739998,94.532623,45.040001,2337.790039,73.241028,,
2017-07-12,211.550186,41.333549,34.503265,116.029999,,41.430004,132.507385,126.158020,95.790001,95.185318,45.490002,2398.840088,73.225044,,
2017-07-13,211.905640,41.413399,34.550739,115.820000,,41.422131,132.799332,126.265152,95.730003,94.586372,46.080002,2357.899902,73.225044,,
2017-07-14,212.893982,41.628979,34.685280,116.769997,,41.248871,133.844696,126.479332,95.110001,94.701546,46.540001,2233.340088,73.257065,,
2017-07-15,,,,,,,,,,,,1998.859985,,,
2017-07-16,,,,,,,,,,,,1929.819946,,,
2017-07-17,212.867950,41.541145,34.685280,117.290001,,41.248871,133.910614,126.773788,95.129997,94.962646,46.020000,2228.409912,73.241028,,
2017-07-18,212.980713,41.668892,34.732761,118.110001,,41.193748,134.805252,126.443619,94.660004,95.791939,46.400002,2318.879883,73.241028,,
2017-07-19,214.133789,41.868488,34.859379,118.080002,,41.233131,135.596375,127.701874,94.800003,95.830338,47.119999,2273.429932,73.241028,,
2017-07-20,214.229202,41.844536,34.867279,118.239998,,41.453629,135.775330,127.791145,94.269997,96.106766,46.790001,2817.600098,73.241028,,
2017-07-21,214.038422,41.868488,34.827721,119.260002,,41.201641,135.718796,127.211136,93.940002,96.513725,45.770000,2667.760010,73.241028,,
2017-07-22,,,,,,,,,,,,2810.120117,,,
2017-07-23,,,,,,,,,,,,2730.399902,,,
2017-07-24,213.986389,41.844536,34.819805,119.309998,,41.130753,136.340393,127.389587,93.980003,96.137489,46.340000,2754.860107,73.241028,,
2017-07-25,214.506561,41.844536,34.875206,118.919998,,41.351254,135.991943,128.549728,94.050003,94.885887,47.889999,2576.479980,73.241028,,
2017-07-26,214.515213,41.940346,34.938519,119.879997,41.226990,41.162254,136.434540,127.835800,93.669998,95.039391,48.750000,2529.449951,73.257065,,
2017-07-27,214.315826,41.892441,34.843548,119.790001,41.226990,41.280369,135.577560,127.023666,93.860001,94.571030,49.040001,2671.780029,73.273094,,
2017-07-28,214.064407,41.908413,34.883110,120.690002,41.032635,41.107132,135.464569,126.684593,93.260002,95.131554,49.709999,2809.010010,73.257065,,
2017-07-29,,,,,,,,,,,,2726.449951,,,
2017-07-30,,,,,,,,,,,,2757.179932,,,
2017-07-31,213.943008,41.908413,34.914761,120.750000,40.959759,41.185886,134.890076,126.282997,92.860001,95.246765,50.169998,2875.340088,73.257065,,
2017-08-01,214.419907,42.020195,35.009724,120.650002,40.959759,41.351254,135.200851,126.523926,93.029999,95.915512,49.160000,2718.260010,73.276321,,
2017-08-02,214.523911,42.076073,35.009724,120.400002,41.303928,41.524506,135.568146,125.140701,92.830002,95.969376,49.590000,2710.669922,73.292313,,
2017-08-03,214.107803,42.044136,35.001823,120.589996,40.992146,41.343376,135.040771,124.516060,92.809998,96.962051,49.029999,2804.729980,73.292313,,
2017-08-04,214.497925,42.100021,35.017647,119.650002,41.154102,41.595375,135.285599,125.122894,93.540001,96.138649,49.580002,2895.889893,73.292313,,
2017-08-05,,,,,,,,,,,,3252.909912,,,
2017-08-06,,,,,,,,,,,,3213.939941,,,
2017-08-07,214.896729,42.084053,35.009724,119.510002,41.154102,41.626881,136.142624,125.328163,93.430000,96.246368,49.389999,3378.939941,73.292313,,
2017-08-08,214.367828,42.012203,34.914761,119.860001,41.154102,41.453629,135.907181,124.935478,93.639999,95.900063,49.169998,3419.939941,73.292313,,
2017-08-09,214.359146,41.940346,34.891026,121.309998,40.757305,41.083508,135.728195,123.855690,93.519997,96.423378,49.560001,3342.469971,73.292313,,
2017-08-10,211.333389,41.453323,34.550739,122.209999,40.757305,40.162132,132.818176,121.606873,93.400002,97.246796,48.590000,3381.280029,73.292313,,
2017-08-11,211.645554,41.477268,34.590324,122.790001,40.757305,40.044014,133.825867,121.785332,93.070000,97.292931,48.820000,3650.620117,73.308357,,
2017-08-12,,,,,,,,,,,,3884.709961,,,
2017-08-13,,,,,,,,,,,,4073.260010,,,
2017-08-14,213.743637,41.804626,34.811897,121.919998,40.576717,40.681881,135.549332,123.632568,93.459999,96.792770,47.590000,4325.129883,73.292313,,
2017-08-15,213.717636,41.684864,34.780243,120.980003,40.579147,40.925995,135.643539,122.615250,93.849998,96.384895,47.549999,4181.930176,73.308357,,
2017-08-16,214.090454,41.884464,34.891026,121.870003,40.773499,40.973263,135.878937,122.650970,93.489998,96.738892,46.779999,4376.629883,73.292313,,
2017-08-17,210.752609,41.421387,34.629875,122.489998,40.773499,40.422005,133.100693,120.411018,93.620003,97.462273,47.090000,4331.689941,73.308357,,
2017-08-18,210.423111,41.477268,34.637787,122.300003,40.652027,40.492882,133.006485,120.402100,93.430000,97.439201,48.509998,4160.620117,73.292313,,
2017-08-19,,,,,,,,,,,,4193.700195,,,
2017-08-20,,,,,,,,,,,,4087.659912,,,
2017-08-21,210.587830,41.485264,34.661530,122.760002,40.652027,40.217258,132.836975,120.321815,93.099998,97.677727,47.369999,4001.739990,73.308357,,
2017-08-22,212.789902,41.756714,34.803986,122.209999,40.652027,40.634628,134.861801,121.624657,93.550003,97.300697,47.639999,4100.520020,73.324409,,
2017-08-23,212.027039,41.716801,34.796074,122.669998,41.348457,40.359013,134.381485,121.428383,93.150002,97.962463,48.410000,4151.520020,73.324409,,
2017-08-24,211.532883,41.652927,34.764412,122.290001,41.550903,40.406258,133.985992,121.803146,93.279999,97.600815,47.430000,4334.680176,73.324409,,
2017-08-25,212.027039,41.804626,34.867279,122.739998,41.724201,40.461384,133.703430,122.151184,92.739998,97.977852,47.869999,4371.600098,73.308357,,
2017-08-26,,,,,,,,,,,,4352.399902,,,
2017-08-27,,,,,,,,,,,,4382.879883,,,
2017-08-28,212.035675,41.772682,34.891026,124.690002,41.724201,40.477139,134.117844,122.668770,92.209999,97.916290,46.570000,4382.660156,73.324409,,
2017-08-29,212.278473,41.748730,34.835636,124.419998,41.724201,40.650375,134.645203,122.695587,92.349998,98.231789,46.439999,4579.020020,73.324409,,
2017-08-30,213.284103,41.860504,34.906853,124.360001,41.607601,40.792126,136.227402,123.480888,92.879997,98.201042,45.959999,4565.299805,73.324409,,
2017-08-31,214.567261,42.108017,35.080963,125.820000,41.607601,40.996876,137.687119,124.694572,92.669998,98.493431,47.230000,4703.390137,73.340393,,
2017-09-01,214.870728,42.171894,35.096794,126.059998,41.963909,41.044128,137.498764,125.399529,92.809998,97.740082,47.290001,4892.009766,73.345222,,
2017-09-02,,,,,,,,,,,,4578.770020,,,
2017-09-03,,,,,,,,,,,,4582.959961,,,
2017-09-04,,,,,,,,,,,,4236.310059,,,
2017-09-05,213.327484,41.940346,34.978081,127.459999,41.963909,40.296009,136.265045,124.194801,92.309998,99.290009,48.660000,4376.529785,73.313141,,
2017-09-06,214.055786,42.060112,35.049309,126.809998,41.705578,40.658257,136.679443,124.453575,92.290001,98.680801,49.160000,4597.120117,73.345222,,
2017-09-07,214.029724,42.203812,35.167992,128.130005,41.705578,40.524384,136.999634,124.141258,91.529999,99.690979,49.090000,4599.879883,73.345222,,
2017-09-08,213.778320,42.123985,35.136360,127.970001,41.818142,40.429886,135.812988,124.239418,91.330002,99.475082,47.480000,4228.750000,73.329201,,
2017-09-09,,,,,,,,,,,,4226.060059,,,
2017-09-10,,,,,,,,,,,,4122.939941,,,
2017-09-11,216.058441,42.475292,35.334187,126.190002,42.174465,41.359123,137.376358,125.542282,91.860001,98.287537,48.070000,4161.270020,73.329201,,
2017-09-12,216.786728,42.539158,35.310444,126.559998,42.174465,41.650497,137.705963,126.309776,91.910004,97.770920,48.230000,4130.810059,73.361275,,
2017-09-13,216.890762,42.499241,35.310444,125.610001,41.858631,41.760746,137.894302,126.684593,92.519997,97.385353,49.299999,3882.590088,73.361275,,
2017-09-14,216.821396,42.531174,35.334187,126.160004,41.955811,41.745007,137.084427,126.568520,92.120003,97.786339,49.889999,3154.949951,73.345222,,
2017-09-15,217.113327,42.579079,35.381687,125.529999,42.239243,42.036369,137.555298,127.086128,91.870003,97.824890,49.889999,3637.520020,73.345222,,
2017-09-16,,,,,,,,,,,,3625.040039,,,
2017-09-17,,,,,,,,,,,,3582.879883,,,
2017-09-18,217.575027,42.658913,35.413322,124.360001,42.360714,42.343506,137.375061,127.951790,92.050003,97.261963,49.910000,4065.199951,73.345222,,
2017-09-19,217.792847,42.738754,35.452896,124.620003,42.360714,42.603359,137.610977,127.951790,91.790001,97.022934,49.480000,3924.969971,73.377350,,
2017-09-20,217.871338,42.634964,35.365849,123.620003,42.360714,42.902611,137.186249,128.362259,92.510002,97.092300,50.410000,3905.949951,73.377350,,
2017-09-21,217.287567,42.619003,35.373760,122.680000,42.360714,42.847485,136.346268,128.228455,92.260002,97.038345,50.549999,3631.040039,73.377350,,
2017-09-22,217.331100,42.603027,35.373760,123.239998,41.967152,42.634861,136.214096,128.772766,92.169998,97.315926,50.660000,3630.699951,73.377350,,
2017-09-23,,,,,,,,,,,,3792.399902,,,
2017-09-24,,,,,,,,,,,,3682.840088,,,
2017-09-25,216.886703,42.507217,35.326275,124.529999,41.542805,42.611240,134.779510,128.951263,92.650002,97.925125,52.220001,3926.070068,73.377350,,
2017-09-26,217.017426,42.467297,35.278801,123.139999,41.299870,42.875278,135.128723,129.361893,92.970001,97.747795,51.880001,3892.350098,73.377350,,
2017-09-27,217.862579,42.483269,35.302544,121.980003,40.911175,43.237820,136.346268,131.893463,93.360001,96.274918,52.139999,4200.669922,73.377350,,
2017-09-28,218.123947,42.603027,35.350021,122.209999,40.927361,43.174767,136.299072,132.242279,93.089996,95.989624,51.560001,4174.729980,73.361275,,
2017-09-29,218.890671,42.778690,35.476646,121.580002,41.332268,43.111713,137.280670,132.555389,93.080002,96.205566,51.669998,4163.069824,73.393341,,
2017-09-30,,,,,,,,,,,,4338.709961,,,
2017-10-01,,,,,,,,,,,,4403.740234,,,
2017-10-02,219.840378,42.850525,35.524117,120.769997,41.332268,43.253582,137.403336,134.183548,93.559998,96.029327,50.580002,4409.319824,73.396553,,
2017-10-03,220.310883,42.992260,35.620216,120.830002,41.542805,43.545200,137.695892,134.478714,93.570000,96.122093,50.419998,4317.479980,73.396553,,
2017-10-04,220.572205,42.928215,35.564613,121.169998,41.810051,43.458496,137.828049,134.049332,93.459999,96.129791,49.980000,4229.359863,73.380531,,
2017-10-05,221.879181,43.096378,35.691689,120.519997,41.810051,43.419102,139.177704,134.416092,93.959999,95.766647,50.790001,4328.410156,73.396553,,
2017-10-06,221.626465,43.064327,35.651985,121.089996,41.801949,43.356037,139.366516,134.228210,93.800003,95.496201,49.290001,4370.810059,73.380531,,
2017-10-07,,,,,,,,,,,,4426.890137,,,
2017-10-08,,,,,,,,,,,,4610.479980,,,
2017-10-09,221.260529,43.024300,35.612270,122.080002,41.688580,43.387558,139.205994,133.673615,93.739998,95.797554,49.580002,4772.020020,73.380531,,
2017-10-10,221.844284,43.232483,35.763172,122.400002,42.142063,43.608257,139.309875,134.058289,93.290001,95.952095,50.919998,4781.990234,73.380531,,
2017-10-11,222.192795,43.312557,35.826714,122.790001,42.142063,43.757999,139.725143,133.959885,92.959999,96.137543,51.299999,4826.479980,73.380531,,
2017-10-12,221.861755,43.288548,35.826714,122.889999,42.142063,43.631886,139.470276,133.861511,93.120003,96.547066,50.599998,5446.910156,73.412628,,
2017-10-13,222.131821,43.440693,35.906136,123.820000,43.040951,43.955025,140.008301,133.619995,93.089996,97.242462,51.450001,5647.209961,73.412628,,
2017-10-14,,,,,,,,,,,,5831.790039,,,
2017-10-15,,,,,,,,,,,,5678.189941,,,
2017-10-16,222.428070,43.448692,35.914074,122.970001,43.082249,44.278168,140.489670,133.503693,93.279999,97.172951,51.869999,5725.589844,73.396553,,
2017-10-17,222.584930,43.400646,35.890247,122.129997,42.780998,44.262402,140.668976,133.118973,93.489998,97.296555,51.880001,5605.509766,73.412628,,
2017-10-18,222.802643,43.448692,35.906136,121.669998,42.780998,44.459450,140.499115,133.754150,93.360001,96.655212,52.040001,5590.689941,73.412628,,
2017-10-19,222.863693,43.344597,35.882298,122.389999,42.538868,44.207237,139.980057,133.548447,93.269997,96.825211,51.290001,5708.520020,73.412628,,
2017-10-20,224.013763,43.448692,35.914074,121.610001,42.611752,44.719536,140.357529,134.165665,93.699997,95.797554,51.470001,6011.450195,73.428711,,
2017-10-21,,,,,,,,,,,,6031.600098,,,
2017-10-22,,,,,,,,,,,,6008.419922,,,
2017-10-23,223.142487,43.352596,35.858490,121.800003,42.611752,44.743183,139.441986,133.163757,93.940002,95.967529,51.900002,5930.319824,73.412628,,
2017-10-24,223.534592,43.400646,35.866417,121.330002,42.611752,45.436749,139.677933,133.441025,93.959999,95.372559,52.470001,5526.640137,73.444717,,
2017-10-25,222.428070,43.200466,35.723476,121.349998,42.611752,45.066315,139.149414,132.796951,93.709999,94.916679,52.180000,5750.799805,73.444717,,
2017-10-26,222.715576,43.288548,35.763172,120.330002,42.223042,45.460388,138.705826,133.074265,94.610001,94.599846,52.639999,5904.830078,73.444717,,
2017-10-27,224.536530,43.488724,35.937901,120.900002,42.223042,45.673195,142.745453,133.995697,94.919998,95.225746,53.900002,5780.899902,73.444717,,
2017-10-28,,,,,,,,,,,,5753.089844,,,
2017-10-29,,,,,,,,,,,,6153.850098,,,
2017-10-30,223.700150,43.408649,35.937901,121.129997,42.376911,45.428864,143.066315,132.582275,94.489998,96.137543,54.150002,6130.529785,73.428711,,
2017-10-31,224.048630,43.512756,35.977608,120.669998,42.692722,45.767765,143.604340,133.521561,94.550003,96.168419,54.380001,6468.399902,73.444717,,
2017-11-01,224.344864,43.624859,36.025269,121.110001,43.049042,46.240665,143.557114,132.636002,94.820000,96.596596,54.299999,6767.310059,73.452766,,
2017-11-02,224.431976,43.656891,36.064976,121.190002,43.049042,46.146091,143.283417,133.029510,94.690002,97.022514,54.540001,7078.500000,73.436714,,
2017-11-03,225.181305,43.680908,36.080868,120.620003,42.563160,46.303715,144.661346,132.940063,94.940002,97.285767,55.639999,7207.759766,73.436714,,
2017-11-04,,,,,,,,,,,,7379.950195,,,
2017-11-05,,,,,,,,,,,,7407.410156,,,
2017-11-06,225.529800,43.801025,36.128517,121.650002,43.130016,46.138195,145.152191,133.092148,94.720001,97.649727,57.349998,7022.759766,73.452766,,
2017-11-07,225.373001,43.704945,36.104683,121.209999,42.636040,46.579571,145.237167,131.499847,94.910004,98.060074,57.200001,7144.379883,73.452766,,
2017-11-08,225.756332,43.752975,36.152340,121.629997,42.870068,46.839653,145.822311,131.678802,94.870003,97.843269,56.810001,7459.689941,73.452766,,
2017-11-09,224.937302,43.568794,36.041142,122.129997,42.571255,46.130318,145.057877,131.213577,94.440002,97.564507,57.169998,7143.580078,73.436714,,
2017-11-10,224.867691,43.512756,35.914074,121.129997,42.571255,45.838707,145.048355,131.115173,94.389999,96.093323,56.740002,6618.140137,73.452766,,
2017-11-11,,,,,,,,,,,,6357.600098,,,
2017-11-12,,,,,,,,,,,,5950.069824,,,
2017-11-13,225.076767,43.456696,35.922012,121.309998,42.571255,45.665310,145.227737,131.150970,94.489998,96.294647,56.759998,6559.490234,73.452766,,
2017-11-14,224.554001,43.416660,35.850540,121.559998,41.955811,45.428864,144.699142,130.793182,93.830002,96.945107,55.700001,6635.750000,73.452766,,
2017-11-15,223.430023,43.240482,35.794930,121.410004,41.955811,44.845642,144.019608,130.274338,93.809998,97.998146,55.330002,7315.540039,73.452766,,
2017-11-16,225.329391,43.600845,35.993488,121.400002,41.955811,45.665310,145.860092,132.188629,93.930000,97.146378,55.139999,7871.689941,73.468826,,
2017-11-17,224.667221,43.544796,35.937901,122.860001,41.955811,44.987503,145.303223,132.796951,93.660004,97.866570,56.549999,7708.990234,73.452766,,
2017-11-18,,,,,,,,,,,,7790.149902,,,
2017-11-19,,,,,,,,,,,,8036.490234,,,
2017-11-20,225.050629,43.624859,36.025269,121.309998,42.845776,45.476158,145.190002,133.763107,94.080002,97.827774,56.090000,8200.639648,73.468826,,
2017-11-21,226.523071,43.897106,36.184097,121.510002,43.219101,45.846584,146.766159,135.158600,93.949997,98.137566,56.830002,8071.259766,73.484917,,
2017-11-22,226.322662,43.889111,36.263519,122.629997,43.413456,45.350052,146.945496,134.979691,93.220001,98.455025,58.020000,8253.549805,73.484917,,
2017-11-23,,,,,,,,,,,,8038.770020,,,
2017-11-24,226.845398,44.041248,36.319115,122.320000,43.381058,45.846584,147.483459,135.033371,92.760002,98.183968,58.950001,8253.690430,73.468826,,
2017-11-25,,,,,,,,,,,,8790.919922,,,
2017-11-26,,,,,,,,,,,,9330.549805,,,
2017-11-27,226.732193,43.937164,36.247643,122.830002,42.959969,45.436749,147.417404,134.621887,92.900002,98.044586,58.110001,9818.349609,73.468826,,
2017-11-28,229.032318,44.129326,36.350891,122.809998,43.251480,45.759895,147.794937,136.741959,93.260002,98.176239,57.990002,10058.799805,73.500938,,
2017-11-29,228.892929,44.025238,36.263519,122.040001,42.870880,45.878113,145.218262,137.198196,93.260002,97.208336,57.299999,9888.610352,73.484917,,
2017-11-30,230.896896,44.225433,36.406490,121.099998,42.652245,46.193378,146.435806,137.448639,93.010002,96.883156,57.400002,10233.599609,73.484917,,
2017-12-01,230.417633,44.169365,36.327072,121.589996,42.652245,45.728374,145.812851,136.885056,92.900002,98.190536,58.360001,10975.599609,73.489731,,
2017-12-02,,,,,,,,,,,,11074.599609,,,
2017-12-03,,,,,,,,,,,,11323.200195,,,
2017-12-04,230.138870,44.049255,36.327072,121.180000,42.473270,45.428864,144.132843,136.375198,93.190002,98.237106,57.470001,11657.200195,73.497749,,
2017-12-05,229.311172,44.009224,36.279411,120.320000,42.473270,45.578617,144.227264,135.015488,93.379997,98.725883,57.619999,11916.700195,73.505806,,
2017-12-06,229.354675,43.873096,36.184097,120.070000,41.939613,45.255466,144.878494,134.380325,93.610001,99.067291,55.959999,14291.500000,73.497749,,
2017-12-07,230.077881,43.993198,36.223808,118.489998,41.899120,45.807178,145.369278,135.319626,93.800003,98.291367,56.689999,17899.699219,73.505806,,
2017-12-08,231.332443,44.177383,36.446182,118.480003,42.190647,46.161842,146.011093,135.444870,93.900002,98.299133,57.360001,16569.400391,73.513840,,
2017-12-09,,,,,,,,,,,,15178.200195,,,
2017-12-10,,,,,,,,,,,,15455.400391,,,
2017-12-11,232.029495,44.249439,36.390598,118.010002,42.190647,46.382534,147.143661,135.391190,93.870003,98.097435,57.990002,16936.800781,73.505806,,
2017-12-12,232.439011,44.281487,36.398544,118.150002,42.004402,46.540157,146.945496,134.970703,94.099998,98.058609,57.139999,17415.400391,73.513840,,
2017-12-13,232.412872,44.385574,36.517673,119.169998,42.482182,46.248539,147.228653,135.775818,93.430000,98.795715,56.599998,16408.199219,73.505806,,
2017-12-14,231.463165,44.233433,36.390598,118.930000,42.425495,45.988445,147.124802,134.272964,93.489998,99.214722,57.040001,16564.000000,73.513840,,
2017-12-15,233.390640,44.321514,36.470020,119.180000,42.418205,46.161842,148.795364,136.187317,93.930000,99.587143,57.299999,17706.900391,73.521873,,
2017-12-16,,,,,,,,,,,,19497.400391,,,
2017-12-17,,,,,,,,,,,,19140.800781,,,
2017-12-18,234.870667,44.697861,36.716228,119.730003,43.040951,46.823898,150.042892,138.030121,93.699997,98.679367,57.160000,19114.199219,73.529884,,
2017-12-19,233.968689,44.561741,36.589146,119.820000,42.749722,46.658375,149.153870,136.938766,93.470001,97.399117,57.459999,17776.699219,73.531532,,
2017-12-20,233.846085,44.505692,36.517673,120.139999,42.749722,47.083981,148.993118,137.207108,93.349998,96.320602,58.090000,16624.599609,73.531532,,
2017-12-21,234.327667,44.641808,36.644745,120.309998,42.995136,47.091862,149.011978,137.807831,93.279999,96.881958,58.360001,15802.900391,73.531532,,
2017-12-22,234.266357,44.665829,36.612968,120.940002,43.175102,47.351955,148.841736,137.556458,93.349998,97.014183,58.470001,13831.799805,73.547592,,
2017-12-23,,,,,,,,,,,,14699.200195,,,
2017-12-24,,,,,,,,,,,,13925.799805,,,
2017-12-25,,,,,,,,,,,,14026.599609,,,
2017-12-26,233.986160,44.641808,36.660629,121.769997,43.199638,47.218445,148.037811,137.637238,93.260002,97.301834,59.970001,16099.799805,73.539551,,
2017-12-27,234.100037,44.689850,36.724159,122.230003,43.404140,47.274071,148.056732,137.502579,93.029999,98.569260,59.639999,15838.500000,73.555634,,
2017-12-28,234.581665,44.824554,36.774117,122.849998,43.804974,47.099255,148.236404,138.041306,92.599998,98.483734,59.840000,14606.500000,73.555634,,
2017-12-29,233.697189,44.799606,36.782303,123.650002,44.115822,47.146931,147.319000,136.900940,92.120003,98.639236,60.419998,14656.200195,73.539551,,
2017-12-30,,,,,,,,,,,,12952.200195,,,
2017-12-31,,,,,,,,,,,,14156.400391,,,
2018-01-01,,,,,,,,,,,,13657.200195,,,
2018-01-02,235.369781,45.073990,36.946075,125.150002,44.582092,47.250237,149.901047,138.194000,91.849998,97.574036,60.369999,14982.099609,73.547592,,
2018-01-03,236.858566,45.290176,37.068897,124.820000,45.007465,48.013103,151.357605,138.337692,92.160004,98.040527,61.630001,15201.000000,73.563744,,
2018-01-04,237.856888,45.531307,37.232674,125.459999,45.048367,48.688572,151.622421,138.705826,91.849998,98.024994,62.009998,15599.200195,73.571762,,
2018-01-05,239.441925,45.764118,37.363689,125.330002,45.481915,48.974636,153.145142,138.993164,91.949997,97.745056,61.439999,17429.500000,73.571762,,
2018-01-06,,,,,,,,,,,,17527.000000,,,
2018-01-07,,,,,,,,,,,,16477.599609,,,
2018-01-08,239.879761,45.722546,37.380074,125.309998,45.469643,49.260708,153.741058,139.208664,92.330002,97.682854,61.730000,15170.099609,73.579819,,
2018-01-09,240.422791,45.797379,37.355499,124.730003,45.334671,49.062054,153.750504,139.020065,92.529999,96.376572,62.959999,14595.400391,73.579819,,
2018-01-10,240.054993,45.705914,37.257225,125.029999,44.973927,48.783916,153.391083,139.038040,92.330002,96.259949,63.570000,14973.299805,73.579819,,
2018-01-11,241.806473,45.971992,37.470131,125.440002,45.285580,49.173290,154.440903,141.426605,91.849998,96.656517,63.799999,13405.799805,73.571762,,
2018-01-12,243.382782,46.229733,37.666660,126.959999,45.584171,49.387863,155.575897,142.019241,90.970001,96.819809,64.300003,13980.599609,73.595901,,
2018-01-13,,,,,,,,,,,,14360.200195,,,
2018-01-14,,,,,,,,,,,,13772.000000,,,
2018-01-15,,,,,,,,,,,,13819.799805,,,
2018-01-16,242.550842,46.188164,37.584759,127.169998,45.760036,48.911064,155.131363,140.205338,90.389999,97.224091,63.730000,11490.500000,73.579819,,
2018-01-17,244.862701,46.454227,37.748535,126.139999,46.284393,49.769299,156.805435,141.534332,90.540001,97.091904,63.970001,11188.599609,73.595901,,
2018-01-18,244.451141,46.420979,37.715786,125.860001,46.271305,49.181244,156.833862,140.564575,90.500000,96.189972,63.950001,11474.900391,73.595901,,
2018-01-19,245.563293,46.504120,37.781284,126.419998,46.379280,49.356071,157.325623,142.414352,90.570000,95.684570,63.369999,11607.400391,73.603935,,
2018-01-20,,,,,,,,,,,,12899.200195,,,
2018-01-21,,,,,,,,,,,,11600.099609,,,
2018-01-22,247.559967,46.836712,37.977810,126.650002,46.379280,49.626255,159.009125,143.177597,90.400002,95.777870,63.490002,10931.400391,73.611984,,
2018-01-23,248.085464,46.969753,38.010559,127.279999,46.735935,49.570629,160.323868,143.635559,90.120003,96.189972,64.470001,10868.400391,73.611984,,
2018-01-24,247.989075,47.027954,38.100636,128.830002,47.036148,49.006424,159.283478,142.746536,89.209999,95.669052,65.610001,11359.400391,73.620018,,
2018-01-25,248.094193,47.003002,38.051517,127.970001,47.490158,48.807766,159.226700,142.800461,89.389999,96.454361,65.510002,11259.400391,73.620018,,
2018-01-26,250.966537,47.327278,38.272598,128.070007,47.783821,48.950798,161.666885,143.312332,89.070000,96.096672,66.139999,11171.400391,73.636147,,
2018-01-27,,,,,,,,,,,,11440.700195,,,
2018-01-28,,,,,,,,,,,,11786.299805,,,
2018-01-29,249.302658,47.027954,38.092445,127.349998,47.322460,48.744186,160.881882,142.504105,89.309998,95.427986,65.559998,11296.400391,73.620018,,
2018-01-30,246.745636,46.637150,37.797661,126.800003,46.541248,48.060787,159.557785,141.139236,89.190002,94.868179,64.500000,10106.299805,73.628090,,
2018-01-31,246.868134,46.670414,37.854973,127.650002,46.925724,47.989273,160.219788,140.402924,89.129997,95.427986,64.730003,10221.099609,73.636147,,
2018-02-01,246.587921,46.562332,37.740349,128.070007,46.733486,48.370701,158.857864,140.842896,88.669998,94.044968,65.800003,9170.540039,73.632881,,
2018-02-02,241.219757,45.739170,37.183533,126.389999,45.629154,47.997219,155.689362,138.131119,89.199997,93.172287,65.449997,8830.750000,73.640976,,
2018-02-03,,,,,,,,,,,,9174.910156,,,
2018-02-04,,,,,,,,,,,,8277.009766,,,
2018-02-05,231.131302,44.309040,36.372883,126.709999,44.173080,45.287449,149.551025,132.824280,89.550003,94.052788,64.150002,6955.270020,73.632881,,
2018-02-06,235.685074,44.916023,36.684036,125.379997,44.957565,46.717827,153.513992,134.413620,89.589996,93.468361,63.389999,7754.000000,73.640976,,
2018-02-07,234.406586,44.600060,36.536644,124.790001,44.933842,46.185402,151.527847,134.548294,90.260002,92.580154,61.790001,7621.299805,73.649033,,
2018-02-08,225.614227,43.502510,35.791500,124.980003,43.412327,44.397430,145.134186,130.597290,90.230003,92.478821,61.150002,8265.589844,73.640976,,
2018-02-09,229.003250,43.702072,36.020782,124.769997,42.729267,44.866276,147.640549,131.791611,90.440002,91.894508,59.200001,8736.980469,73.657059,,
2018-02-10,,,,,,,,,,,,8621.900391,,,
2018-02-11,,,,,,,,,,,,8129.970215,,,
2018-02-12,232.366043,44.250839,36.307373,125.370003,44.393948,45.652977,150.260422,133.039764,90.209999,92.299629,59.290001,8926.570312,73.657059,,
2018-02-13,232.944077,44.375561,36.290989,126.080002,44.590271,44.619926,151.036011,133.327148,89.699997,92.712624,59.189999,8598.309570,73.657059,,
2018-02-14,236.087952,44.874447,36.659477,128.229996,45.416473,44.905998,153.863922,135.724640,89.120003,91.684097,60.599998,9494.629883,73.657059,,
2018-02-15,239.100372,45.315132,36.937885,128.380005,46.054527,44.770912,156.720322,137.206177,88.589996,91.995758,61.340000,10166.400391,73.665131,,
2018-02-16,239.170456,45.406578,36.970634,127.959999,45.768215,45.541729,156.020432,137.691132,89.099998,92.494446,61.680000,10233.900391,73.673203,,
2018-02-17,,,,,,,,,,,,11112.700195,,,
2018-02-18,,,,,,,,,,,,10551.799805,,,
2018-02-19,,,,,,,,,,,,11225.299805,,,
2018-02-20,237.673004,45.123875,36.806870,126.239998,44.958385,45.533787,156.332550,136.559753,89.720001,92.089279,61.900002,11403.700195,73.673203,,
2018-02-21,236.490753,44.957596,36.675842,125.660004,45.547356,45.351006,155.888000,136.703369,90.080002,90.959473,61.680000,10690.400391,73.665131,,
2018-02-22,236.797241,45.024113,36.675842,126.300003,45.547356,45.056988,155.869125,136.487885,89.750000,91.232201,62.770000,10005.000000,73.673203,,
2018-02-23,240.571594,45.464783,37.052509,126.139999,45.931824,45.859585,159.056458,138.265793,89.879997,92.042511,63.549999,10301.099609,73.689301,,
2018-02-24,,,,,,,,,,,,9813.070312,,,
2018-02-25,,,,,,,,,,,,9664.730469,,,
2018-02-26,243.365250,45.872204,37.208092,126.449997,46.010361,46.455578,161.165588,139.172729,89.820000,92.073677,63.910000,10366.700195,73.673203,,
2018-02-27,240.326401,45.281868,36.864185,125.129997,46.010361,46.090034,159.169983,137.170319,90.360001,91.941231,63.009998,10725.599609,73.689301,,
2018-02-28,237.891891,44.916023,36.618538,125.000000,44.786602,45.398689,158.148468,135.006241,90.610001,92.525635,61.639999,10397.900391,73.697327,,
2018-03-01,234.432846,44.508583,36.422009,124.720001,44.663895,43.833218,155.566452,134.647079,90.320000,93.157227,60.990002,10951.000000,73.704597,,
2018-03-02,235.641296,44.641613,36.503914,125.389999,44.173080,44.079563,156.994629,136.802170,89.940002,92.399910,61.250000,11086.400391,73.712646,,
2018-03-03,,,,,,,,,,,,11489.700195,,,
2018-03-04,,,,,,,,,,,,11512.599609,,,
2018-03-05,238.364807,44.882748,36.684036,125.180000,44.565735,44.413311,158.734894,138.023346,90.080002,92.150047,62.570000,11573.299805,73.712646,,
2018-03-06,238.969086,45.107258,36.765919,126.529999,44.565735,44.627872,159.406403,139.513931,89.620003,92.235962,62.599998,10779.900391,73.712646,,
2018-03-07,238.881531,45.057365,36.774117,125.720001,44.565735,44.159019,159.775238,140.744171,89.639999,92.134460,61.150002,9965.570312,73.712646,,
2018-03-08,240.037460,45.215355,36.839622,125.419998,44.565735,44.460987,160.654892,140.456818,90.120003,92.665352,60.119999,9395.009766,73.704597,,
2018-03-09,244.214691,45.722546,37.183533,125.540001,44.565735,44.810642,163.776031,142.701736,90.089996,92.056381,62.040001,9337.549805,73.720726,,
2018-03-10,,,,,,,,,,,,8866.000000,,,
2018-03-11,,,,,,,,,,,,9578.629883,,,
2018-03-12,243.908173,45.755798,37.175354,125.540001,44.565735,44.842434,164.646225,142.953079,89.900002,92.587257,61.360001,9205.120117,73.728745,,
2018-03-13,242.331879,45.514679,37.068897,125.779999,46.054527,44.707336,162.404602,142.288574,89.660004,93.055740,60.709999,9194.849609,73.728745,,
2018-03-14,241.088333,45.448151,37.044338,125.699997,45.776402,44.794750,162.376205,141.615173,89.699997,93.875481,60.959999,8269.809570,73.728745,,
2018-03-15,240.825714,45.439842,37.027950,124.900002,45.547356,44.826538,162.234375,140.905777,90.139999,93.875481,61.189999,8300.860352,73.720726,,
2018-03-16,241.086761,45.439842,37.044338,124.599998,45.547356,44.492779,161.751984,141.695999,90.230003,93.539757,62.340000,8338.349609,73.736839,,
2018-03-17,,,,,,,,,,,,7916.879883,,,
2018-03-18,,,,,,,,,,,,8223.679688,,,
2018-03-19,237.824799,44.990849,36.765919,124.870003,45.547356,43.729912,158.300873,140.331070,89.900002,93.243118,62.060001,8630.650391,73.736839,,
2018-03-20,238.229279,45.049049,36.790501,124.309998,45.048367,44.198757,158.821869,140.295151,90.370003,92.868347,63.400002,8913.469727,73.728745,,
2018-03-21,237.772034,45.015789,36.815048,126.480003,45.048367,44.023933,158.130295,141.112289,89.779999,92.969818,65.169998,8929.280273,73.744881,,
2018-03-22,231.828415,44.284100,36.323757,125.980003,45.048367,43.245171,154.227264,138.018051,89.860001,93.891098,64.300003,8728.469727,73.752953,,
2018-03-23,226.887054,43.652180,35.963455,127.610001,44.254883,42.045238,150.163177,135.047974,89.440002,93.820824,65.879997,8879.620117,73.761024,,
2018-03-24,,,,,,,,,,,,8668.120117,,,
2018-03-25,,,,,,,,,,,,8495.780273,,,
2018-03-26,233.094528,44.458706,36.438396,128.279999,44.778419,42.967037,155.743011,138.000031,89.029999,93.461678,65.550003,8209.400391,73.752953,,
2018-03-27,229.129120,43.885006,36.119041,127.489998,44.884762,43.070339,150.703201,135.326996,89.370003,94.461067,65.250000,7833.040039,73.769096,,
2018-03-28,228.452148,44.018021,36.200928,125.730003,44.884762,44.262325,148.969528,135.281967,90.059998,94.710831,64.379997,7954.479980,73.777115,,
2018-03-29,231.371170,44.483665,36.495708,125.790001,44.876579,44.508678,151.697861,136.650024,90.150002,95.171516,64.940002,7165.700195,73.793213,,
2018-03-30,,,,,,,,,,,,6890.520020,,,
2018-03-31,,,,,,,,,,,,6973.529785,,,
2018-04-01,,,,,,,,,,,,6844.229980,,,
2018-04-02,226.377136,43.818466,36.078098,127.260002,44.218067,43.507408,147.321182,133.319946,90.050003,95.359299,63.009998,7083.799805,73.789230,,
2018-04-03,229.278595,44.176197,36.283558,126.300003,44.663895,44.294117,148.978989,135.227966,90.199997,94.623856,63.509998,7456.109863,73.781158,,
2018-04-04,231.731659,44.459682,36.447922,126.449997,44.132179,44.333847,151.328400,136.947021,90.139999,94.428230,63.369999,6853.839844,73.797279,,
2018-04-05,233.560577,44.676491,36.554756,125.800003,44.132179,44.826538,152.190445,138.081039,90.459999,93.724052,63.540001,6811.470215,73.805374,,
2018-04-06,228.355392,44.109474,36.258896,126.389999,44.173080,43.865013,148.382202,135.326996,90.110001,94.749023,62.060001,6636.319824,73.805374,,
2018-04-07,,,,,,,,,,,,6911.089844,,,
2018-04-08,,,,,,,,,,,,7023.520020,,,
2018-04-09,229.480820,44.309601,36.365742,126.820000,44.197624,44.079563,149.424301,135.488983,89.839996,94.905464,63.419998,6770.729980,73.813416,,
2018-04-10,233.129684,44.809898,36.702690,127.120003,44.467575,44.611980,152.721024,138.045044,89.589996,94.733322,65.510002,6834.759766,73.805374,,
2018-04-11,231.907532,44.659813,36.587639,128.110001,44.597637,44.556351,151.839996,138.342072,89.570000,95.069786,66.820000,6968.319824,73.821503,,
2018-04-12,233.815430,44.851589,36.694466,126.620003,44.623810,44.604031,153.668320,139.287094,89.750000,94.373482,67.070000,7889.250000,73.821503,,
2018-04-13,233.129684,44.701511,36.612286,127.449997,44.623810,44.723232,152.872574,138.558060,89.800003,94.592514,67.389999,7895.959961,73.821503,,
2018-04-14,,,,,,,,,,,,7986.240234,,,
2018-04-15,,,,,,,,,,,,8329.110352,,,
2018-04-16,235.046356,44.943306,36.760216,127.629997,44.492111,44.731174,154.037811,139.836060,89.430000,94.623856,66.220001,8058.669922,73.837624,,
2018-04-17,237.561035,45.251823,36.908142,127.750000,44.604996,44.826538,157.353516,141.357101,89.519997,94.882065,66.519997,7902.089844,73.837624,,
2018-04-18,237.736816,45.343559,36.982113,127.849998,44.604996,45.104668,157.675644,141.735123,89.620003,94.123116,68.470001,8163.419922,73.829559,,
2018-04-19,236.418045,45.143421,36.850616,127.599998,44.721149,45.064930,156.226181,140.754089,89.940002,93.356339,68.290001,8294.309570,73.845734,,
2018-04-20,234.413269,44.851589,36.653374,126.629997,44.353046,45.041092,153.753601,139.998047,90.320000,92.683464,68.379997,8845.830078,73.845734,,
2018-04-21,,,,,,,,,,,,8895.580078,,,
2018-04-22,,,,,,,,,,,,8802.459961,,,
2018-04-23,234.378189,44.809898,36.554756,125.620003,43.919491,45.486099,153.365219,139.791077,90.940002,92.706970,68.639999,8930.879883,73.845734,,
2018-04-24,231.221802,44.468025,36.382164,126.230003,43.926857,45.319225,150.115814,138.990067,90.769997,92.284431,67.699997,9697.500000,73.853767,,
2018-04-25,231.793228,44.426334,36.365742,125.410004,43.926857,45.652977,150.295776,138.783051,91.169998,91.666359,68.050003,8845.740234,73.861824,,
2018-04-26,234.149567,44.684822,36.587639,124.970001,43.792706,45.827801,153.459930,139.422089,91.559998,92.307877,68.190002,9281.509766,73.869919,,
2018-04-27,234.369354,44.776543,36.595856,125.500000,44.361217,45.525829,153.554672,139.224091,91.540001,93.019882,68.099998,8987.049805,73.877960,,
2018-04-28,,,,,,,,,,,,9348.480469,,,
2018-04-29,,,,,,,,,,,,9419.080078,,,
2018-04-30,232.566940,44.584759,36.447922,124.589996,44.361217,45.525829,152.465225,137.991013,91.839996,93.184166,68.570000,9240.549805,73.869919,,
2018-05-01,232.980164,44.559742,36.431480,123.709999,43.714993,45.732437,154.208328,138.666092,92.449997,92.848549,67.250000,9119.009766,73.875572,,
2018-05-02,231.415176,44.401321,36.365742,123.650002,43.459770,45.446369,153.298935,139.188019,92.510002,92.746643,67.930000,9235.919922,73.883629,,
2018-05-03,230.905212,44.342953,36.316444,124.279999,43.459770,45.184128,153.279938,138.432068,92.410004,93.162277,68.430000,9743.860352,73.883629,,
2018-05-04,233.894577,44.593102,36.472576,124.540001,43.459770,45.462261,156.188293,140.160049,92.570000,93.303368,69.720001,9700.759766,73.899811,,
2018-05-05,,,,,,,,,,,,9858.150391,,,
2018-05-06,,,,,,,,,,,,9654.799805,,,
2018-05-07,234.685959,44.651463,36.497238,124.570000,42.995136,45.438412,157.486145,141.348114,92.750000,93.154373,70.730003,9373.009766,73.899811,,
2018-05-08,234.685959,44.709839,36.538326,124.589996,42.651566,45.605301,157.325089,142.050125,93.120003,93.068115,69.059998,9234.820312,73.907883,,
2018-05-09,236.954315,44.918285,36.653374,124.330002,42.651566,45.454315,159.039871,142.815109,93.040001,92.511406,71.139999,9325.179688,73.907883,,
2018-05-10,239.169983,45.226818,36.883492,125.180000,43.494125,45.573505,160.688126,143.580139,92.650002,93.256363,71.360001,9043.940430,73.907883,,
2018-05-11,239.899765,45.351883,36.941017,125.000000,43.494125,45.859585,160.536560,143.859146,92.540001,93.491585,70.699997,8441.490234,73.907883,,
2018-05-12,,,,,,,,,,,,8504.889648,,,
2018-05-13,,,,,,,,,,,,8723.940430,,,
2018-05-14,240.014099,45.368557,36.965660,124.489998,43.494125,46.137714,160.811340,143.310120,92.589996,92.997589,70.959999,8716.790039,73.907883,,
2018-05-15,238.361115,45.060051,36.735554,122.480003,43.494125,46.042362,159.030304,143.337143,93.220001,91.939011,71.309998,8510.379883,73.924065,,
2018-05-16,239.363449,45.218472,36.809513,122.290001,43.494125,46.177452,160.081848,144.831192,93.389999,91.586182,71.489998,8368.830078,73.932106,,
2018-05-17,239.161240,45.110069,36.784870,122.360001,42.529682,46.471462,159.466034,145.497192,93.470001,91.123512,71.489998,8094.319824,73.932106,,
2018-05-18,238.563324,45.085068,36.710911,122.410004,42.136211,46.304588,158.641891,145.686142,93.639999,91.907654,71.279999,8250.969727,73.940186,,
2018-05-19,,,,,,,,,,,,8247.179688,,,
2018-05-20,,,,,,,,,,,,8513.250000,,,
2018-05-21,240.357010,45.310196,36.899921,122.480003,42.136211,46.527107,159.532379,146.649246,93.680000,91.954704,72.239998,8418.990234,73.940186,,
2018-05-22,239.688675,45.276836,36.867058,122.410004,42.601662,46.344330,159.323959,145.587158,93.610001,91.813545,72.129997,8041.779785,73.940186,,
2018-05-23,240.348206,45.210133,36.801308,122.540001,42.243370,45.811913,160.669250,145.776184,94.010002,92.480057,71.839996,7557.819824,73.948288,,
2018-05-24,239.855759,45.093403,36.809513,123.589996,42.283455,45.080826,160.621780,145.830200,93.779999,93.217148,70.709999,7587.339844,73.964439,,
2018-05-25,239.284332,44.985004,36.727341,123.209999,42.577946,44.913952,160.782898,145.569183,94.190002,93.797386,67.879997,7480.140137,73.972542,,
2018-05-26,,,,,,,,,,,,7355.879883,,,
2018-05-27,,,,,,,,,,,,7368.220215,,,
2018-05-28,,,,,,,,,,,,7135.990234,,,
2018-05-29,236.532364,44.526398,36.505447,123.190002,41.391815,44.127235,160.072357,145.371216,94.830002,95.851807,66.730003,7472.589844,73.972542,,
2018-05-30,239.688675,44.968327,36.768429,123.370003,41.751743,44.516621,161.218658,147.675262,94.150002,95.208801,68.209999,7406.520020,73.964439,,
2018-05-31,238.220352,44.768192,36.628719,123.099998,41.751743,44.119289,161.114456,146.496185,93.989998,95.051987,67.040001,7494.169922,73.980598,,
2018-06-01,240.559204,45.085068,36.817738,122.489998,42.103489,44.818592,163.643860,147.459244,94.190002,94.549782,65.809998,7541.450195,73.985451,,
2018-06-02,,,,,,,,,,,,7643.450195,,,
2018-06-03,,,,,,,,,,,,7720.250000,,,
2018-06-04,241.702271,45.210133,36.908142,122.370003,42.496967,45.303326,165.121735,148.242294,94.019997,93.865997,64.750000,7514.470215,73.993576,,
2018-06-05,241.878098,45.243492,36.908142,122.849998,42.291630,45.144405,165.633270,149.160263,93.889999,94.086044,65.519997,7633.759766,73.993576,,
2018-06-06,243.900375,45.518646,37.072514,122.919998,42.291630,45.549675,166.599564,150.240311,93.660004,93.323708,64.730003,7653.979980,73.985451,,
2018-06-07,243.873947,45.435276,36.965660,122.860001,41.988979,45.390739,165.244843,149.421326,93.400002,94.227554,65.949997,7678.240234,73.993576,,
2018-06-08,244.594879,45.501972,37.023193,123.010002,41.844177,45.366890,165.254318,149.871307,93.550003,93.944603,65.739998,7624.919922,74.009735,,
2018-06-09,,,,,,,,,,,,7531.979980,,,
2018-06-10,,,,,,,,,,,,6786.020020,,,
2018-06-11,244.920242,45.610371,37.031414,123.230003,42.054409,45.764221,165.699585,150.096298,93.580002,93.771667,66.099998,6906.919922,74.017784,,
2018-06-12,245.236740,45.518646,36.990330,122.820000,41.719021,45.494038,166.571152,150.780289,93.800003,93.795265,66.360001,6582.359863,74.017784,,
2018-06-13,244.454254,45.485294,36.998543,123.190002,42.037235,45.398689,166.561661,150.186279,93.709999,93.748100,66.639999,6349.899902,74.009735,,
2018-06-14,245.069733,45.426929,37.023193,123.379997,41.203671,45.446369,168.247925,150.987320,94.769997,94.526184,66.889999,6675.350098,74.033974,,
2018-06-15,244.757004,45.326870,36.941017,121.339996,40.778290,45.136448,167.660553,151.032349,94.790001,94.612656,65.059998,6456.580078,74.033974,,
2018-06-16,,,,,,,,,,,,6550.160156,,,
2018-06-17,,,,,,,,,,,,6499.270020,,,
2018-06-18,244.253662,45.176781,36.817738,121.110001,40.778290,44.770912,167.563751,151.743378,94.750000,94.526184,65.849998,6734.819824,74.025894,,
2018-06-19,243.317444,44.951653,36.710911,120.800003,39.672783,44.095451,167.089066,151.752365,95.089996,95.076347,65.070000,6769.939941,74.042084,,
2018-06-20,243.732559,45.001682,36.743782,120.260002,40.368366,44.214661,168.275757,152.976349,95.059998,94.243256,66.220001,6776.549805,74.033974,,
2018-06-21,242.204575,44.759861,36.538326,120.050003,39.807785,43.833218,166.813736,151.545349,94.870003,94.738373,65.540001,6729.740234,74.042084,,
2018-06-22,242.646179,44.976658,36.710911,120.339996,39.807785,44.000092,166.443558,151.041290,94.519997,94.730568,68.580002,6083.689941,74.050156,,
2018-06-23,,,,,,,,,,,,6162.479980,,,
2018-06-24,,,,,,,,,,,,6173.229980,,,
2018-06-25,239.343109,44.468025,36.357529,119.889999,39.718056,43.515331,162.693466,148.575272,94.279999,94.942734,68.080002,6249.180176,74.066376,,
2018-06-26,239.873093,44.543072,36.472576,119.260002,39.792133,43.847698,163.358047,149.439301,94.680000,95.076347,70.529999,6093.669922,74.058266,,
2018-06-27,237.885910,44.184525,36.258896,118.580002,39.355858,43.442364,161.136505,147.045212,95.290001,95.972351,72.760002,6157.129883,74.074471,,
2018-06-28,239.245987,44.342953,36.308220,118.220001,39.265312,43.709877,162.522598,147.495209,95.389999,95.995949,73.449997,5903.439941,74.074471,,
2018-06-29,239.590408,44.526398,36.456146,118.650002,39.999580,43.758514,162.959290,147.396271,94.629997,95.665817,74.150002,6218.299805,74.090599,,
2018-06-30,,,,,,,,,,,,6404.000000,,,
2018-07-01,,,,,,,,,,,,6385.819824,,,
2018-07-02,240.102722,44.401321,36.341087,117.459999,39.520493,43.191071,164.051102,148.413269,94.870003,95.590965,73.940002,6614.180176,74.080070,,
2018-07-03,239.254807,44.302868,36.391632,118.650002,39.520493,42.907345,162.152390,149.004944,94.589996,96.102974,74.139999,6529.589844,74.096329,,
2018-07-04,,,,,,,,,,,,6597.549805,,,
2018-07-05,241.206619,44.639450,36.557392,119.050003,39.520493,42.899239,164.164978,150.703049,94.470001,96.378738,72.940002,6639.140137,74.096329,,
2018-07-06,243.246796,44.959202,36.731434,118.860001,40.129639,43.134327,166.718781,151.976776,94.040001,96.693787,73.800003,6673.500000,74.112511,,
2018-07-07,,,,,,,,,,,,6856.930176,,,
2018-07-08,,,,,,,,,,,,6773.879883,,,
2018-07-09,245.437119,45.278965,36.922062,119.150002,40.730545,43.847698,168.218765,152.934174,94.080002,96.071487,73.849998,6741.750000,74.112511,,
2018-07-10,246.320328,45.354691,37.004936,118.930000,40.730545,43.920647,168.342224,152.238602,94.110001,96.063606,74.110001,6329.950195,74.120590,,
2018-07-11,244.518585,44.942387,36.748016,117.639999,40.507481,43.555866,167.487793,150.946976,94.720001,96.433884,70.379997,6394.709961,74.120590,,
2018-07-12,246.735382,45.253719,36.905479,118.129997,40.557690,43.653141,170.373901,151.678604,94.809998,96.425980,70.330002,6228.810059,74.120590,,
2018-07-13,246.929657,45.321041,37.004936,117.610001,40.697628,43.977406,170.516312,151.227005,94.750000,96.670151,71.010002,6238.049805,74.128708,,
2018-07-14,,,,,,,,,,,,6276.120117,,,
2018-07-15,,,,,,,,,,,,6359.640137,,,
2018-07-16,246.708862,45.253719,36.980064,117.550003,40.631771,44.026031,170.108047,150.639862,94.510002,96.268433,68.059998,6741.750000,74.136780,,
2018-07-17,247.706863,45.371513,37.054668,116.279999,40.898487,44.617802,171.142822,151.308243,94.970001,96.087257,68.080002,7321.040039,74.136780,,
2018-07-18,248.228027,45.430416,37.004936,116.309998,40.898487,44.577271,170.820068,151.732803,95.080002,95.701263,68.760002,7370.779785,74.144897,,
2018-07-19,247.291748,45.278965,36.938629,115.809998,40.244888,44.561066,169.965622,152.807693,95.169998,96.307823,69.459999,7466.859863,74.152985,,
2018-07-20,247.009186,45.371513,37.013226,116.559998,41.051590,44.244919,169.927689,152.184418,94.459999,95.126251,70.459999,7354.129883,74.161110,,
2018-07-21,,,,,,,,,,,,7419.290039,,,
2018-07-22,,,,,,,,,,,,7418.490234,,,
2018-07-23,247.468384,45.278965,36.930351,116.000000,40.812878,44.455673,170.468781,152.374146,94.669998,93.952484,67.889999,7711.109863,74.152985,,
2018-07-24,248.713730,45.556641,37.104389,116.040001,41.287018,44.682652,171.171356,150.748230,94.610001,94.275475,68.519997,8424.269531,74.169228,,
2018-07-25,250.833359,45.859577,37.319862,116.680000,41.849243,44.958282,173.563782,151.299210,94.360001,94.125809,69.300003,8181.390137,74.161110,,
2018-07-26,250.241684,45.741764,37.187267,115.769997,41.594883,45.160934,170.934021,152.112167,94.750000,93.944649,69.610001,7951.580078,74.169228,,
2018-07-27,248.546005,45.640800,37.129250,115.830002,41.841839,45.274418,168.627014,149.275848,94.680000,94.102165,68.690002,8165.009766,74.185425,,
2018-07-28,,,,,,,,,,,,8192.150391,,,
2018-07-29,,,,,,,,,,,,8218.459961,,,
2018-07-30,247.247665,45.522980,37.046371,115.650002,41.932384,45.120407,166.244125,148.318420,94.360001,93.779228,70.129997,8180.479980,74.177330,,
2018-07-31,248.466476,45.657623,37.195557,115.989998,42.146408,45.071766,167.516266,149.826889,94.489998,94.291237,68.760002,7780.439941,74.193489,,
2018-08-01,248.051361,45.548233,37.104389,115.139999,41.998245,45.347378,168.152344,149.727524,94.620003,93.523033,67.660004,7624.910156,74.197571,,
2018-08-02,249.402573,45.539810,37.054668,114.519997,41.998245,45.193367,170.440308,150.820496,95.169998,93.657272,68.959999,7567.149902,74.205688,,
2018-08-03,250.471313,45.657623,37.203842,114.919998,41.998245,45.006912,170.962524,150.296570,95.139999,94.123108,68.489998,7434.390137,74.205688,,
2018-08-04,,,,,,,,,,,,7032.850098,,,
2018-08-05,,,,,,,,,,,,7068.479980,,,
2018-08-06,251.389847,45.649212,37.203842,114.330002,41.718369,44.682652,171.968826,151.136688,95.360001,94.178345,69.010002,6951.799805,74.213791,,
2018-08-07,252.219955,45.750195,37.253567,114.589996,42.139015,45.023125,172.595337,151.498001,95.220001,93.688858,69.169998,6753.120117,74.221909,,
2018-08-08,252.113922,45.741764,37.278423,114.910004,42.022934,44.844776,172.804245,151.362503,95.099998,93.783600,66.940002,6305.799805,74.213791,,
2018-08-09,251.769531,45.767010,37.261856,114.739998,42.022934,44.731297,172.699829,151.750854,95.500000,94.573105,66.809998,6568.229980,74.221909,,
2018-08-10,250.082687,45.304214,36.955208,114.690002,40.705868,43.985508,171.380219,151.326355,96.360001,95.259941,67.629997,6184.709961,74.238182,,
2018-08-11,,,,,,,,,,,,6295.729980,,,
2018-08-12,,,,,,,,,,,,6322.689941,,,
2018-08-13,249.146530,45.110683,36.855759,112.959999,39.927967,43.580181,171.190399,150.441147,96.389999,95.062592,67.199997,6297.569824,74.246262,,
2018-08-14,250.736267,45.295792,36.971794,113.070000,40.286034,43.863899,172.263138,151.931534,96.730003,94.849373,67.040001,6199.709961,74.230034,,
2018-08-15,248.863846,44.858227,36.764599,111.190002,39.594578,43.061367,170.155533,150.025589,96.699997,95.402061,65.010002,6308.520020,74.246262,,
2018-08-16,250.877563,45.077007,36.855759,111.099998,39.865410,43.507225,170.715698,151.416641,96.650002,95.394173,65.459999,6334.729980,74.246262,,
2018-08-17,251.760712,45.287392,37.029797,112.129997,39.890919,43.547760,170.753677,152.067047,96.099998,95.512604,65.910004,6580.629883,74.254379,,
2018-08-18,,,,,,,,,,,,6423.759766,,,
2018-08-19,,,,,,,,,,,,6506.069824,,,
2018-08-20,252.299484,45.464085,37.096100,112.690002,40.072018,43.523430,170.601685,152.491547,95.900002,96.152039,66.430000,6308.529785,74.254379,,
2018-08-21,252.891129,45.623959,37.212128,113.019997,40.483612,43.636932,171.228348,154.243912,95.260002,95.828384,67.349998,6488.759766,74.262444,,
2018-08-22,252.741074,45.758610,37.295013,113.269997,40.755253,44.001713,171.892899,154.623322,95.150002,96.207314,67.860001,6376.709961,74.262444,,
2018-08-23,252.405426,45.531406,37.154118,112.199997,40.755253,43.993614,171.646072,154.153595,95.620003,96.357323,67.830002,6534.879883,74.286819,,
2018-08-24,253.924500,45.741764,37.336445,114.160004,40.854031,43.977406,173.240997,154.993652,95.150002,96.546814,68.720001,6719.959961,74.286819,,
2018-08-25,,,,,,,,,,,,6763.189941,,,
2018-08-26,,,,,,,,,,,,6707.259766,,,
2018-08-27,255.929337,46.112003,37.543644,114.589996,41.438480,44.650219,175.006805,155.219482,94.779999,95.994141,68.870003,6884.640137,74.294937,,
2018-08-28,256.053009,46.103596,37.510487,113.680000,41.364399,44.642124,175.263168,155.363998,94.720001,95.417847,68.529999,7096.279785,74.294937,,
2018-08-29,257.430847,46.280304,37.576790,114.199997,41.496922,45.136612,177.285309,155.815659,94.599998,95.544128,69.510002,7047.160156,74.286819,,
2018-08-30,256.388519,45.960545,37.444191,113.639999,41.018677,44.471882,176.972015,155.689133,94.720001,95.749451,70.250000,6978.229980,74.319267,,
2018-08-31,256.397369,45.977371,37.427612,113.510002,40.738781,44.439465,177.199814,156.285355,95.139999,95.528366,69.800003,7037.580078,74.311165,,
2018-09-01,,,,,,,,,,,,7193.250000,,,
2018-09-02,,,,,,,,,,,,7272.720215,,,
2018-09-03,,,,,,,,,,,,7260.060059,,,
2018-09-04,255.955765,45.640800,37.236996,112.930000,40.096714,43.961185,176.440353,155.589828,95.419998,94.976067,69.870003,7361.660156,74.317673,,
2018-09-05,255.266983,45.447258,37.062950,113.320000,39.717236,43.563976,174.161865,155.174271,95.129997,94.722855,68.720001,6792.830078,74.309532,,
2018-09-06,254.498596,45.413601,37.096100,113.540001,39.827538,43.442364,172.604889,154.126526,95.019997,95.071007,67.769997,6529.169922,74.325775,,
2018-09-07,254.004013,45.228477,36.938629,113.230003,39.742752,43.158649,171.940338,154.045181,95.370003,94.263931,67.750000,6467.069824,74.342033,,
2018-09-08,,,,,,,,,,,,6225.979980,,,
2018-09-09,,,,,,,,,,,,6300.859863,,,
2018-09-10,254.445618,45.321041,37.004936,113.150002,39.479336,43.345100,172.519440,154.234894,95.150002,94.612099,67.540001,6329.700195,74.342033,,
2018-09-11,255.284607,45.396770,36.988358,113.220001,39.133610,43.563976,173.848587,154.487823,95.059998,93.892036,69.250000,6321.200195,74.350197,,
2018-09-12,255.346359,45.497749,37.071239,114.169998,39.635742,43.369419,173.335938,154.117432,94.800003,94.113602,70.370003,6351.799805,74.350197,,
2018-09-13,256.856689,45.716522,37.203842,113.760002,39.635742,44.026031,175.187164,154.153595,94.540001,94.255997,68.589996,6517.310059,74.350197,,
2018-09-14,256.900879,45.708111,37.220425,113.019997,40.154335,44.674549,174.674515,154.803970,94.980003,93.805000,68.989998,6512.709961,74.358299,,
2018-09-15,,,,,,,,,,,,6543.200195,,,
2018-09-16,,,,,,,,,,,,6517.180176,,,
2018-09-17,255.540817,45.598717,37.129250,113.610001,39.820129,44.601589,172.158722,153.160004,94.510002,93.805000,68.910004,6281.200195,74.374519,,
2018-09-18,256.927307,45.867985,37.278423,113.440002,39.956772,45.971573,173.582718,153.801331,94.620003,92.823799,69.849998,6371.299805,74.374519,,
2018-09-19,257.201111,45.960545,37.295013,113.879997,40.244888,46.101280,173.449829,153.241272,94.550003,92.269897,71.120003,6398.540039,74.374519,,
2018-09-20,259.285431,46.238239,37.535358,114.269997,40.839214,46.360691,175.367569,154.659439,93.910004,92.697235,70.800003,6519.669922,74.390808,,
2018-09-21,259.048645,46.263485,37.510487,113.489998,40.839214,46.498489,174.408707,153.918716,94.220001,92.657623,70.779999,6734.950195,74.390808,,
2018-09-22,,,,,,,,,,,,6721.979980,,,
2018-09-23,,,,,,,,,,,,6710.629883,,,
2018-09-24,258.187988,46.120422,37.460770,113.470001,40.458912,46.385006,174.893784,153.349655,94.260002,92.420258,72.080002,6595.410156,74.398911,,
2018-09-25,257.948456,46.128838,37.427612,113.650002,40.668823,46.757896,175.131531,153.584518,94.129997,92.325356,72.279999,6446.470215,74.398911,,
2018-09-26,257.176575,46.044697,37.411049,113.050003,41.035122,46.790333,175.255157,152.180740,94.190002,92.974113,71.570000,6495.000000,74.398911,,
2018-09-27,257.895203,46.154076,37.493931,112.050003,41.068050,47.001099,176.738815,152.189758,95.000000,93.037445,72.120003,6676.750000,74.415192,,
2018-09-28,257.921875,45.968964,37.402752,112.760002,40.903416,46.976776,176.700806,152.651672,95.190002,92.792168,73.250000,6644.129883,74.415192,,
2018-09-29,,,,,,,,,,,,6601.959961,,,
2018-09-30,,,,,,,,,,,,6625.560059,,,
2018-10-01,258.817871,46.061520,37.460770,112.570000,40.944580,47.576656,177.062195,150.641098,95.300003,92.110954,75.300003,6589.620117,74.420074,,
2018-10-02,258.667084,45.924793,37.357567,113.870003,40.712444,47.349667,176.662750,149.010818,95.510002,92.673950,75.230003,6556.100098,74.428177,,
2018-10-03,258.808960,45.891029,37.315960,113.419998,40.327202,47.187546,176.852936,150.315002,95.760002,91.064133,76.410004,6502.589844,74.428177,,
2018-10-04,256.786316,45.426804,37.033012,113.480003,39.273537,46.514709,173.457626,148.204880,95.750000,90.421768,74.330002,6576.689941,74.444466,,
2018-10-05,255.349075,45.241104,36.791676,113.800003,39.051277,46.385006,171.336700,146.864410,95.620003,89.644630,74.339996,6622.479980,74.452614,,
2018-10-06,,,,,,,,,,,,6588.310059,,,
2018-10-07,,,,,,,,,,,,6602.950195,,,
2018-10-08,255.349075,45.156704,36.758381,112.540001,39.248852,46.376907,170.290573,146.556488,95.769997,89.343254,74.290001,6652.229980,74.452614,,
2018-10-09,254.976334,45.114502,36.741749,112.599998,39.248852,45.890518,170.842133,145.985886,95.680000,90.247299,74.959999,6642.640137,74.444466,,
2018-10-10,246.902985,44.076317,36.150871,112.879997,38.384510,44.431351,163.328598,141.792633,95.510002,90.001465,73.169998,6585.529785,74.460724,,
2018-10-11,241.464584,43.477047,35.759743,115.779999,38.237167,43.515331,161.302811,139.084641,95.019997,91.095848,70.970001,6256.240234,74.468887,,
2018-10-12,244.818192,43.848431,36.009399,115.230003,38.771400,43.726097,165.791962,139.111816,95.220001,90.778603,71.339996,6274.580078,74.468887,,
2018-10-13,,,,,,,,,,,,6285.990234,,,
2018-10-14,,,,,,,,,,,,6290.930176,,,
2018-10-15,243.443008,43.772457,35.901218,116.000000,38.758236,43.507225,163.785187,139.628082,95.070000,90.738937,71.779999,6596.540039,74.477051,,
2018-10-16,248.766190,44.405491,36.333958,115.800003,39.471107,44.601589,168.550003,143.676437,95.050003,90.945190,71.919998,6596.109863,74.485161,,
2018-10-17,248.810547,44.236694,36.284035,115.790001,39.471107,44.601589,168.616592,143.060577,95.580002,90.405884,69.750000,6544.430176,74.485161,,
2018-10-18,245.217361,43.662735,35.926178,115.919998,38.186954,43.612602,164.707672,140.379745,95.900002,90.374245,68.650002,6476.709961,74.485161,,
2018-10-19,245.084274,43.780899,35.917866,116.010002,38.466831,43.815262,164.555557,138.894485,95.709999,90.175911,69.120003,6465.410156,74.493271,,
2018-10-20,,,,,,,,,,,,6489.189941,,,
2018-10-21,,,,,,,,,,,,6482.350098,,,
2018-10-22,243.984131,43.654305,35.842968,115.709999,38.524456,43.661251,165.401993,138.595612,96.010002,90.057014,69.169998,6487.160156,74.509598,,
2018-10-23,242.742157,43.434845,35.701485,116.389999,37.775372,43.053268,164.793304,137.354782,95.959999,90.342476,66.430000,6475.740234,74.509598,,
2018-10-24,235.387375,42.371338,35.085655,116.660004,37.139053,41.504932,157.251236,132.183441,96.430000,91.024483,66.820000,6495.839844,74.517731,,
2018-10-25,239.610352,42.970608,35.485119,116.400002,37.989395,42.169666,162.691376,135.045319,96.680000,90.643845,67.330002,6476.290039,74.525856,,
2018-10-26,235.396271,42.497932,35.227127,116.769997,37.182682,41.359013,158.506653,133.569092,96.360001,91.191025,67.589996,6474.750000,74.534012,,
2018-10-27,,,,,,,,,,,,6480.379883,,,
2018-10-28,,,,,,,,,,,,6486.390137,,,
2018-10-29,234.092133,42.278484,35.035736,116.309998,37.042740,41.286057,155.244476,132.835495,96.580002,90.984879,67.040001,6332.629883,74.534012,,
2018-10-30,237.561020,42.827126,35.368607,115.800003,37.544884,42.266930,157.802917,135.606888,97.010002,90.532806,66.180000,6334.270020,74.534012,,
2018-10-31,240.098373,43.071911,35.568348,115.150002,37.783600,42.631729,161.512115,135.878571,97.129997,90.072830,65.309998,6317.609863,74.542168,,
2018-11-01,242.653442,43.620529,35.892895,116.629997,38.771400,42.534451,163.642502,139.012207,96.279999,90.156319,63.689999,6377.779785,74.558434,,
2018-11-02,241.216187,43.477047,35.818001,116.650002,38.960743,43.020836,161.093613,139.474121,96.540001,89.035416,63.139999,6388.439941,74.558434,,
2018-11-03,,,,,,,,,,,,6361.259766,,,
2018-11-04,,,,,,,,,,,,6376.129883,,,
2018-11-05,242.546982,43.620529,35.909538,116.370003,39.240612,42.939777,160.694168,139.365433,96.349998,89.385223,63.099998,6419.660156,74.566559,,
2018-11-06,244.081833,43.797783,36.001076,116.040001,39.191227,43.482899,161.911560,140.053711,96.320000,89.329521,62.209999,6461.009766,74.566559,,
2018-11-07,249.307312,44.439255,36.342281,116.029999,39.746864,43.831482,166.990311,142.562485,96.000000,89.448769,61.669998,6530.140137,74.574730,,
2018-11-08,248.854828,44.186043,36.209141,115.779999,39.316353,43.547760,165.925110,142.182053,96.639999,89.440826,60.669998,6453.720215,74.582893,,
2018-11-09,246.423981,43.865307,36.026047,114.480003,39.316353,43.069469,163.128922,139.546539,96.910004,90.108604,60.189999,6385.620117,74.599197,,
2018-11-10,,,,,,,,,,,,6409.220215,,,
2018-11-11,,,,,,,,,,,,6411.270020,,,
2018-11-12,241.819473,43.173172,35.601620,113.660004,39.316353,42.437172,158.192810,136.784210,97.540001,90.696877,59.930000,6371.270020,74.591049,,
2018-11-13,241.366989,43.257595,35.626587,113.699997,38.121101,42.275047,158.325928,136.349518,97.300003,90.641228,55.689999,6359.490234,74.599197,,
2018-11-14,239.716873,43.198509,35.626587,114.639999,38.047016,42.339890,157.118134,135.353287,96.800003,90.696877,56.250000,5738.350098,74.591049,,
2018-11-15,242.218704,43.460163,35.793007,114.769997,38.606777,42.502022,159.866730,137.282379,96.930000,90.657150,56.459999,5648.029785,74.615494,,
2018-11-16,242.848572,43.612083,35.884571,115.620003,38.606777,42.137241,159.305542,137.608383,96.470001,91.181801,56.459999,5575.549805,74.623650,,
2018-11-17,,,,,,,,,,,,5554.330078,,,
2018-11-18,,,,,,,,,,,,5623.540039,,,
2018-11-19,238.740906,43.046581,35.593296,115.669998,38.804333,41.715698,154.131760,134.818954,96.190002,91.436211,56.759998,4871.490234,74.615494,,
2018-11-20,234.322708,42.464180,35.202160,115.669998,37.882378,41.156357,151.373581,132.219604,96.809998,91.467979,53.430000,4451.870117,74.631783,,
2018-11-21,235.121216,42.759590,35.360287,115.860001,38.507992,41.861614,152.524368,134.067230,96.709999,91.436211,54.630001,4602.169922,74.648094,,
2018-11-22,,,,,,,,,,,,4365.939941,,,
2018-11-23,233.550934,42.523266,35.227127,115.769997,38.129322,41.496826,151.421173,133.940369,96.919998,91.531586,50.419998,4347.109863,74.648094,,
2018-11-24,,,,,,,,,,,,3880.760010,,,
2018-11-25,,,,,,,,,,,,4009.969971,,,
2018-11-26,237.321411,43.055019,35.560024,115.639999,38.302189,42.493927,154.921127,135.679306,97.070000,91.324928,51.630001,3779.129883,74.656281,,
2018-11-27,238.119888,43.063469,35.510075,114.949997,39.322926,42.388531,155.444183,134.556244,97.370003,91.428253,51.560001,3820.719971,74.656281,,
2018-11-28,243.602707,43.764019,35.959465,115.379997,39.397015,42.907345,160.446884,137.880127,96.790001,90.983070,50.290001,4257.419922,74.664421,,
2018-11-29,243.070450,43.654305,35.959465,115.739998,39.479336,42.696571,159.923782,137.508774,96.779999,91.340805,51.450001,4278.846680,74.672562,,
2018-11-30,244.551971,43.721821,35.984432,115.540001,38.969788,42.801964,161.084061,138.224304,97.269997,91.682655,50.930000,4017.268555,74.680710,,
2018-12-01,,,,,,,,,,,,4214.671875,,,
2018-12-02,,,,,,,,,,,,4139.877930,,,
2018-12-03,247.790207,44.135403,36.292347,116.410004,39.727112,43.442364,163.899292,139.546539,97.040001,92.333626,52.950001,3894.130859,74.678261,,
2018-12-04,239.761185,43.139420,35.693165,117.120003,39.206860,41.496826,157.612625,133.605331,96.970001,93.879433,53.250000,3956.893799,74.686440,,
2018-12-05,,,,,,,,,,,,3753.994873,,,
2018-12-06,239.397446,42.953724,35.435181,117.139999,38.450371,41.326591,158.725403,133.315506,96.809998,94.174217,51.490002,3521.101807,74.702759,,
2018-12-07,233.834854,42.438850,35.235451,118.089996,38.162262,40.799671,153.484940,130.435455,96.510002,94.349556,52.610001,3419.937256,74.710953,,
2018-12-08,,,,,,,,,,,,3476.114746,,,
2018-12-09,,,,,,,,,,,,3614.234375,,,
2018-12-10,234.278366,42.320690,35.168869,117.680000,37.322628,40.726715,155.092300,130.055084,97.220001,94.739922,51.000000,3502.656006,74.719109,,
2018-12-11,234.331650,42.312252,35.160561,117.540001,37.322628,40.588905,155.605896,129.919205,97.389999,94.724037,51.650002,3424.588135,74.710953,,
2018-12-12,235.511581,42.658318,35.393570,117.790001,38.627354,40.978004,156.975403,131.159988,97.040001,94.301727,51.150002,3486.950195,74.727264,,
2018-12-13,235.431778,42.666748,35.351955,117.529999,38.442142,41.123936,157.022995,129.303375,97.059998,94.078636,52.580002,3313.677246,74.735428,,
2018-12-14,231.084549,42.109680,35.052368,117.059998,37.952354,40.588905,153.199661,127.347107,97.440002,94.405319,51.200001,3242.484863,74.743591,,
2018-12-15,,,,,,,,,,,,3236.761719,,,
2018-12-16,,,,,,,,,,,,3252.839111,,,
2018-12-17,226.551102,41.594810,34.744453,117.870003,37.701283,39.956600,149.728180,124.511002,97.099998,94.955116,49.880001,3545.864746,74.751793,,
2018-12-18,226.302612,41.603249,34.794392,118.150002,38.388802,40.070099,150.669769,124.356529,97.139999,95.523743,46.240002,3696.059082,74.751793,,
2018-12-19,222.913559,41.248737,34.553055,117.430000,38.699413,39.470219,146.970108,121.766739,97.040001,96.785721,47.200001,3745.950684,74.743576,,
2018-12-20,219.285019,40.902691,34.261772,119.239998,38.271282,38.716328,144.839691,119.758469,96.279999,96.434311,45.880001,4134.441406,74.759926,,
2018-12-21,214.792023,40.337177,33.970505,118.720001,37.717239,37.500351,140.350586,116.650711,96.959999,96.418327,45.590000,3896.543701,74.776321,,
2018-12-22,,,,,,,,,,,,4014.182617,,,
2018-12-23,,,,,,,,,,,,3998.980225,,,
2018-12-24,209.116562,39.704140,33.571053,120.019997,37.587109,36.580738,136.870224,114.388031,96.550003,96.897537,42.529999,4078.599121,74.784492,,
2018-12-25,,,,,,,,,,,,3815.490723,,,
2018-12-26,219.682144,40.835159,34.261772,119.660004,37.497295,37.828087,145.416199,119.885704,97.050003,95.859222,46.220001,3857.297607,74.776321,,
2018-12-27,221.368683,40.995537,34.345001,120.570000,38.103382,38.284641,145.978973,120.385483,96.480003,95.875198,44.610001,3654.833496,74.800873,,
2018-12-28,221.083130,41.097561,34.454842,121.059998,38.497936,38.121574,145.902634,120.730797,96.389999,96.681870,45.330002,3923.918701,74.809013,,
2018-12-29,,,,,,,,,,,,3820.408691,,,
2018-12-30,,,,,,,,,,,,3865.952637,,,
2018-12-31,223.019608,41.276085,34.639324,121.250000,38.399723,37.819935,147.133072,121.675880,96.169998,97.049316,45.410000,3742.700439,74.817207,,
2019-01-01,,,,,,,,,,,,3843.520020,,,
2019-01-02,223.251587,41.284592,34.630936,121.330002,38.502136,37.885166,147.724426,122.366508,96.820000,97.560425,46.540001,3943.409424,74.809013,,
2019-01-03,217.924179,40.774487,34.261982,122.430000,38.129414,37.045433,142.898193,120.176476,96.309998,98.670624,47.090000,3836.741211,74.833557,,
2019-01-04,225.223724,41.777695,34.941193,121.440002,39.094799,38.692257,149.012070,124.665489,96.190002,97.528503,47.959999,3857.717529,74.841759,,
2019-01-05,,,,,,,,,,,,3845.194580,,,
2019-01-06,,,,,,,,,,,,4076.632568,,,
2019-01-07,226.999527,41.947731,35.008266,121.860001,39.177902,39.034679,150.786148,126.846397,95.709999,97.240974,48.520000,4025.248291,74.841759,,
2019-01-08,229.132248,42.211281,35.142433,121.529999,39.153553,39.181423,152.150024,128.791061,95.900002,96.985405,49.779999,4030.847900,74.841759,,
2019-01-09,230.203094,42.542854,35.343685,122.309998,39.757137,39.132500,153.389999,129.854202,95.220001,96.833641,52.360001,4035.296387,74.841759,,
2019-01-10,231.015137,42.636375,35.452675,121.589996,39.957771,39.637970,153.828690,130.526657,95.540001,96.210678,52.590000,3678.924561,74.849937,,
2019-01-11,231.104401,42.517342,35.368832,121.800003,39.883060,39.173264,153.265991,130.562973,95.669998,96.586060,51.590000,3687.365479,74.866280,,
2019-01-12,,,,,,,,,,,,3661.301025,,,
2019-01-13,,,,,,,,,,,,3552.953125,,,
2019-01-14,229.694427,42.389824,35.259838,122.089996,39.701729,38.969460,151.911560,129.263580,95.589996,96.226646,50.509998,3706.052246,74.858101,,
2019-01-15,232.326889,42.636375,35.435917,121.879997,39.891449,39.784718,154.877914,130.353973,95.970001,95.875198,52.110001,3630.675293,74.874466,,
2019-01-16,232.889114,42.755394,35.519764,122.269997,40.242348,40.061913,154.849289,131.326324,96.059998,95.971054,52.310001,3655.006836,74.882690,,
2019-01-17,234.656006,42.967945,35.687473,122.110001,40.150848,39.988518,156.070175,132.516708,96.070000,95.995003,52.070000,3678.563965,74.899033,,
2019-01-18,237.779236,43.376041,35.897102,121.019997,40.467323,40.828247,157.615280,133.879807,96.339996,95.491859,53.799999,3657.839355,74.899033,,
2019-01-19,,,,,,,,,,,,3728.568359,,,
2019-01-20,,,,,,,,,,,,3601.013672,,,
2019-01-21,,,,,,,,,,,,3576.032471,,,
2019-01-22,234.566696,42.848927,35.603626,121.449997,39.823456,39.988518,154.458221,131.762512,96.300003,96.138794,52.570000,3604.577148,74.907181,,
2019-01-23,235.057571,42.976440,35.687473,121.279999,40.311188,39.988518,154.658524,131.399048,96.120003,96.098846,52.619999,3585.123047,74.907181,,
2019-01-24,235.182434,43.095474,35.762932,121.089996,40.663757,40.314629,155.660019,132.189575,96.599998,96.729820,53.130001,3600.865479,74.931732,,
2019-01-25,237.172470,43.418541,35.955807,122.860001,41.090210,40.779335,157.519943,133.888870,95.790001,96.266556,53.689999,3599.765869,74.923546,,
2019-01-26,,,,,,,,,,,,3602.460449,,,
2019-01-27,,,,,,,,,,,,3583.965820,,,
2019-01-28,235.369919,43.180492,35.804859,123.290001,40.657887,40.502148,155.574158,133.170990,95.750000,96.170723,51.990002,3470.450439,74.931732,,
2019-01-29,235.057571,43.214500,35.846794,123.980003,40.840046,40.420620,154.105392,132.852936,95.820000,96.657913,53.310001,3448.116943,74.931732,,
2019-01-30,238.778748,43.716095,36.157043,124.690002,41.410885,40.705959,158.025436,134.306900,95.339996,96.586060,54.230000,3486.181641,74.948090,,
2019-01-31,240.875702,43.962650,36.341507,124.750000,41.687912,40.763027,160.390900,135.451859,95.580002,97.416679,53.790001,3457.792725,74.948090,,
2019-02-01,240.991760,43.894634,36.299599,124.500000,41.438580,40.714108,159.713684,135.560898,95.580002,96.828339,55.259998,3487.945312,74.955467,,
2019-02-02,,,,,,,,,,,,3521.060791,,,
2019-02-03,,,,,,,,,,,,3464.013428,,,
2019-02-04,242.687241,44.081680,36.400215,123.959999,41.524216,41.072823,161.697571,137.178421,95.849998,96.396049,54.560001,3459.154053,74.963669,,
2019-02-05,243.704559,44.336731,36.559532,124.279999,41.996838,41.186966,163.128235,137.323822,96.099998,96.836327,53.660000,3466.357422,74.963669,,
2019-02-06,243.383270,44.183697,36.467297,123.440002,41.478046,40.828247,162.641830,137.151123,96.419998,96.884354,54.009998,3413.767822,74.980042,,
2019-02-07,241.063202,43.835121,36.274433,123.739998,40.924000,40.224964,160.457626,136.024338,96.510002,97.524750,52.639999,3399.471680,74.980042,,
2019-02-08,241.357605,43.792618,36.291203,124.209999,40.798073,39.695034,160.772430,136.169724,96.639999,97.941010,52.720001,3666.780273,74.996460,,
2019-02-09,,,,,,,,,,,,3671.203613,,,
2019-02-10,,,,,,,,,,,,3690.188232,,,
2019-02-11,241.491531,43.860634,36.266052,123.599998,40.597446,39.972233,160.619736,137.305618,97.059998,97.556808,52.410000,3648.430664,74.988258,,
2019-02-12,244.596878,44.192196,36.551147,123.860001,41.058315,40.746719,162.994720,139.023056,96.709999,97.308640,53.099998,3653.528564,75.004646,,
2019-02-13,245.391052,44.243214,36.492462,123.370003,40.487473,41.129890,163.109222,139.413773,97.129997,96.940361,53.900002,3632.070557,75.004646,,
2019-02-14,244.846786,44.268715,36.559532,124.059998,40.740990,40.901619,163.309464,139.731857,96.980003,97.492729,54.410000,3616.880859,75.021042,,
2019-02-15,247.514984,44.600281,36.811081,124.800003,40.740990,41.447838,163.996246,141.958237,96.919998,97.644829,55.590000,3620.810791,75.021042,,
2019-02-16,,,,,,,,,,,,3629.787598,,,
2019-02-17,,,,,,,,,,,,3673.836182,,,
2019-02-18,,,,,,,,,,,,3915.714355,,,
2019-02-19,247.943283,44.787327,36.861389,126.699997,40.931553,41.496773,164.320526,142.348877,96.519997,97.892998,56.090000,3947.094482,75.037422,,
2019-02-20,248.443054,44.897835,36.970409,126.480003,41.246353,41.651657,164.291885,143.021393,96.449997,97.612808,56.919998,3999.820557,75.037422,,
2019-02-21,247.559586,44.761810,36.836250,125.050003,40.907204,41.513077,163.690979,142.476151,96.610001,96.740257,56.959999,3954.118164,75.045654,,
2019-02-22,249.094467,45.016872,37.020721,125.500000,41.343735,41.553837,164.902359,143.712021,96.510002,97.316620,57.259998,4005.526611,75.062057,,
2019-02-23,,,,,,,,,,,,4142.526855,,,
2019-02-24,,,,,,,,,,,,3810.427490,,,
2019-02-25,249.433502,45.050877,37.045879,125.370003,41.662724,41.847328,165.503189,143.748322,96.410004,97.028419,55.480000,3882.696289,75.053810,,
2019-02-26,249.255096,45.084881,37.096191,125.580002,41.511631,41.839172,165.674911,142.757843,96.000000,97.508751,55.500000,3854.357910,75.062057,,
2019-02-27,249.148071,45.025379,37.054268,124.690002,41.348766,41.725040,165.569992,142.957809,96.150002,96.404060,56.939999,3851.047363,75.070206,,
2019-02-28,248.683975,44.846825,36.928490,123.989998,40.915604,41.496773,165.188431,142.467087,96.160004,96.075836,57.220001,3854.785400,75.086617,,
2019-03-01,250.236725,45.076393,37.020721,121.879997,40.647804,41.806561,166.333008,143.793823,96.529999,95.187820,55.799999,3859.583740,75.094818,,
2019-03-02,,,,,,,,,,,,3864.415039,,,
2019-03-03,,,,,,,,,,,,3847.175781,,,
2019-03-04,249.326462,44.940346,37.003952,121.559998,40.521046,41.602749,166.361679,142.494354,96.680000,95.933868,56.590000,3761.557129,75.086632,,
2019-03-05,248.987289,45.050877,37.096191,121.720001,40.740150,41.627205,166.485611,141.830978,96.849998,96.134369,56.560001,3896.375000,75.094818,,
2019-03-06,247.479248,44.804314,36.911709,121.610001,40.722519,41.382622,165.541382,139.050323,96.870003,96.487373,56.220001,3903.942627,75.103043,,
2019-03-07,245.408951,44.455753,36.710464,121.510002,40.135738,40.689663,163.509827,137.832642,97.669998,97.113083,56.660000,3911.484375,75.119423,,
2019-03-08,244.918137,44.370731,36.668545,122.839996,40.135738,40.371704,163.261780,137.796341,97.370003,97.522194,56.070000,3901.131592,75.127670,,
2019-03-09,,,,,,,,,,,,3963.313721,,,
2019-03-10,,,,,,,,,,,,3951.599854,,,
2019-03-11,248.469727,44.804314,36.920094,122.239998,40.487473,40.844559,166.657318,140.204391,97.220001,97.233383,56.790001,3905.227295,75.127670,,
2019-03-12,249.406754,44.931850,37.003952,122.980003,40.487473,40.942387,167.572983,140.277084,96.940002,97.915268,56.869999,3909.156250,75.135864,,
2019-03-13,251.057663,45.178391,37.196815,123.839996,40.704056,41.048355,168.832001,140.831329,96.550003,97.730766,58.259998,3906.717285,75.144073,,
2019-03-14,250.897003,45.144390,37.171654,122.410004,40.462296,40.771179,168.545837,140.258926,96.790001,97.024857,58.610001,3924.369141,75.144073,,
2019-03-15,252.136566,45.356953,37.347733,122.970001,41.100281,41.178814,170.110107,140.631485,96.599998,97.666595,58.520000,3960.911133,75.152298,,
2019-03-16,,,,,,,,,,,,4048.725830,,,
2019-03-17,,,,,,,,,,,,4025.229004,,,
2019-03-18,253.050797,45.543968,37.473515,123.040001,41.352116,41.325554,170.515244,141.531158,96.519997,97.610420,59.090000,4032.507324,75.160515,,
2019-03-19,253.113556,45.526974,37.398045,123.379997,41.409206,41.423393,171.088593,140.813263,96.379997,97.393822,59.029999,4071.190186,75.160515,,
2019-03-20,252.351715,45.509956,37.431599,124.180000,41.259785,41.113594,171.766968,139.639679,95.760002,98.412666,59.830002,4087.476318,75.160515,,
2019-03-21,255.201889,45.816044,37.649605,123.680000,41.259785,41.496773,174.452042,141.471054,96.500000,98.629204,59.980000,4029.326904,75.185158,,
2019-03-22,250.290237,45.067886,37.238739,123.970001,40.856831,40.673347,170.620331,136.323181,96.650002,100.161423,59.040001,4023.968262,75.185158,,
2019-03-23,,,,,,,,,,,,4035.826416,,,
2019-03-24,,,,,,,,,,,,4022.168213,,,
2019-03-25,250.102020,45.084881,37.247124,124.919998,40.722519,40.705959,170.295425,136.924545,96.570000,100.321838,58.820000,3963.070557,75.185158,,
2019-03-26,251.966370,45.288925,37.347733,124.300003,40.919800,41.391052,171.088593,138.364105,96.739998,100.249649,59.939999,3985.080811,75.193359,,
2019-03-27,250.648788,45.220901,37.322594,123.650002,40.319580,41.089283,169.989624,137.826553,96.769997,101.172173,59.410000,4087.066162,75.201584,,
2019-03-28,251.598846,45.305927,37.398045,121.900002,40.607521,41.268715,170.381424,139.056580,97.199997,101.525116,59.299999,4069.107178,75.217964,,
2019-03-29,253.185287,45.501461,37.481903,122.010002,40.892105,41.276871,171.671448,139.484787,97.279999,101.428856,60.139999,4098.374512,75.217964,,
2019-03-30,,,,,,,,,,,,4106.660156,,,
2019-03-31,,,,,,,,,,,,4105.404297,,,
2019-04-01,256.187775,45.909550,37.741848,121.529999,41.467129,42.214802,173.945572,141.006348,97.250000,99.988197,61.590000,4158.183105,75.231148,,
2019-04-02,256.313354,45.959873,37.759541,121.980003,41.368916,42.149548,174.604919,140.641907,97.360001,100.173065,62.580002,4879.877930,75.222954,,
2019-04-03,256.716675,46.079300,37.810074,121.800003,41.637539,42.492092,175.608215,141.370865,97.089996,99.304787,62.459999,4973.021973,75.231148,,
2019-04-04,257.397888,46.104897,37.877457,122.110001,41.809631,42.606277,175.541367,142.063278,97.309998,99.586197,62.099998,4922.798828,75.255844,,
2019-04-05,258.643707,46.301083,37.953259,121.980003,41.809631,42.777550,176.449066,143.393555,97.400002,99.714851,63.080002,5036.681152,75.255844,,
2019-04-06,,,,,,,,,,,,5059.817383,,,
2019-04-07,,,,,,,,,,,,5198.896973,,,
2019-04-08,258.840881,46.352257,37.986961,122.510002,41.809631,42.459469,176.898163,143.156662,97.050003,99.361076,64.400002,5289.770996,75.255844,,
2019-04-09,257.514374,46.147533,37.885880,123.150002,41.992634,42.092457,176.277100,141.407272,97.010002,99.674660,63.980000,5204.958496,75.264084,,
2019-04-10,258.392700,46.241367,37.970108,123.529999,42.359486,42.035362,177.223053,143.329742,96.949997,99.915817,64.610001,5324.551758,75.264084,,
2019-04-11,258.321014,46.241367,37.944839,121.949997,41.836491,42.092457,176.802643,143.147522,97.180000,99.328941,63.580002,5064.487793,75.288750,,
2019-04-12,260.068878,46.488747,38.079601,121.830002,42.027050,42.557350,177.567032,143.666885,96.970001,98.621460,63.889999,5089.539062,75.288750,,
2019-04-13,,,,,,,,,,,,5096.586426,,,
2019-04-14,,,,,,,,,,,,5167.722168,,,
2019-04-15,259.898468,46.454617,38.062756,121.599998,42.015301,42.516563,177.595703,143.202194,96.940002,98.870667,63.400002,5067.108398,75.296982,,
2019-04-16,260.068878,46.488747,38.088028,120.510002,42.267139,42.671520,178.207245,143.539307,97.040001,98.251633,64.050003,5235.559570,75.296982,,
2019-04-17,259.432465,46.505806,38.071182,120.279999,42.367878,42.899887,178.828384,142.227341,97.010002,98.291840,63.759998,5251.937988,75.313431,,
2019-04-18,259.943359,46.463146,38.113293,120.370003,42.107647,42.867271,179.057693,141.808167,97.470001,98.806381,64.000000,5298.385742,75.321686,,
2019-04-19,,,,,,,,,,,,5303.812500,,,
2019-04-20,,,,,,,,,,,,5337.886230,,,
2019-04-21,,,,,,,,,,,,5314.531250,,,
2019-04-22,260.167480,46.497269,38.088028,120.370003,42.107647,42.655220,179.564148,141.434631,97.279999,98.331985,65.699997,5399.365234,75.321686,,
2019-04-23,262.506683,46.676403,38.197533,120.120003,42.048874,42.769398,181.847824,143.566650,97.570000,98.541031,66.300003,5572.362305,75.321686,,
2019-04-24,261.924103,46.625221,38.138565,120.470001,41.620758,42.288208,181.274506,144.013107,98.099998,99.345016,65.889999,5464.866699,75.338074,,
2019-04-25,261.762787,46.522858,38.079601,120.570000,41.620758,42.125084,182.010284,142.819534,98.199997,99.200294,65.209999,5210.515625,75.354568,,
2019-04-26,262.981750,46.693462,38.239639,121.370003,41.767647,42.475784,182.172760,144.204453,98.010002,99.537918,63.299999,5279.348145,75.346359,,
2019-04-27,,,,,,,,,,,,5268.291016,,,
2019-04-28,,,,,,,,,,,,5285.139160,,,
2019-04-29,263.394012,46.761707,38.222794,120.830002,41.805424,42.655220,182.526260,144.896927,97.860001,98.902817,63.500000,5247.352539,75.354568,,
2019-04-30,263.528412,46.821411,38.323872,121.199997,41.747509,42.402378,181.112076,144.222687,97.480003,99.409332,63.910000,5350.726562,75.362762,,
2019-05-01,261.547638,46.446091,38.104877,120.400002,41.687912,42.174019,180.529221,142.855972,97.690002,99.819382,63.599998,5402.697266,75.366096,,
2019-05-02,260.983002,46.454617,38.096455,119.940002,41.575417,42.288208,179.745667,143.521103,97.830002,99.344032,61.810001,5505.283691,75.374329,,
2019-05-03,263.537445,46.812874,38.298599,120.650002,41.973328,42.573647,182.612320,146.263596,97.519997,99.626045,61.939999,5768.289551,75.382561,,
2019-05-04,,,,,,,,,,,,5831.167480,,,
2019-05-05,,,,,,,,,,,,5795.708496,,,
2019-05-06,262.452972,46.565510,38.189098,120.809998,41.355480,42.092457,181.494293,146.427582,97.519997,99.899940,62.250000,5746.807129,75.390816,,
2019-05-07,258.070038,45.959873,37.801647,121.209999,40.751907,41.007729,177.958832,143.530228,97.629997,100.665329,61.400002,5829.501465,75.399078,,
2019-05-08,257.711487,45.942818,37.767952,120.910004,40.915604,40.518375,177.509705,142.828644,97.620003,100.230247,62.119999,5982.457520,75.399078,,
2019-05-09,256.931824,45.746624,37.683727,121.199997,40.084530,40.029022,176.554214,142.309311,97.370003,100.641151,61.700001,6174.528809,75.407318,,
2019-05-10,258.222473,45.900173,37.801647,121.430000,40.378349,40.306320,176.773941,142.701111,97.330002,100.504189,61.660000,6378.849121,75.423775,,
2019-05-11,,,,,,,,,,,,7204.771484,,,
2019-05-12,,,,,,,,,,,,6972.371582,,,
2019-05-13,251.733246,45.047157,37.203632,122.669998,39.161114,39.074780,170.639450,138.154541,97.320000,101.293716,61.040001,7814.915039,75.415535,,
2019-05-14,254.009857,45.388359,37.414196,122.459999,39.681583,39.727257,172.512314,139.894791,97.529999,100.995659,61.779999,7994.416016,75.423775,,
2019-05-15,255.497681,45.550434,37.599506,122.389999,39.522087,39.645695,174.948914,140.350388,97.570000,101.616005,62.020000,8205.167969,75.432037,,
2019-05-16,257.863983,45.789268,37.666893,121.510002,39.245056,39.825119,176.707077,141.225067,97.839996,101.277588,62.869999,7884.909180,75.440292,,
2019-05-17,256.196777,45.473663,37.582657,120.650002,38.804340,39.629375,174.901154,139.257004,98.000000,101.503197,62.759998,7343.895508,75.448524,,
2019-05-18,,,,,,,,,,,,7271.208008,,,
2019-05-19,,,,,,,,,,,,8197.689453,,,
2019-05-20,254.502869,45.337196,37.304703,120.639999,39.085564,39.303143,171.948563,138.291199,97.930000,101.293716,63.099998,7978.309082,75.456757,,
2019-05-21,256.797272,45.601624,37.599506,120.360001,39.406242,39.841434,173.744934,140.149918,98.059998,101.132576,62.990002,7963.327637,75.456757,,
2019-05-22,256.008636,45.516323,37.565815,120.239998,39.513691,39.482567,172.970932,138.974564,98.110001,101.712677,61.419998,7680.066406,75.473259,,
2019-05-23,252.880463,45.064220,37.338394,121.169998,39.060379,38.797485,170.324127,136.113602,97.849998,102.856659,57.910000,7881.846680,75.489769,,
2019-05-24,253.454193,45.294529,37.464733,121.300003,39.203930,39.237904,170.238098,137.389221,97.610001,102.945274,58.630001,7987.371582,75.489769,,
2019-05-25,,,,,,,,,,,,8052.543945,,,
2019-05-26,,,,,,,,,,,,8673.215820,,,
2019-05-27,,,,,,,,,,,,8805.778320,,,
2019-05-28,251.096909,44.970390,37.321545,120.830002,39.140125,38.993233,169.597946,136.295837,97.959999,103.686493,59.139999,8719.961914,75.497986,,
2019-05-29,249.411850,44.859512,37.220474,120.870003,39.236675,39.017693,168.202805,135.156937,98.139999,104.000694,58.810001,8659.487305,75.497986,,
2019-05-30,250.093033,44.953331,37.304703,121.690002,39.652203,39.311302,168.909912,134.783340,98.139999,104.894943,56.590000,8319.472656,75.522736,,
2019-05-31,246.722946,44.680374,37.153088,123.330002,39.883060,38.251045,166.215332,132.897324,97.750000,106.208130,53.500000,8574.501953,75.522736,,
2019-06-01,,,,,,,,,,,,8564.016602,,,
2019-06-02,,,,,,,,,,,,8742.958008,,,
2019-06-03,246.095551,44.680374,37.212059,125.110001,40.361557,38.226574,162.555603,133.361984,97.139999,106.918579,53.250000,8208.995117,75.519409,,
2019-06-04,251.437485,45.320126,37.548973,125.150002,40.462296,39.042164,167.132629,136.815201,97.070000,105.699554,53.480000,7707.770996,75.535934,,
2019-06-05,253.615448,45.379829,37.574238,125.470001,40.235634,39.164501,168.374817,136.842529,97.370003,105.102180,51.680000,7824.231445,75.535934,,
2019-06-06,255.264648,45.601624,37.725845,125.879997,40.118111,39.115562,169.712540,136.487198,97.029999,105.441238,52.590000,7822.023438,75.560699,,
2019-06-07,257.819061,45.993988,38.020645,126.589996,40.554634,39.564140,172.990036,137.452957,96.610001,106.353470,53.990002,8043.951172,75.552444,,
2019-06-08,,,,,,,,,,,,7954.127930,,,
2019-06-09,,,,,,,,,,,,7688.077148,,,
2019-06-10,259.002167,46.147533,38.096455,125.330002,40.823261,39.800659,175.006210,138.263901,96.760002,105.352425,53.259998,8000.329590,75.568939,,
2019-06-11,258.939545,46.232834,38.155411,125.180000,41.159046,40.020870,175.245102,137.853836,96.690002,105.417007,53.270000,7927.714355,75.560699,,
2019-06-12,258.482361,45.993988,38.012218,125.830002,40.848450,39.645695,174.232239,138.008743,97.000000,105.497704,51.139999,8145.857422,75.568939,,
2019-06-13,259.548859,46.147533,38.138565,126.599998,40.772888,39.507038,175.264252,139.466599,97.010002,105.861008,52.279999,8230.923828,75.593727,,
2019-06-14,259.262115,46.045185,38.062756,126.559998,40.530289,39.343925,174.518921,138.245651,97.570000,106.127411,52.509998,8693.833008,75.601997,,
2019-06-15,,,,,,,,,,,,8838.375000,,,
2019-06-16,,,,,,,,,,,,8994.488281,,,
2019-06-17,259.360687,46.036648,38.054340,126.480003,40.473759,39.449955,175.569992,139.199280,97.559998,106.313118,51.930000,9320.352539,75.601997,,
2019-06-18,262.076477,46.522858,38.391243,127.120003,41.203506,39.759884,178.121292,140.817719,97.639999,106.845955,53.900002,9081.762695,75.601997,,
2019-06-19,262.667999,46.727589,38.534435,127.889999,41.601707,39.922989,178.790161,141.320587,97.120003,106.999329,53.759998,9273.521484,75.618523,,
2019-06-20,265.177673,47.119957,38.803978,131.110001,42.114635,39.996403,180.452728,141.988037,96.629997,107.281868,56.650002,9527.160156,75.626747,,
2019-06-21,264.792206,46.923779,38.635517,131.979996,41.970383,39.727257,180.185257,140.762833,96.220001,106.103210,57.430000,10144.556641,75.626747,,
2019-06-22,,,,,,,,,,,,10701.691406,,,
2019-06-23,,,,,,,,,,,,10855.371094,,,
2019-06-24,264.467957,46.966427,38.702900,133.940002,41.920612,39.733852,180.190994,139.053040,95.980003,106.894325,57.900002,11011.102539,75.635040,,
2019-06-25,261.874054,46.616692,38.509171,134.199997,41.829491,39.477997,177.097794,138.202652,96.160004,107.225334,57.830002,11790.916992,75.635040,,
2019-06-26,261.612854,46.684937,38.517590,132.970001,41.886871,39.742111,177.921356,137.882660,96.209999,106.539154,59.380001,13016.231445,75.651550,,
2019-06-27,262.540588,46.847008,38.652359,132.839996,42.042091,40.022747,178.601273,140.470245,96.190002,107.289940,59.430000,11182.806641,75.651550,,
2019-06-28,263.891571,47.043198,38.761848,133.199997,42.059811,40.196072,178.831116,142.180084,96.129997,107.217285,58.470001,12407.332031,75.659805,,
2019-06-29,,,,,,,,,,,,11959.371094,,,
2019-06-30,,,,,,,,,,,,10817.155273,,,
2019-07-01,266.287201,47.299099,38.913467,130.619995,42.285065,41.095741,181.244385,142.728729,96.839996,106.966515,59.090000,10583.134766,75.655678,,
2019-07-02,266.980743,47.340454,38.992523,133.410004,42.177914,41.062721,181.962601,141.860077,96.730003,107.791557,56.250000,10801.677734,75.663918,,
2019-07-03,269.115356,47.685055,39.196533,133.630005,42.114635,41.046219,183.332062,142.874954,96.769997,108.559998,57.340000,11961.269531,75.688782,,
2019-07-04,,,,,,,,,,,,11215.437500,,,
2019-07-05,268.809052,47.461060,39.026516,132.139999,41.979660,41.161766,182.958588,143.258987,97.250000,107.120178,57.509998,10978.459961,75.680519,,
2019-07-06,,,,,,,,,,,,11208.550781,,,
2019-07-07,,,,,,,,,,,,11450.846680,,,
2019-07-08,267.332031,47.305984,38.916004,131.289993,41.844673,41.128746,181.675293,141.896637,97.379997,107.265800,57.660000,12285.958008,75.680519,,
2019-07-09,267.665314,47.245682,38.873505,131.750000,41.708008,40.724319,182.585098,142.088638,97.489998,107.225357,57.830002,12573.812500,75.688782,,
2019-07-10,268.944275,47.409367,38.975525,133.830002,42.272404,40.658291,184.404617,142.335556,97.099998,106.634903,60.430000,12156.512695,75.697021,,
2019-07-11,269.574677,47.417992,38.924522,132.699997,42.132362,40.823368,184.270569,141.640610,97.050003,105.211273,60.200001,11358.662109,75.713585,,
2019-07-12,270.781616,47.529976,39.009514,133.529999,42.124771,40.592255,185.333511,142.737793,96.809998,105.332611,60.209999,11815.986328,75.721878,,
2019-07-13,,,,,,,,,,,,11392.378906,,,
2019-07-14,,,,,,,,,,,,10256.058594,,,
2019-07-15,270.871613,47.564434,39.043522,133.529999,42.241192,40.600506,185.927292,141.988037,96.930000,105.939232,59.580002,10895.089844,75.721878,,
2019-07-16,269.997925,47.452450,38.967014,132.399994,42.253841,40.484951,184.969635,141.942383,97.400002,105.623779,57.619999,9477.641602,75.730125,,
2019-07-17,268.160675,47.262917,38.890507,134.580002,42.034500,40.319874,184.059891,140.927414,97.220001,106.764290,56.779999,9693.802734,75.730125,,
2019-07-18,269.142395,47.443825,39.018021,136.479996,42.203232,39.890686,184.270569,141.457733,96.790001,106.772392,55.299999,10666.482422,75.754974,,
2019-07-19,267.647308,47.245682,38.831005,134.470001,42.203232,40.237347,182.920273,140.644028,97.150002,106.521652,55.630001,10530.732422,75.754974,,
2019-07-20,,,,,,,,,,,,10767.139648,,,
2019-07-21,,,,,,,,,,,,10599.105469,,,
2019-07-22,268.304749,47.288757,38.975525,134.449997,42.224312,40.418926,184.375900,140.515976,97.260002,106.723862,56.220001,10343.106445,75.754974,,
2019-07-23,270.223145,47.555828,39.001022,133.690002,42.107903,40.963673,185.582535,141.448624,97.709999,106.141495,56.770000,9900.767578,75.746689,,
2019-07-24,271.493011,47.685055,39.171036,134.369995,42.030281,41.004940,186.884933,143.789337,97.730003,106.602501,55.880001,9811.925781,75.763191,,
2019-07-25,270.196136,47.383522,38.941521,133.419998,42.030281,40.765591,185.113297,142.052032,97.820000,106.092934,56.020000,9911.841797,75.779755,,
2019-07-26,272.006470,47.641983,39.120026,133.639999,41.712227,40.716061,187.018997,143.734406,98.010002,106.343666,56.200001,9870.303711,75.771500,,
2019-07-27,,,,,,,,,,,,9477.677734,,,
2019-07-28,,,,,,,,,,,,9552.860352,,,
2019-07-29,271.511017,47.538593,39.052025,134.529999,41.616898,40.575745,186.377319,142.774414,98.040001,106.376053,56.869999,9519.145508,75.788048,,
2019-07-30,270.844574,47.314602,38.907520,134.979996,41.616898,40.328133,185.572998,144.319611,98.050003,106.634903,58.049999,9607.423828,75.788048,,
2019-07-31,267.881470,46.978603,38.711994,133.210007,40.898121,40.336391,183.006470,143.149277,98.519997,107.492302,58.580002,10085.627930,75.796310,,
2019-08-01,265.548676,46.789074,38.686501,136.410004,40.351440,39.733852,182.096710,141.073715,98.389999,109.627113,53.950001,10399.668945,75.817039,,
2019-08-02,263.549225,46.513390,38.516487,135.889999,39.887424,39.065304,179.415268,139.510223,98.099998,110.640274,55.660000,10518.174805,75.817039,,
2019-08-03,,,,,,,,,,,,10821.726562,,,
2019-08-04,,,,,,,,,,,,10970.184570,,,
2019-08-05,255.623611,45.496796,37.946945,137.789993,38.592430,37.794216,173.075638,135.322525,97.500000,112.553001,54.689999,11805.653320,75.808739,,
2019-08-06,259.208191,45.841400,38.218964,138.910004,39.162735,38.553558,175.498459,136.566025,97.629997,113.452629,53.630001,11478.168945,75.817039,,
2019-08-07,259.361298,46.065392,38.252972,141.020004,39.048008,38.512295,176.446548,136.529434,97.540001,113.493141,51.090000,11941.968750,75.833649,,
2019-08-08,264.449890,46.573700,38.601494,141.729996,39.658806,38.768166,180.286728,139.473602,97.620003,113.736328,52.540001,11966.407227,75.841896,,
2019-08-09,262.648651,46.298012,38.405979,141.259995,39.430172,38.124367,178.591705,137.718063,97.489998,113.509354,54.500000,11862.936523,75.833649,,
2019-08-10,,,,,,,,,,,,11354.024414,,,
2019-08-11,,,,,,,,,,,,11523.579102,,,
2019-08-12,259.451385,45.918938,38.252972,142.630005,38.832874,37.612621,176.542343,135.935120,97.379997,115.876053,54.930000,11382.616211,75.850212,,
2019-08-13,263.486267,46.341084,38.499493,141.779999,39.217579,38.504036,180.411255,137.397995,97.809998,115.478897,57.099998,10895.830078,75.858475,,
2019-08-14,255.695572,45.324501,37.938435,142.750000,38.217018,37.282475,175.019669,133.557816,97.989998,118.080513,55.230000,10051.704102,75.850212,,
2019-08-15,256.371094,45.505413,38.048946,143.699997,38.261723,37.703423,174.818588,133.027481,98.139999,119.393600,54.470001,10311.545898,75.883385,,
2019-08-16,260.153870,45.979252,38.354969,142.779999,38.647278,38.182137,177.624481,135.898514,98.139999,118.437256,54.869999,10374.338867,75.875084,,
2019-08-17,,,,,,,,,,,,10231.744141,,,
2019-08-18,,,,,,,,,,,,10345.810547,,,
2019-08-19,263.288147,46.280785,38.448483,141.110001,38.849751,38.281197,180.449539,137.270081,98.349998,116.743233,56.209999,10916.053711,75.875084,,
2019-08-20,261.270599,46.117081,38.422974,142.210007,38.849751,37.975792,179.051392,136.374023,98.190002,117.950867,56.340000,10763.232422,75.883385,,
2019-08-21,263.396149,46.401386,38.592991,141.759995,38.965332,38.272934,180.641083,137.498672,98.300003,117.164703,55.680000,10138.049805,75.875084,,
2019-08-22,263.315155,46.263546,38.448483,141.399994,38.535065,38.157375,180.056931,137.178619,98.169998,116.386581,55.349998,10131.055664,75.899940,,
2019-08-23,256.551270,45.565708,38.031952,144.169998,38.090473,37.290733,174.358932,132.972610,97.639999,118.299393,54.169998,10407.964844,75.891609,,
2019-08-24,,,,,,,,,,,,10159.960938,,,
2019-08-25,,,,,,,,,,,,10138.517578,,,
2019-08-26,259.388245,45.884491,38.261467,144.190002,38.111565,38.173889,176.992416,134.435608,98.080002,117.821198,53.639999,10370.820312,75.899940,,
2019-08-27,258.370514,45.824177,38.252972,145.570007,38.225456,37.851986,176.618973,132.442322,98.000000,119.636765,54.930000,10185.500000,75.908211,,
2019-08-28,260.189789,46.030930,38.405979,145.160004,38.284508,37.992302,177.251007,133.987549,98.209999,119.790680,55.779999,9754.422852,75.899940,,
2019-08-29,263.513306,46.427246,38.575993,144.119995,38.617737,38.380226,179.961151,136.337433,98.510002,119.336815,56.709999,9510.200195,75.916496,,
2019-08-30,263.396149,46.504772,38.694996,143.750000,39.022694,38.553558,179.530197,136.090546,98.919998,119.369270,55.099998,9598.173828,75.924782,,
2019-08-31,,,,,,,,,,,,9630.664062,,,
2019-09-01,,,,,,,,,,,,9757.970703,,,
2019-09-02,,,,,,,,,,,,10346.760742,,,
2019-09-03,261.856079,46.323849,38.584484,145.750000,38.648964,38.487518,177.787262,134.097321,98.949997,119.523537,53.939999,10623.540039,75.939743,,
2019-09-04,264.828278,46.789074,38.814014,146.660004,39.269878,38.817680,180.353790,135.176224,98.449997,119.702148,56.259998,10594.493164,75.931442,,
2019-09-05,268.232758,47.125065,39.043522,143.139999,39.712803,39.436710,183.657684,137.690659,98.410004,117.534317,56.299999,10575.533203,75.939743,,
2019-09-06,268.439850,47.185375,39.077518,141.919998,39.894188,39.651325,183.475723,137.059769,98.389999,118.370605,56.520000,10353.302734,75.948006,,
2019-09-07,,,,,,,,,,,,10517.254883,,,
2019-09-08,,,,,,,,,,,,10441.276367,,,
2019-09-09,268.574921,47.194000,39.094528,141.389999,39.894188,40.006241,183.092667,138.897583,98.279999,116.267693,57.849998,10334.974609,75.948006,,
2019-09-10,268.511871,47.202610,38.975525,140.179993,39.884895,40.691303,182.565948,140.671402,98.330002,114.229767,57.400002,10115.975586,75.964630,,
2019-09-11,270.421295,47.478294,39.188038,141.029999,40.319370,41.293816,184.280121,143.551605,98.650002,114.026733,55.750000,10178.372070,75.956337,,
2019-09-12,271.357941,47.650589,39.290043,141.320007,40.798561,41.590961,185.046219,143.588135,98.309998,113.279739,55.090000,10410.126953,75.972961,,
2019-09-13,271.177795,47.667816,39.239037,140.149994,40.832302,42.011917,184.385452,143.835037,98.260002,110.860298,54.849998,10360.546875,75.972961,,
2019-09-14,,,,,,,,,,,,10358.048828,,,
2019-09-15,,,,,,,,,,,,10347.712891,,,
2019-09-16,270.340240,47.529976,39.196533,141.320007,40.549679,41.764290,183.561935,144.374451,98.650002,112.273003,62.900002,10276.793945,75.972961,,
2019-09-17,271.024689,47.641983,39.273048,141.600006,40.283939,41.789070,184.442947,143.999634,98.260002,112.881996,59.340000,10241.272461,75.981232,,
2019-09-18,271.186768,47.590290,39.230545,140.710007,40.546318,41.789070,184.366333,143.112701,98.599998,113.361000,58.110001,10198.248047,75.997841,,
2019-09-19,271.168823,47.624752,39.281540,141.279999,40.443386,41.846836,184.672791,142.417786,98.269997,113.701973,58.130001,10266.415039,75.997841,,
2019-09-20,269.887573,47.547207,39.273048,142.949997,40.443386,41.615726,182.719131,142.116074,98.510002,115.204071,58.090000,10181.641602,76.006149,,
2019-09-21,,,,,,,,,,,,10019.716797,,,
2019-09-22,,,,,,,,,,,,10070.392578,,,
2019-09-23,269.824310,47.512753,39.230545,143.750000,40.573307,41.524940,182.799744,142.006348,98.599998,115.179703,58.639999,9729.324219,76.022804,,
2019-09-24,267.706940,47.280132,39.137035,144.509995,40.410488,41.363781,180.372025,139.862900,98.339996,116.568130,57.290001,8620.566406,76.022804,,
2019-09-25,269.290344,47.331825,39.137035,141.830002,40.064587,41.859650,182.396729,141.395279,99.040001,114.863075,56.490002,8486.993164,76.022804,,
2019-09-26,268.729462,47.366295,39.162537,141.789993,40.363243,42.082798,181.725067,139.817078,99.209999,115.601944,56.410000,8118.967773,76.039368,,
2019-09-27,267.281708,47.159531,39.043522,141.059998,40.081467,41.553871,179.470047,138.697647,99.110001,115.886116,55.910000,8251.845703,76.039368,,
2019-09-28,,,,,,,,,,,,8245.915039,,,
2019-09-29,,,,,,,,,,,,8104.185547,,,
2019-09-30,268.521362,47.314602,39.154041,138.869995,40.241760,41.702621,181.178070,138.862778,99.379997,116.170250,54.070000,8293.868164,76.047653,,
2019-10-01,265.327362,46.918301,38.907520,139.630005,39.954918,41.446419,179.700333,136.137665,99.129997,116.520027,53.619999,8343.276367,76.045174,,
2019-10-02,260.640411,46.262230,38.547230,141.259995,39.372803,40.636501,176.610443,135.109970,99.040001,116.804642,52.639999,8393.041992,76.045174,,
2019-10-03,262.775757,46.582062,38.735054,141.899994,39.718704,40.653030,178.548828,135.559601,98.860001,117.870117,52.450001,8259.992188,76.070129,,
2019-10-04,266.331726,46.996967,38.991184,141.899994,40.157387,41.074516,181.178070,136.844131,98.809998,118.740456,52.810001,8205.939453,76.070129,,
2019-10-05,,,,,,,,,,,,8151.500488,,,
2019-10-06,,,,,,,,,,,,7988.155762,,,
2019-10-07,265.182587,46.875950,38.931416,140.690002,39.789574,40.983616,180.631134,136.605606,98.989998,117.756256,52.750000,8245.623047,76.078407,,
2019-10-08,261.065704,46.400536,38.606995,141.919998,39.651207,40.595184,177.925079,134.385147,99.139999,118.073509,52.630001,8228.783203,76.078407,,
2019-10-09,263.544891,46.694439,38.786289,142.050003,39.979393,41.091038,179.661896,134.999878,99.120003,117.406548,52.590000,8595.740234,76.078407,,
2019-10-10,265.327362,46.858662,38.880188,140.809998,40.235004,41.297661,181.053314,135.541260,98.709999,115.657898,53.549999,8586.473633,76.095047,,
2019-10-11,268.078033,47.368656,39.170467,140.029999,40.899803,42.239819,183.385132,137.835190,98.300003,114.226318,54.700001,8321.756836,76.103401,,
2019-10-12,,,,,,,,,,,,8336.555664,,,
2019-10-13,,,,,,,,,,,,8321.005859,,,
2019-10-14,267.779449,47.325436,39.127781,140.589996,40.573307,42.057987,183.365921,137.330475,98.449997,115.055984,53.590000,8374.686523,76.095047,,
2019-10-15,270.430511,47.671196,39.281460,139.610001,40.866898,42.967087,185.697693,138.908737,98.290001,113.665161,52.810001,8205.369141,76.103401,,
2019-10-16,269.996155,47.671196,39.349766,140.410004,40.739506,42.826599,185.237106,139.055496,98.010002,113.803421,53.360001,8047.526855,76.111702,,
2019-10-17,270.792480,47.740341,39.358303,140.610001,41.178196,42.628246,185.726532,140.697906,97.610001,113.526886,53.930000,8103.911133,76.120033,,
2019-10-18,269.607117,47.697124,39.409523,140.460007,41.119148,42.586918,183.941681,140.028091,97.279999,113.526886,53.779999,7973.207520,76.120033,,
2019-10-19,,,,,,,,,,,,7988.560547,,,
2019-10-20,,,,,,,,,,,,8222.078125,,,
2019-10-21,271.434814,47.930508,39.486362,139.789993,41.359589,43.024937,185.572968,141.340225,97.330002,112.672859,53.310001,8243.720703,76.128326,,
2019-10-22,270.548096,47.826778,39.392441,140.199997,41.669193,43.008419,184.095230,141.496201,97.529999,113.331688,54.160000,8078.203125,76.128326,,
2019-10-23,271.335327,47.904572,39.460747,140.529999,41.751881,43.264614,184.450241,141.670532,97.470001,113.445564,55.970001,7514.671875,76.128326,,
2019-10-24,271.778656,48.034229,39.588814,141.529999,41.790684,43.438164,186.244629,141.468658,97.629997,113.217834,56.230000,7493.488770,76.144958,,
2019-10-25,272.891571,48.146606,39.640034,141.860001,41.920612,43.438164,187.731995,142.221024,97.830002,112.664764,56.660000,8660.700195,76.144958,,
2019-10-26,,,,,,,,,,,,9244.972656,,,
2019-10-27,,,,,,,,,,,,9551.714844,,,
2019-10-28,274.429779,48.276260,39.657112,140.639999,42.097775,43.735687,189.584030,143.450562,97.760002,111.639900,55.810001,9256.148438,76.136650,,
2019-10-29,274.348358,48.241684,39.674198,140.250000,41.965321,43.958828,188.115814,143.918549,97.690002,111.713104,55.540001,9427.687500,76.153290,,
2019-10-30,275.189789,48.431854,39.793709,141.020004,41.929043,43.942303,189.027466,143.441406,97.650002,113.347946,55.060001,9205.726562,76.161583,,
2019-10-31,274.456940,48.302200,39.759560,142.429993,41.730789,43.529064,189.113815,142.633942,97.349998,114.877037,54.180000,9199.584961,76.169899,,
2019-11-01,276.999451,48.656593,40.007164,142.559998,42.334839,44.074535,190.831451,145.065491,97.239998,114.523422,56.200001,9261.104492,76.169067,,
2019-11-02,,,,,,,,,,,,9324.717773,,,
2019-11-03,,,,,,,,,,,,9235.354492,,,
2019-11-04,278.112396,48.898617,40.092537,142.149994,42.675663,44.586933,192.011734,145.845413,97.510002,113.016144,56.540001,9412.612305,76.177406,,
2019-11-05,277.804688,48.838116,40.032764,139.850006,42.863804,44.834866,192.117264,146.028900,97.980003,111.745071,57.230000,9342.527344,76.169067,,
2019-11-06,277.868073,48.855408,40.058380,140.449997,42.772686,44.793533,191.685471,145.184723,97.949997,112.421303,56.349998,9360.879883,76.177406,,
2019-11-07,278.845154,48.967777,40.066917,138.270004,43.004688,45.157181,192.328384,145.570145,98.139999,110.384430,57.150002,9267.561523,76.194046,,
2019-11-08,279.532959,48.941849,40.075451,137.389999,42.494286,45.256355,193.096054,145.964645,98.349998,109.919983,57.240002,8804.880859,76.194046,,
2019-11-09,,,,,,,,,,,,8813.582031,,,
2019-11-10,,,,,,,,,,,,9055.526367,,,
2019-11-11,278.999054,48.855408,40.015694,137.059998,42.285065,45.074539,192.836975,145.689423,98.199997,109.993347,56.860001,8757.788086,76.194046,,
2019-11-12,279.587158,48.803535,40.015694,137.429993,42.072464,45.132385,193.393478,145.735260,98.309998,110.498497,56.799999,8815.662109,76.202400,,
2019-11-13,279.677612,48.829483,40.024239,137.979996,41.822746,44.900978,193.441467,145.111359,98.370003,111.215469,57.119999,8808.262695,76.202400,,
2019-11-14,280.084900,48.855408,40.049843,138.559998,41.802498,44.454697,193.287949,145.065491,98.160004,112.364357,56.770000,8708.094727,76.210716,,
2019-11-15,282.111542,49.106083,40.160824,138.210007,42.354240,44.967094,194.708145,145.817886,98.000000,112.242111,57.720001,8491.992188,76.202400,,
2019-11-16,,,,,,,,,,,,8550.760742,,,
2019-11-17,,,,,,,,,,,,8577.975586,,,
2019-11-18,282.319763,49.140652,40.246204,138.619995,42.209137,44.876198,194.861664,145.450882,97.790001,112.445778,57.049999,8309.286133,76.219070,,
2019-11-19,282.238251,49.157936,40.237659,138.690002,42.220093,44.628246,195.149551,145.992203,97.860001,113.382736,55.209999,8206.145508,76.210716,,
2019-11-20,281.188690,48.976425,40.160824,138.759995,42.096924,44.429897,193.978851,145.441681,97.930000,114.556030,57.110001,8027.268066,76.219070,,
2019-11-21,280.736298,48.933193,40.109612,138.000000,41.981350,44.413372,193.547028,144.725998,97.989998,113.839050,58.580002,7642.750000,76.219070,,
2019-11-22,281.360657,48.993702,40.152287,137.740005,41.980507,44.487762,193.671814,145.175568,98.269997,113.985657,57.770000,7296.577637,76.227386,,
2019-11-23,,,,,,,,,,,,7397.796875,,,
2019-11-24,,,,,,,,,,,,7047.916992,,,
2019-11-25,283.541260,49.270313,40.314510,137.080002,42.207443,44.958839,195.965195,148.258560,98.320000,114.319679,58.009998,7146.133789,76.227386,,
2019-11-26,284.183655,49.339470,40.408417,137.740005,41.987255,44.917515,196.339447,148.359451,98.250000,114.987831,58.410000,7218.371094,76.235695,,
2019-11-27,285.450317,49.443192,40.425495,137.009995,41.972908,45.264622,197.711670,149.405502,98.410004,114.653763,58.110001,7531.663574,76.252388,,
2019-11-28,,,,,,,,,,,,7463.105957,,,
2019-11-29,284.391815,49.218449,40.323036,137.860001,41.540974,44.834866,196.809601,148.432877,98.269997,114.409332,55.169998,7761.243652,76.252388,,
2019-11-30,,,,,,,,,,,,7569.629883,,,
2019-12-01,,,,,,,,,,,,7424.292480,,,
2019-12-02,281.975952,48.898617,40.066917,137.789993,41.474319,44.537334,194.794495,146.983185,97.860001,112.883942,55.959999,7321.988281,76.258194,,
2019-12-03,280.084900,48.812187,40.015694,139.110001,41.256664,44.562138,193.268768,146.515198,97.739998,115.250847,56.099998,7320.145508,76.249870,,
2019-12-04,281.813080,49.088791,40.246204,138.919998,41.613522,45.256355,194.247528,147.524536,97.650002,114.100037,58.430000,7252.034668,76.258194,,
2019-12-05,282.319763,49.036938,40.186440,139.000000,41.794056,45.132385,194.631454,147.671280,97.410004,113.545029,58.430000,7448.307617,76.274872,,
2019-12-06,284.898376,49.434559,40.442562,137.619995,41.968693,45.611725,196.713669,149.396347,97.699997,112.916580,59.200001,7546.996582,76.274872,,
2019-12-07,,,,,,,,,,,,7556.237793,,,
2019-12-08,,,,,,,,,,,,7564.345215,,,
2019-12-09,284.002686,49.227089,40.348663,137.580002,41.929043,45.388580,195.821304,149.111862,97.639999,113.161438,59.020000,7400.899414,76.283211,,
2019-12-10,283.685974,49.278957,40.297443,137.970001,41.869991,45.421638,195.658127,149.203629,97.410004,113.169617,59.240002,7278.119629,76.283211,,
2019-12-11,284.491180,49.477768,40.502338,138.919998,42.413292,45.438168,196.694458,149.157791,97.160004,114.059212,58.759998,7217.427246,76.283211,,
2019-12-12,286.943359,49.754375,40.656017,138.429993,43.198734,45.967102,198.162582,150.442368,97.400002,112.182014,59.180000,7243.134277,76.299896,,
2019-12-13,287.115204,49.953194,40.741386,139.050003,43.354801,46.099331,198.815109,149.864288,97.169998,113.479721,60.070000,7269.684570,76.283211,,
2019-12-14,,,,,,,,,,,,7124.673828,,,
2019-12-15,,,,,,,,,,,,7152.301758,,,
2019-12-16,289.087769,50.255730,40.963371,139.039993,43.525738,46.380318,200.811081,150.920609,97.070000,112.459549,60.209999,6932.480469,76.299896,,
2019-12-17,289.151062,50.247070,40.920681,139.009995,43.901463,46.190243,200.926208,151.675735,97.209999,112.304466,60.939999,6640.515137,76.291534,,
2019-12-18,289.169098,50.238438,40.869450,139.020004,44.143559,45.942307,201.079742,151.970474,97.410004,111.382164,60.930000,7276.802734,76.308235,,
2019-12-19,290.354523,50.316231,40.997517,139.380005,44.187809,45.810081,202.336761,152.624313,97.419998,111.560402,61.220001,7202.844238,76.316559,,
2019-12-20,291.627441,50.402668,41.057285,139.520004,44.186085,45.851391,203.152451,152.845261,97.709999,111.707550,60.439999,7218.816406,76.320763,,
2019-12-21,,,,,,,,,,,,7191.158691,,,
2019-12-22,,,,,,,,,,,,7511.588867,,,
2019-12-23,292.072937,50.480461,41.082897,139.949997,44.258099,45.704182,203.689056,153.149261,97.660004,111.544044,60.520000,7355.628418,76.320763,,
2019-12-24,292.082123,50.464756,41.068253,141.270004,44.119259,45.503433,203.794815,153.499161,97.650002,111.862831,61.110001,7322.532227,76.329086,,
2019-12-25,,,,,,,,,,,,7275.155762,,,
2019-12-26,293.636871,50.665432,41.214615,142.380005,44.389118,45.737637,205.593124,153.499161,97.589996,112.132607,61.680000,7238.966797,76.337440,,
2019-12-27,293.564209,50.735226,41.266281,142.330002,44.588696,45.570343,205.420029,152.744003,96.919998,112.255264,61.720001,7290.088379,76.329086,,
2019-12-28,,,,,,,,,,,,7317.990234,,,
2019-12-29,,,,,,,,,,,,7422.652832,,,
2019-12-30,291.945618,50.429855,41.059658,142.630005,44.315365,44.867722,204.073715,152.357224,96.739998,111.846527,61.680000,7292.995117,76.337440,,
2019-12-31,292.654846,50.604351,41.188797,142.899994,44.464622,44.984821,204.458405,152.569046,96.389999,110.751114,61.060001,7193.599121,76.337440,,
2020-01-01,,,,,,,,,,,,7200.174316,,,
2020-01-02,295.391754,51.023148,41.438477,143.949997,44.994797,45.428139,207.872314,152.670334,96.849998,112.001839,61.180000,6985.470215,76.362503,,
2020-01-03,293.155029,50.700333,41.274887,145.860001,44.470692,44.641869,205.968185,152.071732,96.839996,113.726700,63.049999,7344.884277,76.362503,,
2020-01-04,,,,,,,,,,,,7410.656738,,,
2020-01-05,,,,,,,,,,,,7411.317383,,,
2020-01-06,294.273376,50.787579,41.326546,147.389999,44.189548,44.984821,207.295242,152.274338,96.669998,113.080917,63.270000,7769.219238,76.354164,,
2020-01-07,293.446075,50.682880,41.249062,147.970001,44.144428,44.993187,207.266434,151.767822,96.980003,112.525047,62.700001,8163.692383,76.354164,,
2020-01-08,295.009949,50.805031,41.257675,146.860001,44.403877,45.244122,208.824341,152.237518,97.300003,111.781128,59.610001,8079.862793,76.370857,,
2020-01-09,297.010284,51.023148,41.404041,146.029999,44.652912,45.628899,210.593750,152.421661,97.449997,112.173508,59.560001,7879.071289,76.379181,,
2020-01-10,296.155579,50.874828,41.438477,146.910004,44.842941,45.269226,210.055191,151.850677,97.360001,113.170837,59.040001,8166.554199,76.379181,,
2020-01-11,,,,,,,,,,,,8037.537598,,,
2020-01-12,,,,,,,,,,,,8192.494141,,,
2020-01-13,298.192291,51.241272,41.550396,145.820007,45.397408,45.687450,212.478622,152.836105,97.349998,112.827477,58.080002,8144.194336,76.379181,,
2020-01-14,297.737732,51.127842,41.593452,145.690002,45.247303,45.695808,211.641953,153.397873,97.370003,113.407913,58.230000,8827.764648,76.379181,,
2020-01-15,298.410553,51.171459,41.559010,146.539993,44.889801,45.503433,211.728546,154.134552,97.230003,114.159912,57.810001,8807.010742,76.387520,,
2020-01-16,300.892853,51.520466,41.722588,146.309998,45.144035,45.679081,213.757614,156.123810,97.320000,113.800346,58.520000,8723.786133,76.404228,,
2020-01-17,301.829437,51.651337,41.851730,146.580002,45.425182,45.838024,214.815414,155.700180,97.610001,112.827477,58.540001,8929.038086,76.395889,,
2020-01-18,,,,,,,,,,,,8942.808594,,,
2020-01-19,,,,,,,,,,,,8706.245117,,,
2020-01-20,,,,,,,,,,,,8657.642578,,,
2020-01-21,301.238373,51.407040,41.731216,146.740005,44.705841,45.469975,214.719269,154.410873,97.529999,114.012856,58.340000,8745.894531,76.404228,,
2020-01-22,301.274658,51.476849,41.731216,146.789993,45.034710,45.595440,215.286682,154.309601,97.529999,114.413353,56.740002,8680.875977,76.404228,,
2020-01-23,301.620209,51.441948,41.731216,147.119995,44.764847,45.419785,215.979004,154.208282,97.690002,115.214508,55.590000,8406.515625,76.412613,,
2020-01-24,298.937958,51.110405,41.550396,147.979996,44.671127,45.076828,214.161484,152.311172,97.849998,116.146431,54.189999,8445.434570,76.412613,,
2020-01-25,,,,,,,,,,,,8367.847656,,,
2020-01-26,,,,,,,,,,,,8596.830078,,,
2020-01-27,294.146118,50.342613,41.128525,148.990005,43.395588,43.997795,209.737885,150.579834,97.959999,117.952995,53.139999,8909.819336,76.420937,,
2020-01-28,297.228516,50.700333,41.360985,147.660004,43.592556,44.499672,212.959427,151.832291,98.019997,117.029297,53.480000,9358.589844,76.420937,,
2020-01-29,296.982971,50.709057,41.429871,148.460007,43.588223,44.340744,213.305649,150.966614,97.989998,118.173737,53.330002,9316.629883,76.429291,,
2020-01-30,297.946747,50.709057,41.395428,148.470001,42.892315,44.206909,214.065323,150.966614,97.870003,118.190117,52.139999,9508.993164,76.429291,,
2020-01-31,292.536682,50.063412,41.016605,149.330002,41.954292,43.136246,210.670685,147.835510,97.389999,119.269165,51.560001,9350.529297,76.429291,,
2020-02-01,,,,,,,,,,,,9392.875000,,,
2020-02-02,,,,,,,,,,,,9344.365234,,,
2020-02-03,294.709839,50.281532,41.094082,148.360001,42.310066,43.671581,213.853806,149.483948,97.800003,119.172577,50.110001,9293.521484,76.435966,,
2020-02-04,299.201477,50.927177,41.533176,146.429993,43.186462,44.692066,218.748642,151.740250,97.959999,117.567642,49.610001,9180.962891,76.435966,,
2020-02-05,302.656769,51.293621,41.765636,146.610001,43.419880,45.252491,219.469879,154.079330,98.269997,116.282112,50.750000,9613.423828,76.452698,,
2020-02-06,303.675140,51.450661,41.843132,147.399994,43.472805,45.553612,221.364334,153.729416,98.500000,116.806122,50.950001,9729.801758,76.461060,,
2020-02-07,302.056610,51.162743,41.696774,147.789993,42.609428,45.018280,220.412308,151.841537,98.680000,118.263634,50.320000,9795.943359,76.461060,,
2020-02-08,,,,,,,,,,,,9865.119141,,,
2020-02-09,,,,,,,,,,,,10116.673828,,,
2020-02-10,304.311584,51.372139,41.765636,148.169998,42.781235,44.859360,223.076035,152.697952,98.830002,118.591209,49.570000,9856.611328,76.452698,,
2020-02-11,304.838989,51.546646,41.937832,147.660004,43.222900,45.060108,223.114563,153.757065,98.720001,117.993492,49.939999,10208.236328,76.461060,,
2020-02-12,306.803040,51.834568,42.092808,147.539993,43.624664,44.959728,225.287888,154.816116,99.050003,117.395737,51.169998,10326.054688,76.469414,,
2020-02-13,306.475708,51.651337,41.989491,148.380005,43.307072,44.466217,224.999420,155.221268,99.070000,117.846062,51.419998,10214.379883,76.477753,,
2020-02-14,306.966614,51.668793,42.015320,149.000000,43.411201,44.098171,225.643707,154.622665,99.120003,118.361877,52.049999,10312.116211,76.477753,,
2020-02-15,,,,,,,,,,,,9889.424805,,,
2020-02-16,,,,,,,,,,,,9934.433594,,,
2020-02-17,,,,,,,,,,,,9690.142578,,,
2020-02-18,306.175598,51.433208,41.886173,150.910004,42.949574,43.470821,225.730286,154.291138,99.459999,119.172577,52.049999,10141.996094,76.486130,,
2020-02-19,307.639526,51.703693,41.980877,151.789993,43.268028,43.972702,227.893982,155.083160,99.599998,119.164345,53.290001,9633.386719,76.486130,,
2020-02-20,306.375641,51.476849,41.868954,152.410004,42.543480,43.947617,225.778366,155.460754,99.870003,120.097824,53.779999,9608.475586,76.486130,,
2020-02-21,303.220551,51.188919,41.765636,154.699997,42.338699,43.437370,221.441254,153.885910,99.260002,121.219620,53.380001,9686.441406,76.502869,,
2020-02-22,,,,,,,,,,,,9663.181641,,,
2020-02-23,,,,,,,,,,,,9924.515625,,,
2020-02-24,293.164124,49.784218,40.939114,156.089996,40.692631,41.354588,212.901718,149.253708,99.290001,123.029251,51.430000,9650.174805,76.494476,,
2020-02-25,284.280579,48.798309,40.301991,153.300003,40.362896,41.195652,207.112610,143.949203,98.970001,123.684357,49.900002,9341.705078,76.494476,,
2020-02-26,283.234863,48.772133,40.267555,153.970001,40.450542,41.781174,208.179977,142.282364,99.000000,123.029251,48.730000,8820.522461,76.511208,,
2020-02-27,270.514404,47.306351,39.372150,154.000000,39.432701,40.108261,197.755600,137.272552,98.440002,124.363937,47.090000,8784.494141,76.527946,,
2020-02-28,269.377808,46.983528,39.346317,148.380005,38.873898,39.347076,197.909531,134.758423,98.129997,127.172562,44.759998,8672.455078,76.519577,,
2020-02-29,,,,,,,,,,,,8599.508789,,,
2020-03-01,,,,,,,,,,,,8562.454102,,,
2020-03-02,281.043640,48.222458,40.000648,149.199997,39.467411,40.007889,208.122238,139.086761,97.360001,126.236862,46.750000,8869.669922,76.542152,,
2020-03-03,272.996674,47.594273,39.682098,153.889999,39.295601,39.004124,201.448364,136.250290,97.150002,128.196762,47.180000,8787.786133,76.558891,,
2020-03-04,284.471558,48.859375,40.517235,154.160004,39.962879,39.832218,209.853302,140.127380,97.339996,126.835541,46.779999,8755.246094,76.592354,,
2020-03-05,275.015289,47.768768,39.828453,157.490005,38.837448,38.293144,203.477463,135.670166,96.820000,129.992645,45.900002,9078.762695,76.609123,,
2020-03-06,270.468933,47.219097,39.441021,157.550003,38.184055,37.632343,200.044373,132.981033,95.949997,136.757935,41.279999,9122.545898,76.609123,,
2020-03-07,,,,,,,,,,,,8909.954102,,,
2020-03-08,,,,,,,,,,,,8108.116211,,,
2020-03-09,249.346786,44.217747,37.615765,157.809998,34.927502,34.027191,186.148407,120.051308,94.900002,140.464569,31.129999,7923.644531,76.642578,,
2020-03-10,262.249207,45.683514,38.416470,154.479996,36.747097,36.444569,196.284241,123.799454,96.410004,133.264557,34.360001,7909.729492,76.625847,,
2020-03-11,249.465012,43.790218,37.150845,153.929993,34.986496,34.905479,187.735107,115.925575,96.510002,128.360764,32.980000,7911.430176,76.642578,,
2020-03-12,225.596863,39.785484,34.636810,147.789993,31.102583,31.250137,170.521408,103.115562,97.470001,129.156204,31.500000,4970.788086,76.650940,,
2020-03-13,244.882263,42.132488,35.824959,143.279999,33.589470,33.659157,184.965546,110.022476,98.750000,126.236862,31.730000,5563.707031,76.667709,,
2020-03-14,,,,,,,,,,,,5200.366211,,,
2020-03-15,,,,,,,,,,,,5392.314941,,,
2020-03-16,218.086380,39.331806,33.767231,141.639999,29.125051,30.288218,162.808914,95.425880,98.089996,134.412689,28.700001,5014.479980,76.676048,,
2020-03-17,229.861282,39.855297,34.309654,143.559998,30.715578,32.421192,175.156631,99.800255,99.580002,125.449593,26.950001,5225.629395,76.676048,,
2020-03-18,218.222733,37.822388,33.112896,140.699997,27.777481,31.752022,169.829025,92.064507,101.160004,118.372643,20.370001,5238.438477,76.692757,,
2020-03-19,218.686478,38.110321,33.026798,138.039993,27.877262,33.182377,170.848373,95.656105,102.760002,121.595467,25.219999,6191.192871,76.676048,,
2020-03-20,209.262360,37.264004,32.691013,140.110001,28.331083,33.324577,164.155258,93.381424,102.820000,130.738846,22.430000,6198.778320,76.701180,,
2020-03-21,,,,,,,,,,,,6185.066406,,,
2020-03-22,,,,,,,,,,,,5830.254883,,,
2020-03-23,203.911926,37.124409,32.432716,146.300003,27.327129,33.115456,164.273758,92.000053,102.489998,136.126587,23.360001,6416.314941,76.684425,,
2020-03-24,222.386963,39.375427,34.008297,153.399994,29.311604,35.850674,176.994705,100.417267,101.739998,133.592636,24.010000,6734.803711,76.684425,,
2020-03-25,225.716171,40.239189,34.705688,151.300003,31.073080,36.335823,175.684113,101.665314,101.050003,133.289154,24.490000,6681.062988,76.684425,,
2020-03-26,238.895706,42.019066,35.859379,153.240005,31.923441,36.820976,184.935699,107.988770,99.419998,133.945251,22.600000,6716.440430,76.684425,,
2020-03-27,231.779999,41.260006,35.385857,152.250000,30.168051,35.976143,178.575150,104.059723,98.370003,137.520599,21.510000,6469.798340,76.667709,,
2020-03-28,,,,,,,,,,,,6242.193848,,,
2020-03-29,,,,,,,,,,,,5922.042969,,,
2020-03-30,239.307220,41.739864,35.928280,152.919998,30.477829,36.478016,185.070572,106.352432,99.180000,136.388977,20.090000,6429.841797,76.667709,,
2020-03-31,235.740311,41.408329,35.626923,148.050003,30.778059,35.256786,183.490128,105.816246,99.050003,135.281921,20.480000,6438.644531,76.676048,,
2020-04-01,225.130798,40.143211,34.826225,149.449997,29.504240,33.358025,175.693726,98.605278,99.669998,137.177307,20.309999,6606.776367,76.669350,,
2020-04-02,230.325775,40.714081,35.289837,151.899994,30.706903,34.018829,179.259415,99.539001,100.180000,138.047806,25.320000,6793.624512,76.677689,,
2020-04-03,226.996582,40.363865,34.917908,152.649994,30.040491,33.332935,176.715271,96.719337,100.580002,138.376282,28.340000,6733.387207,76.652626,,
2020-04-04,,,,,,,,,,,,6867.527344,,,
2020-04-05,,,,,,,,,,,,6791.129395,,,
2020-04-06,242.243088,42.088741,36.172089,156.880005,31.805433,35.591370,189.349442,104.124420,100.690002,138.014969,26.080000,7271.781250,76.660965,,
2020-04-07,242.490005,42.377666,36.111538,156.039993,32.157738,35.942692,189.272385,104.392517,99.980003,136.569595,23.629999,7176.414551,76.644226,,
2020-04-08,250.630020,43.051853,36.656456,154.649994,32.675758,35.666664,193.291000,109.153603,100.120003,135.575897,25.090000,7334.098633,76.652626,,
2020-04-09,254.444077,43.638493,37.227322,158.690002,32.782490,36.218716,193.570480,114.376938,99.519997,135.822266,22.760000,7302.089355,76.635841,,
2020-04-10,,,,,,,,,,,,6865.493164,,,
2020-04-11,,,,,,,,,,,,6859.083008,,,
2020-04-12,,,,,,,,,,,,6971.091797,,,
2020-04-13,252.120880,43.340801,36.976486,161.410004,32.730434,35.808861,195.661743,111.279922,99.349998,134.582184,22.410000,6845.037598,76.652626,,
2020-04-14,259.556610,44.251400,37.530041,162.679993,33.405521,36.227085,204.171295,113.535675,98.889999,134.549347,20.110001,6842.427734,76.660965,,
2020-04-15,254.041595,43.314541,36.941887,161.850006,32.434536,35.825596,201.829514,108.903984,99.459999,138.113449,19.870001,6642.109863,76.652626,,
2020-04-16,255.267136,43.437115,37.140827,161.710007,32.485722,35.499363,205.510803,108.081215,100.029999,139.682022,19.870001,7116.804199,76.644226,,
2020-04-17,262.163330,44.408997,37.607887,158.570007,33.337830,36.093254,207.476822,112.842293,99.779999,137.809616,18.270000,7096.184570,76.660965,,
2020-04-18,,,,,,,,,,,,7257.665039,,,
2020-04-19,,,,,,,,,,,,7189.424805,,,
2020-04-20,257.544525,43.857388,37.253269,159.699997,32.767742,35.599739,205.019363,111.511017,99.959999,138.918335,-37.630001,6881.958496,76.652626,,
2020-04-21,249.724701,42.981819,36.647808,158.610001,31.897421,35.248428,197.454269,108.848541,100.260002,140.667511,10.010000,6880.323242,76.652626,,
2020-04-22,255.267136,43.612225,37.166779,161.729996,32.724346,35.716846,203.313614,110.170563,100.389999,139.230316,13.780000,7117.207520,76.652626,,
2020-04-23,255.248856,43.638493,37.210026,163.339996,32.734768,35.951054,202.879944,111.252197,100.430000,139.969452,16.500000,7429.724609,76.660965,,
2020-04-24,258.806671,43.971214,37.408951,162.639999,32.461433,36.185265,206.079422,113.165878,100.379997,140.297958,16.940001,7550.900879,76.652626,,
2020-04-25,,,,,,,,,,,,7569.936035,,,
2020-04-26,,,,,,,,,,,,7679.867188,,,
2020-04-27,262.538269,44.531578,37.737633,161.559998,33.277092,36.795872,207.737000,117.649597,100.040001,137.686417,12.780000,7795.601074,76.652626,,
2020-04-28,261.331055,44.531578,37.798183,160.839996,33.456715,37.230827,203.824371,119.359917,99.870003,139.271408,12.340000,7807.058594,76.652626,,
2020-04-29,268.172211,45.555992,38.386349,161.729996,34.530083,37.883282,211.052185,125.230331,99.570000,138.548752,15.060000,8801.038086,76.644226,,
2020-04-30,265.675385,45.013142,37.962524,158.800003,33.922676,37.264301,210.965469,120.469292,99.019997,136.930923,18.840000,8658.553711,76.660965,,
2020-05-01,258.642151,44.006237,37.331120,159.779999,32.886620,36.210358,205.019363,115.689690,98.800003,138.103546,19.780001,8864.766602,76.647568,,
2020-05-02,,,,,,,,,,,,8988.596680,,,
2020-05-03,,,,,,,,,,,,8897.468750,,,
2020-05-04,259.355469,44.128811,37.408951,160.339996,33.311794,35.934322,207.409378,116.188927,99.480003,137.453979,20.389999,8912.654297,76.647568,,
2020-05-05,261.751740,44.295181,37.599243,161.020004,33.346508,36.227085,209.760818,117.085670,99.709999,136.574081,24.559999,9003.070312,76.647568,,
2020-05-06,259.977386,44.050022,37.408951,158.949997,33.060162,35.817223,211.052185,116.225899,100.089996,134.370270,23.990000,9268.761719,76.655945,,
2020-05-07,263.114532,44.496559,37.711685,161.389999,33.268410,36.436207,213.769852,117.816032,99.889999,136.615189,23.549999,9951.518555,76.647568,,
2020-05-08,267.468079,45.214523,38.161461,160.419998,33.784706,37.222485,216.699509,122.364479,99.730003,134.839050,24.740000,9842.666016,76.647568,,
2020-05-09,,,,,,,,,,,,9593.896484,,,
2020-05-10,,,,,,,,,,,,8756.430664,,,
2020-05-11,267.522949,45.170738,38.040367,159.419998,33.520054,37.983654,218.636581,121.754280,100.239998,133.786469,24.139999,8601.795898,76.655945,,
2020-05-12,262.190704,44.549088,37.677094,160.039993,33.480137,37.255939,214.058975,117.381500,99.930000,135.159729,25.780001,8804.477539,76.655945,,
2020-05-13,257.553711,43.971214,37.357056,161.580002,33.266682,37.406494,211.379837,113.452454,100.239998,136.105301,25.290001,9269.987305,76.655945,,
2020-05-14,260.635895,44.190098,37.512756,163.009995,33.459316,36.887890,213.779465,113.822243,100.470001,137.437439,27.559999,9733.721680,76.664345,,
2020-05-15,261.834045,44.233894,37.495445,163.929993,32.903976,36.971539,215.167191,115.634247,100.400002,137.083878,29.430000,9328.197266,76.647568,,
2020-05-16,,,,,,,,,,,,9377.013672,,,
2020-05-17,,,,,,,,,,,,9670.739258,,,
2020-05-18,269.809479,45.555992,38.377693,162.690002,33.953915,37.933464,219.176239,122.660301,99.669998,134.074234,31.820000,9726.575195,76.647568,,
2020-05-19,267.038116,45.118198,38.161461,164.259995,33.788177,37.674152,218.626907,120.238144,99.370003,134.575851,32.500000,9729.038086,76.647568,,
2020-05-20,271.574646,45.853683,38.602577,164.649994,34.439835,38.159317,222.992477,123.880630,99.120003,134.978806,33.490002,9522.981445,76.647568,,
2020-05-21,269.699615,45.468449,38.369049,162.250000,34.357407,37.841454,220.563980,124.102478,99.370003,135.315887,33.919998,9081.761719,76.655945,,
2020-05-22,270.211884,45.503456,38.360386,163.210007,33.988621,37.715981,221.325302,124.703407,99.860001,136.129990,33.250000,9182.577148,76.647568,,
2020-05-23,,,,,,,,,,,,9209.287109,,,
2020-05-24,,,,,,,,,,,,8790.368164,,,
2020-05-25,,,,,,,,,,,,8906.934570,,,
2020-05-26,273.540985,46.195175,38.870716,160.889999,34.720978,39.188145,220.727814,128.299622,98.910004,134.304565,34.349998,8835.052734,76.655945,,
2020-05-27,277.611053,46.667976,39.182095,161.179993,35.060249,39.999516,221.932434,132.284149,99.059998,134.057816,32.810001,9181.017578,76.647568,,
2020-05-28,277.098877,46.711746,39.225346,161.720001,34.943119,40.493031,221.643341,129.150162,98.379997,133.564468,33.709999,9525.750977,76.647568,,
2020-05-29,278.333588,46.843090,39.277245,162.910004,35.316238,39.932606,224.891037,128.410568,98.339996,134.518311,35.490002,9439.124023,76.647568,,
2020-05-30,,,,,,,,,,,,9700.414062,,,
2020-05-31,,,,,,,,,,,,9461.058594,,,
2020-06-01,279.458527,47.245846,39.597260,163.660004,36.072018,40.417751,225.565659,129.640121,97.830002,133.612610,35.439999,10167.268555,76.655945,,
2020-06-02,281.772491,47.709904,39.848110,162.600006,36.904156,41.053463,227.078629,130.712524,97.669998,133.126831,36.810001,9529.803711,76.655945,,
2020-06-03,285.522339,48.445393,40.289234,159.600006,37.945423,41.563698,228.100174,133.865036,97.279999,131.356598,37.290001,9656.717773,76.655945,,
2020-06-04,284.772400,48.252758,40.107597,161.279999,37.457767,41.112019,226.500458,133.670914,96.680000,129.454681,37.410000,9800.636719,76.655945,,
2020-06-05,292.071014,49.119572,40.747650,158.009995,38.610970,42.132500,230.991333,138.838730,96.940002,128.532593,39.549999,9665.533203,76.639214,,
2020-06-06,,,,,,,,,,,,9653.679688,,,
2020-06-07,,,,,,,,,,,,9758.852539,,,
2020-06-08,295.601410,49.627396,41.084988,159.720001,39.117718,42.433620,232.783813,141.528961,96.620003,129.026611,38.189999,9771.489258,76.647568,,
2020-06-09,293.397156,49.373486,40.911991,161.259995,38.743729,41.672443,234.470291,138.912674,96.320000,130.492065,38.939999,9795.700195,76.647568,,
2020-06-10,291.760010,49.189621,40.773598,163.570007,38.795795,41.371326,237.284286,135.140778,95.959999,132.426971,39.599998,9870.094727,76.655945,,
2020-06-11,274.940338,46.913132,39.337784,162.389999,36.496330,39.246696,225.527069,124.832832,96.730003,134.930008,36.340000,9321.781250,76.639214,,
2020-06-12,278.233032,47.359673,39.727013,162.619995,37.468185,40.233734,227.319611,127.828163,97.320000,133.629135,36.259998,9480.843750,76.655945,,
2020-06-13,,,,,,,,,,,,9475.277344,,,
2020-06-14,,,,,,,,,,,,9386.788086,,,
2020-06-15,280.830414,47.604832,39.839466,162.330002,36.932564,39.782036,230.085449,130.783539,96.680000,133.703171,37.119999,9450.702148,76.655945,,
2020-06-16,286.235718,48.252758,40.297867,162.250000,37.135818,40.735611,234.036636,133.928116,96.959999,131.653061,38.380001,9538.024414,76.655945,,
2020-06-17,285.046722,48.217731,40.254635,162.559998,37.401882,40.727245,234.778732,131.507065,97.160004,132.196503,37.959999,9480.254883,76.655945,,
2020-06-18,285.156555,48.208984,40.228676,162.240005,37.292835,40.593407,235.414703,131.460648,97.419998,133.596191,38.840000,9411.840820,76.647568,,
2020-06-19,283.526886,48.060131,40.116249,164.029999,37.318134,40.208630,235.376175,130.783539,97.620003,133.703171,39.750000,9288.018555,76.647568,,
2020-06-20,,,,,,,,,,,,9332.340820,,,
2020-06-21,,,,,,,,,,,,9303.629883,,,
2020-06-22,285.345825,48.357826,40.323830,165.089996,37.741230,40.559956,238.198975,132.091461,97.040001,133.719711,40.459999,9648.717773,76.647568,,
2020-06-23,286.659424,48.559208,40.436268,166.479996,37.984608,40.514229,240.226257,132.648026,96.690002,132.805862,40.369999,9629.658203,76.647568,,
2020-06-24,279.347046,47.604832,39.830814,165.899994,37.413227,39.811466,235.273834,128.343933,97.150002,134.230133,38.009998,9313.610352,76.647568,,
2020-06-25,282.341858,47.937557,40.021091,165.800003,37.711567,40.209415,237.513550,130.282623,97.430000,134.617111,38.720001,9264.813477,76.655945,,
2020-06-26,275.635834,47.289623,39.640518,166.539993,37.209965,39.845337,231.904663,126.776260,97.500000,136.057999,38.490002,9162.917969,76.647568,,
2020-06-27,,,,,,,,,,,,9045.390625,,,
2020-06-28,,,,,,,,,,,,9143.582031,,,
2020-06-29,279.687042,47.674885,39.900002,166.630005,37.511806,40.057018,234.433945,130.922623,97.540001,135.629822,39.700001,9190.854492,76.647568,,
2020-06-30,283.269653,48.051369,40.124893,167.369995,37.377457,39.811466,239.029221,132.814972,97.389999,134.971130,39.270000,9137.993164,76.647568,,
2020-07-01,285.253906,48.156441,40.185440,166.619995,37.833694,39.515133,241.819153,131.553436,97.199997,134.708954,39.820000,9228.325195,76.647568,,
2020-07-02,286.824799,48.550381,40.484936,166.979996,38.338783,39.879208,243.460342,132.091461,97.320000,134.849136,40.650002,9123.410156,76.655945,,
2020-07-03,,,,,,,,,,,,9087.303711,,,
2020-07-04,,,,,,,,,,,,9132.488281,,,
2020-07-05,,,,,,,,,,,,9073.942383,,,
2020-07-06,291.252563,49.193722,40.946384,167.979996,39.193684,40.336422,249.445755,133.046890,96.790001,134.296890,40.630001,9375.474609,76.647568,,
2020-07-07,288.248688,48.841209,40.676483,169.039993,38.688599,39.913078,247.727295,130.690750,96.879997,136.184616,40.619999,9252.277344,76.647568,,
2020-07-08,290.453400,49.211349,40.902855,170.089996,39.168385,39.709866,250.990280,131.664764,96.430000,135.640488,40.900002,9428.333008,76.647568,,
2020-07-09,288.799835,48.938148,40.746128,169.630005,39.037533,39.354263,253.104523,129.002502,96.699997,137.800171,39.619999,9277.967773,76.647568,,
2020-07-10,291.748627,49.290668,40.963787,169.190002,38.871792,39.811466,254.832550,131.080322,96.650002,137.107773,40.549999,9278.807617,76.655945,,
2020-07-11,,,,,,,,,,,,9240.346680,,,
2020-07-12,,,,,,,,,,,,9276.500000,,,
2020-07-13,289.222473,48.955772,40.676483,169.399994,38.746174,39.786068,249.590515,129.419983,96.459999,137.561157,40.099998,9243.614258,76.655945,,
2020-07-14,292.970520,49.484558,41.085686,170.190002,39.142227,40.294086,251.357117,131.562698,96.260002,137.758957,40.290001,9243.213867,76.655945,,
2020-07-15,295.662048,49.942818,41.355583,170.339996,39.260864,40.641224,251.868805,136.386230,96.080002,137.115967,41.200001,9192.836914,76.655945,,
2020-07-16,294.688324,49.678425,41.216286,168.729996,39.135235,40.438030,250.150436,135.579254,96.349998,137.767242,40.750000,9132.227539,76.647568,,
2020-07-17,295.542572,49.837074,41.338165,170.119995,39.321049,40.311024,250.440079,135.978134,95.940002,137.478714,40.590000,9151.392578,76.655945,,
2020-07-18,,,,,,,,,,,,9159.040039,,,
2020-07-19,,,,,,,,,,,,9185.817383,,,
2020-07-20,297.931091,50.171947,41.538406,170.940002,39.640331,40.488823,257.545135,135.393738,95.830002,137.816666,40.810001,9164.231445,76.655945,,
2020-07-21,298.564880,50.242455,41.669006,173.000000,40.119247,40.251762,254.861511,137.313873,95.120003,137.899078,41.959999,9374.887695,76.655945,,
2020-07-22,300.264313,50.489227,41.790897,175.630005,40.127968,40.327957,255.759293,137.388092,94.970001,138.311264,41.900002,9525.363281,76.647568,,
2020-07-23,296.681671,50.075016,41.477470,177.179993,39.726692,40.023144,249.078827,137.527222,94.690002,139.926834,41.070000,9581.072266,76.655945,,
2020-07-24,294.770966,49.872326,41.320755,178.699997,40.004974,39.599800,246.713684,135.505066,94.440002,139.918686,41.290001,9536.892578,76.647568,,
2020-07-25,,,,,,,,,,,,9677.113281,,,
2020-07-26,,,,,,,,,,,,9905.166992,,,
2020-07-27,296.920563,50.251270,41.660305,182.229996,41.012539,40.107815,251.115784,136.915039,93.669998,139.399353,41.599998,10990.873047,76.647568,,
2020-07-28,295.037384,50.013325,41.494884,183.750000,40.642647,39.718342,247.920349,135.551453,93.760002,140.363831,41.040001,10912.823242,76.655945,,
2020-07-29,298.665985,50.445164,41.773491,185.130005,41.191372,39.549000,250.777924,138.538345,93.260002,140.124664,41.270000,11100.467773,76.655945,,
2020-07-30,297.600372,50.171947,41.634193,183.759995,40.668827,38.744640,252.090851,137.990982,93.019997,141.047943,39.919998,11111.213867,76.647568,,
2020-07-31,299.952057,50.013325,41.538406,185.429993,40.171581,37.914883,256.589600,136.692398,93.489998,140.957336,40.270000,11323.466797,76.655945,,
2020-08-01,,,,,,,,,,,,11759.592773,,,
2020-08-02,,,,,,,,,,,,11053.614258,,,
2020-08-03,302.037323,50.436337,41.860561,185.639999,40.145416,38.837765,260.055267,138.918610,93.500000,140.247559,41.009998,11246.348633,76.647568,,
2020-08-04,303.204010,50.718353,42.034676,189.589996,40.485634,39.193390,261.020630,139.874023,93.379997,141.584503,41.700001,11205.892578,76.655945,,
2020-08-05,305.087219,51.009186,42.139164,191.350006,40.998577,39.396591,261.667419,142.656906,92.830002,140.346573,42.189999,11747.022461,76.647568,,
2020-08-06,307.126587,51.211887,42.330711,193.889999,41.163448,39.388123,265.133270,142.601242,92.790001,141.130600,41.950001,11779.773438,76.647568,,
2020-08-07,307.346954,51.106125,42.182693,190.809998,40.715927,39.464333,262.072906,144.864624,93.440002,140.189926,41.220001,11601.472656,76.655945,,
2020-08-08,,,,,,,,,,,,11754.045898,,,
2020-08-09,,,,,,,,,,,,11675.739258,,,
2020-08-10,308.265686,51.159004,42.304585,190.149994,41.070107,39.718342,260.953064,146.367294,93.580002,139.562637,41.939999,11878.111328,76.655945,,
2020-08-11,305.721008,51.070877,42.173981,179.940002,40.971531,40.454960,256.010284,145.523224,93.629997,137.904037,41.610001,11410.525391,76.647568,,
2020-08-12,309.983459,51.723034,42.583191,179.100006,41.407696,41.437126,262.449371,146.116928,93.440002,136.649643,42.669998,11584.934570,76.647568,,
2020-08-13,309.423157,51.555584,42.443897,183.330002,41.357979,41.276253,263.047943,145.810806,93.339996,135.188934,42.240002,11784.137695,76.655945,,
2020-08-14,309.432434,51.449829,42.365524,182.539993,41.235851,41.081512,262.739014,145.717972,93.099998,134.660797,42.009998,11768.871094,76.647568,,
2020-08-15,,,,,,,,,,,,11865.698242,,,
2020-08-16,,,,,,,,,,,,11892.803711,,,
2020-08-17,310.415253,51.705395,42.513542,186.500000,41.467896,41.022247,265.789642,146.469406,92.849998,134.999146,42.889999,12254.402344,76.647568,,
2020-08-18,311.085876,51.749474,42.583191,188.179993,41.313496,40.886780,268.347870,145.068695,92.269997,135.964630,42.889999,11991.233398,76.655945,,
2020-08-19,309.790588,51.467461,42.374237,182.240005,40.860744,40.895237,266.542694,145.078003,92.889999,135.114700,42.930000,11758.283203,76.655945,,
2020-08-20,310.755188,51.485081,42.443897,183.500000,40.337337,40.598896,270.240082,144.484283,92.790001,136.335999,42.580002,11878.372070,76.655945,,
2020-08-21,311.857483,51.546772,42.470001,182.029999,40.476910,40.488823,272.112885,143.417542,93.250000,137.152969,42.340000,11592.489258,76.655945,,
2020-08-22,,,,,,,,,,,,11681.825195,,,
2020-08-23,,,,,,,,,,,,11664.847656,,,
2020-08-24,315.017700,51.969799,42.713787,181.000000,40.712437,41.056122,273.812012,144.920227,93.300003,136.930161,42.619999,11774.595703,76.655945,,
2020-08-25,316.119995,52.101986,42.766026,181.220001,41.139019,41.259319,275.964752,145.078003,93.019997,135.882187,43.349998,11366.134766,76.647568,,
2020-08-26,319.289337,52.410435,43.018513,183.360001,41.270748,41.166168,281.853729,144.168900,93.010002,135.362274,43.389999,11488.363281,76.647568,,
2020-08-27,319.987488,52.278252,42.861797,181.240005,41.000313,41.013767,280.975098,144.521378,93.010002,133.059891,43.040001,11323.397461,76.647568,,
2020-08-28,322.054352,52.542641,43.079460,184.389999,41.401596,40.886780,282.403870,145.745834,92.370003,132.960876,42.970001,11542.500000,76.655945,,
2020-08-29,,,,,,,,,,,,11506.865234,,,
2020-08-30,,,,,,,,,,,,11711.505859,,,
2020-08-31,320.887604,52.436874,42.974979,184.830002,40.433292,41.073048,284.672546,144.178177,92.139999,133.843872,42.610001,11680.820312,76.655945,,
2020-09-01,323.909973,52.639572,43.201347,185.050003,40.852020,41.250854,289.538055,145.829346,92.339996,135.374786,42.759998,11970.478516,76.655945,,
2020-09-02,328.595032,53.274101,43.584435,182.619995,40.825840,41.750393,292.279755,146.988846,92.849998,136.663589,41.509998,11414.034180,76.655945,,
2020-09-03,317.286713,51.890472,42.696377,181.139999,40.414963,41.005306,277.461121,142.647629,92.739998,137.051788,41.369999,10245.296875,76.647568,,
2020-09-04,314.696106,51.802345,42.600597,181.639999,40.583336,41.454056,273.763672,141.738571,92.720001,134.449448,39.770000,10511.813477,76.655945,,
2020-09-05,,,,,,,,,,,,10169.567383,,,
2020-09-06,,,,,,,,,,,,10280.351562,,,
2020-09-07,,,,,,,,,,,,10369.563477,,,
2020-09-08,306.097656,50.850559,42.025978,181.289993,40.258827,41.157707,260.605530,139.011414,93.480003,135.275604,36.759998,10131.516602,76.655945,,
2020-09-09,312.142242,51.670155,42.530960,183.050003,40.866844,41.343987,268.261017,141.117096,93.260002,134.912079,38.049999,10242.347656,76.647568,,
2020-09-10,306.722412,50.982750,42.130451,182.460007,40.428928,41.327053,262.912811,139.280380,93.339996,135.597763,37.299999,10363.138672,76.647568,,
2020-09-11,306.878479,51.211887,42.252346,182.449997,40.686272,41.818134,261.088196,138.352783,93.330002,135.886917,37.330002,10400.915039,76.639214,,
2020-09-12,,,,,,,,,,,,10442.170898,,,
2020-09-13,,,,,,,,,,,,10323.755859,,,
2020-09-14,310.920563,51.634899,42.557076,183.889999,41.392879,42.038269,265.635132,141.998322,93.070000,135.878677,37.259998,10680.837891,76.655945,,
2020-09-15,312.491364,51.872849,42.731201,183.449997,41.732224,42.080605,269.400177,142.267319,93.050003,135.548203,38.279999,10796.951172,76.639214,,
2020-09-16,311.251221,51.855232,42.670250,183.970001,41.726112,41.919735,265.104248,143.612335,93.209999,135.143372,40.160000,10974.905273,76.655945,,
2020-09-17,308.513763,51.634899,42.452591,182.960007,41.637135,41.868935,260.962769,142.564133,92.970001,135.556473,40.970001,10948.990234,76.655945,,
2020-09-18,304.961914,51.229507,42.208813,183.199997,41.227123,41.682671,257.632172,142.193085,92.930000,135.135086,41.110001,10944.585938,76.639214,,
2020-09-19,,,,,,,,,,,,11094.346680,,,
2020-09-20,,,,,,,,,,,,10938.271484,,,
2020-09-21,301.567871,50.480408,41.738667,179.520004,40.677547,40.971436,258.249969,137.211853,93.540001,135.820831,39.310001,10462.259766,76.639214,,
2020-09-22,304.639160,50.674286,41.921501,178.649994,40.319889,41.149246,263.047943,138.269302,93.989998,135.713486,39.599998,10538.459961,76.639214,,
2020-09-23,297.574188,49.969257,41.355583,174.789993,39.599327,41.538719,255.015945,134.149948,94.389999,135.895203,39.930000,10246.186523,76.639214,,
2020-09-24,298.367340,49.942818,41.442650,175.440002,39.475452,41.360916,256.203339,134.149948,94.349998,136.415680,40.310001,10760.066406,76.647568,,
2020-09-25,303.191101,50.409908,41.712555,174.940002,39.604553,41.555660,262.159821,136.328873,94.580002,136.415680,40.250000,10692.716797,76.639214,,
2020-09-26,,,,,,,,,,,,10750.723633,,,
2020-09-27,,,,,,,,,,,,10775.269531,,,
2020-09-28,308.226868,51.009186,42.139164,176.699997,39.949139,42.012875,267.604645,139.690247,94.260002,136.027359,40.599998,10709.652344,76.647568,,
2020-09-29,306.548248,50.894619,42.069519,178.190002,39.975307,41.936680,266.397858,139.057053,93.889999,136.184372,39.290001,10844.640625,76.647568,,
2020-09-30,308.872467,51.114944,42.173981,177.119995,40.363499,41.487923,268.222504,139.476059,93.889999,134.878983,40.220001,10784.491211,76.639214,,
2020-10-01,310.855469,51.335258,42.348114,178.699997,40.756054,41.530251,272.479736,141.701508,93.709999,135.101456,38.720001,10619.452148,76.639214,,
2020-10-02,307.904114,51.122292,42.105267,178.539993,40.288479,41.327053,264.814606,142.325424,93.839996,134.596939,37.049999,10575.974609,76.639214,,
2020-10-03,,,,,,,,,,,,10549.329102,,,
2020-10-04,,,,,,,,,,,,10669.583008,,,
2020-10-05,313.364136,51.811584,42.507095,179.410004,41.035210,41.801201,270.462189,146.254807,93.510002,131.967087,39.220001,10793.339844,76.639214,,
2020-10-06,308.909363,51.378555,42.262508,177.300003,40.808403,41.682671,265.635132,145.835785,93.830002,132.678268,40.669998,10604.406250,76.647568,,
2020-10-07,314.286438,51.908783,42.611923,177.220001,41.304768,42.114475,270.230408,149.020325,93.629997,131.710724,39.950001,10668.968750,76.639214,,
2020-10-08,317.071838,52.253433,42.917683,177.850006,41.637135,42.182217,271.668854,150.714981,93.610001,132.421875,41.189999,10915.685547,76.639214,,
2020-10-09,319.903290,52.651100,43.127327,181.080002,41.837772,41.945137,275.820038,151.497192,93.059998,132.397141,40.599998,11064.458008,76.639214,,
2020-10-10,,,,,,,,,,,,11296.361328,,,
2020-10-11,,,,,,,,,,,,11384.181641,,,
2020-10-12,325.049835,53.145969,43.398136,180.559998,41.978218,41.843525,284.334747,152.512085,93.070000,132.818878,39.430000,11555.363281,76.647568,,
2020-10-13,322.928497,52.810169,43.284565,177.720001,41.698193,41.758865,284.325043,151.497192,93.529999,133.770020,40.200001,11425.899414,76.639214,,
2020-10-14,320.899384,52.615749,43.066177,178.270004,41.630154,41.581070,281.950256,149.998001,93.379997,134.075989,41.040001,11429.506836,76.639214,,
2020-10-15,320.502777,52.341805,42.996288,178.919998,41.255047,41.403252,280.058044,151.543671,93.860001,133.844376,40.959999,11495.349609,76.639214,,
2020-10-16,320.309143,52.447849,43.039970,178.300003,41.227123,41.352455,278.523071,151.171249,93.680000,133.472290,40.880001,11322.123047,76.647568,,
2020-10-17,,,,,,,,,,,,11358.101562,,,
2020-10-18,,,,,,,,,,,,11483.359375,,,
2020-10-19,315.439331,51.979492,42.664337,178.389999,41.235851,41.369385,273.976074,149.364822,93.430000,132.967789,40.830002,11742.037109,76.647568,,
2020-10-20,316.702911,52.182739,42.882729,179.250000,41.672024,41.445587,274.564972,149.690735,93.070000,131.702393,41.459999,11916.334961,76.639214,,
2020-10-21,316.103485,52.094364,42.725483,180.600006,41.728733,41.521793,274.352600,148.405716,92.610001,131.247589,40.029999,12823.689453,76.639214,,
2020-10-22,317.837341,52.271111,42.891472,178.830002,41.727856,41.682671,274.342987,150.966354,92.949997,129.882980,40.639999,12965.891602,76.647568,,
2020-10-23,318.916443,52.465523,42.996288,178.639999,42.047131,41.674198,274.883575,151.841690,92.769997,130.676910,39.849998,12931.539062,76.647568,,
2020-10-24,,,,,,,,,,,,13108.062500,,,
2020-10-25,,,,,,,,,,,,13031.173828,,,
2020-10-26,313.022888,51.652515,42.454693,178.550003,41.515003,41.369385,270.761414,148.564026,93.050003,131.892609,38.560001,13075.248047,76.647568,,
2020-10-27,311.943756,51.484608,42.376068,179.020004,41.366703,41.327053,272.875610,147.288376,92.940002,132.777512,39.570000,13654.218750,76.639214,,
2020-10-28,301.281891,50.203236,41.493782,176.130005,40.284992,40.429558,262.237030,142.753723,93.410004,132.901581,37.389999,13271.285156,76.639214,,
2020-10-29,304.343872,50.539051,41.703438,175.399994,40.433292,41.005306,266.822632,144.457703,93.959999,131.611542,36.169998,13437.882812,76.647568,,
2020-10-30,301.171234,50.132545,41.493782,176.199997,39.970936,40.785183,260.055267,142.548828,94.040001,130.313034,35.790001,13546.522461,76.647568,,
2020-10-31,,,,,,,,,,,,13780.995117,,,
2020-11-01,,,,,,,,,,,,13737.109375,,,
2020-11-02,304.546906,50.583241,41.790791,177.910004,40.433292,41.327053,260.634521,145.090897,94.050003,131.289200,36.810001,13550.489258,76.647568,,
2020-11-03,309.923950,51.316700,42.271248,178.919998,41.078831,42.148342,265.142822,149.206543,93.550003,130.527451,37.660000,13950.300781,76.647568,,
2020-11-04,316.850464,52.191574,42.865253,178.820007,41.872665,41.894337,276.978455,149.374176,93.410004,133.358917,39.150002,14133.707031,76.639214,,
2020-11-05,323.029938,53.110619,43.363182,182.929993,42.762455,42.351555,284.199585,153.554977,92.529999,133.590668,38.790001,15579.848633,76.647568,,
2020-11-06,322.956177,53.137135,43.328239,183.190002,42.910751,42.275352,284.411896,152.353790,92.230003,131.976242,37.139999,15565.880859,76.639214,,
2020-11-07,,,,,,,,,,,,14833.753906,,,
2020-11-08,,,,,,,,,,,,15479.567383,,,
2020-11-09,327.014221,53.826427,43.808693,175.080002,43.739483,44.502151,278.600250,157.875488,92.730003,129.202805,40.290001,15332.315430,76.647568,,
2020-11-10,326.534760,53.826427,43.826172,175.660004,43.896507,44.485214,273.609253,160.808563,92.750000,128.457748,41.360001,15290.902344,76.639214,,
2020-11-11,328.960419,54.224083,44.035828,174.899994,44.264641,44.586819,279.729797,160.743408,93.040001,128.921341,41.450001,15701.339844,76.639214,,
2020-11-12,325.769226,53.676212,43.712608,175.960007,43.817997,43.646984,278.416931,158.275848,92.959999,131.115280,41.119999,16276.343750,76.639214,,
2020-11-13,330.279266,54.347809,44.123173,177.160004,44.507156,44.222736,280.859283,161.553528,92.760002,130.941422,40.130001,16317.808594,76.647568,,
2020-11-14,,,,,,,,,,,,16068.138672,,,
2020-11-15,,,,,,,,,,,,15955.587891,,,
2020-11-16,334.402008,54.816166,44.420177,177.149994,45.378628,44.874695,283.050751,165.399139,92.570000,130.626831,41.340000,16716.111328,76.647568,,
2020-11-17,332.603546,54.771988,44.367775,176.500000,45.453655,44.612221,282.152893,166.171967,92.419998,131.479568,41.430000,17645.406250,76.647568,,
2020-11-18,328.600708,54.383160,44.193062,175.490005,45.444931,44.146538,280.067566,163.844147,92.320000,131.860458,41.820000,17804.005859,76.647568,,
2020-11-19,329.984192,54.551067,44.289150,175.160004,45.375134,44.273540,282.259155,165.101135,92.290001,132.539291,41.740002,17817.089844,76.647568,,
2020-11-20,327.724518,54.577583,44.324104,175.690002,45.362049,44.832363,280.328308,165.278061,92.389999,133.714905,42.150002,18621.314453,76.647568,,
2020-11-21,,,,,,,,,,,,18642.232422,,,
2020-11-22,,,,,,,,,,,,18370.001953,,,
2020-11-23,329.689056,54.701298,44.402710,172.229996,45.741520,45.247234,280.338013,168.369476,92.510002,133.102249,43.060001,18364.121094,76.647568,,
2020-11-24,335.001556,55.346386,44.787071,169.589996,46.423695,45.814518,284.276794,171.535355,92.230003,131.777618,44.910000,19107.464844,76.647568,,
2020-11-25,334.485046,55.266865,44.778339,169.509995,46.330357,45.281105,286.024109,170.948761,91.989998,131.371964,45.709999,18732.121094,76.639214,,
2020-11-26,,,,,,,,,,,,17150.623047,,,
2020-11-27,335.416595,55.540817,44.953045,167.789993,46.487381,45.552044,288.659637,171.675049,91.790001,132.646988,45.529999,17108.402344,76.647568,,
2020-11-28,,,,,,,,,,,,17717.414062,,,
2020-11-29,,,,,,,,,,,,18177.484375,,,
2020-11-30,333.931641,54.984085,44.621105,166.669998,45.597588,44.358212,289.248535,168.555710,91.870003,132.481323,45.340000,19625.835938,76.639214,,
2020-12-01,337.583923,55.664532,44.944313,170.179993,46.749084,45.247234,292.955627,170.120026,91.309998,130.527985,44.549999,18802.998047,76.633347,,
2020-12-02,338.294250,55.699871,45.005478,171.460007,47.134663,45.585915,293.332092,170.296921,91.120003,129.492004,45.279999,19201.091797,76.641724,,
2020-12-03,338.201904,55.761734,45.075344,172.809998,47.577808,45.374241,293.747223,171.256027,90.709999,130.536224,45.639999,19445.398438,76.641724,,
2020-12-04,341.116455,56.212440,45.302467,172.320007,48.432716,45.873787,294.944275,175.241318,90.699997,128.621796,46.259998,18699.765625,76.650078,,
2020-12-05,,,,,,,,,,,,19154.230469,,,
2020-12-06,,,,,,,,,,,,19345.121094,,,
2020-12-07,340.415558,56.071037,45.188919,174.889999,48.487667,45.272644,296.614410,175.408936,90.790001,129.782120,45.759998,19191.630859,76.633347,,
2020-12-08,341.411621,56.141727,45.337418,175.500000,48.467609,45.408112,297.618408,177.662292,90.970001,130.395370,45.599998,18321.144531,76.633347,,
2020-12-09,338.349518,55.973827,45.136490,172.500000,48.397823,45.763718,290.879974,176.368011,91.089996,129.964417,45.520000,18553.916016,76.633347,,
2020-12-10,338.238861,56.079872,45.232590,172.169998,48.956123,45.806049,292.048065,178.072006,90.790001,131.116394,46.779999,18264.992188,76.633347,,
2020-12-11,337.842224,55.956150,45.197651,172.490005,48.772060,45.780655,291.401306,177.196732,90.980003,131.580551,46.570000,18058.904297,76.641724,,
2020-12-12,,,,,,,,,,,,18803.656250,,,
2020-12-13,,,,,,,,,,,,19142.382812,,,
2020-12-14,336.329712,55.832439,45.127754,171.539993,48.644234,46.068531,293.515503,177.404083,90.709999,131.215790,46.990002,19246.644531,76.633347,,
2020-12-15,340.876709,56.398010,45.494656,173.940002,49.169640,46.229397,296.652985,181.840820,90.470001,130.776550,47.619999,19417.076172,76.633347,,
2020-12-16,341.411621,56.521729,45.477188,174.899994,49.323025,46.178604,298.284454,181.187012,90.449997,130.428528,47.820000,21310.597656,76.641724,,
2020-12-17,343.320740,56.795662,45.739250,176.740005,49.505512,46.136265,300.234558,183.344681,89.820000,130.083420,48.360001,22805.162109,76.641724,,
2020-12-18,341.949921,56.663113,45.616951,176.440002,49.252510,46.119331,299.327087,182.457260,90.019997,129.693497,49.099998,23137.960938,76.641724,,
2020-12-19,,,,,,,,,,,,23869.832031,,,
2020-12-20,,,,,,,,,,,,23477.294922,,,
2020-12-21,340.727234,56.256603,45.337418,175.880005,48.573708,45.725822,298.767151,182.363907,90.040001,130.207901,47.740002,22803.082031,76.641724,,
2020-12-22,340.153015,56.159409,45.267532,174.490005,48.075626,45.846107,299.579498,184.437454,90.650002,130.879807,47.020000,23783.029297,76.641724,,
2020-12-23,340.458649,56.442192,45.442242,175.649994,48.705933,45.906258,298.070770,186.006699,90.410004,129.975571,48.119999,23241.345703,76.633347,,
2020-12-24,341.783173,56.558723,45.595219,176.350006,49.164345,45.871887,299.386078,185.885239,90.330002,130.489914,48.230000,23735.949219,76.641724,,
2020-12-25,,,,,,,,,,,,24664.791016,,,
2020-12-26,,,,,,,,,,,,26437.037109,,,
2020-12-27,,,,,,,,,,,,26272.294922,,,
2020-12-28,344.719513,56.843395,45.744686,175.710007,49.525787,46.421761,302.403503,185.194077,90.339996,130.548019,47.619999,27084.808594,76.641724,,
2020-12-29,344.061798,56.905659,45.832611,176.350006,49.883698,46.696705,302.674377,181.607300,90.010002,130.382034,48.000000,27362.437500,76.641724,,
2020-12-30,344.552612,57.119152,45.929317,177.699997,50.348377,46.653748,302.684021,183.456741,89.629997,130.664108,48.400002,28840.953125,76.633347,,
2020-12-31,346.303284,57.092468,45.894150,178.360001,50.136757,46.756844,303.428711,183.129776,89.940002,130.854965,48.520000,29001.720703,76.641724,,
2021-01-01,,,,,,,,,,,,29374.152344,,,
2021-01-02,,,,,,,,,,,,32127.267578,,,
2021-01-03,,,,,,,,,,,,32782.023438,,,
2021-01-04,341.588745,56.807793,45.779850,182.330002,50.718727,45.957802,299.144257,180.738647,89.879997,130.697342,47.619999,31971.914062,76.641724,,
2021-01-05,343.941376,57.314865,46.008450,182.869995,51.547573,46.249939,301.610504,183.531464,89.440002,129.726669,49.930000,33992.429688,76.633347,,
2021-01-06,345.997559,57.635101,46.166706,179.899994,51.521126,47.263763,297.432495,191.041199,89.529999,127.063599,50.630001,36824.363281,76.641724,,
2021-01-07,351.138245,58.044292,46.395290,179.479996,51.935551,47.487152,304.627960,194.441162,89.830002,125.943657,50.830002,39371.042969,76.641724,,
2021-01-08,353.138947,58.400127,46.650265,173.339996,53.187645,48.432266,308.544861,194.020874,90.099998,125.537155,52.240002,40797.609375,76.633347,,
2021-01-09,,,,,,,,,,,,40254.546875,,,
2021-01-10,,,,,,,,,,,,38356.441406,,,
2021-01-11,350.758514,58.008705,46.404091,173.000000,52.905483,48.183094,304.086365,193.852707,90.540001,125.329704,52.250000,35566.656250,76.641724,,
2021-01-12,350.832550,58.177746,46.492004,174.119995,53.117100,48.329151,303.602844,197.327362,90.050003,125.230179,53.209999,33922.960938,76.633347,,
2021-01-13,351.777313,58.204418,46.535965,173.369995,53.178829,48.535362,305.653168,195.916977,90.320000,126.640450,52.910000,37316.359375,76.633347,,
2021-01-14,350.545441,58.373428,46.615093,173.279999,53.734333,48.982136,304.018738,199.830627,90.239998,125.454147,53.570000,39187.328125,76.641724,,
2021-01-15,347.989044,57.839691,46.307369,171.130005,52.530735,48.217461,301.610504,196.850983,90.779999,125.952026,52.360001,36825.367188,76.641724,,
2021-01-16,,,,,,,,,,,,36178.140625,,,
2021-01-17,,,,,,,,,,,,35791.277344,,,
2021-01-18,,,,,,,,,,,,36630.074219,,,
2021-01-19,350.721375,58.177746,46.579926,172.580002,52.870209,48.320568,306.010956,199.372925,90.500000,126.358452,52.980000,36069.804688,76.641724,,
2021-01-20,355.574921,58.818230,46.905228,175.389999,53.452164,48.586910,313.128998,200.250916,90.470001,126.482910,53.240002,35547.750000,76.641724,,
2021-01-21,355.899078,58.836018,46.922821,175.279999,53.822506,48.269012,315.633850,198.513596,90.129997,125.595215,53.130001,30825.699219,76.641724,,
2021-01-22,354.639374,58.640316,46.782135,173.899994,52.967205,48.423664,314.724823,200.820709,90.239998,126.001701,52.270000,33005.761719,76.633347,,
2021-01-23,,,,,,,,,,,,32067.642578,,,
2021-01-24,,,,,,,,,,,,32289.378906,,,
2021-01-25,356.038086,58.693687,46.834892,174.050003,52.887848,48.664238,317.326447,200.624573,90.389999,127.486725,52.770000,32366.392578,76.641724,,
2021-01-26,355.482361,58.666992,46.852474,173.619995,52.570408,48.767334,317.790649,199.232819,90.169998,127.246117,52.610001,32569.849609,76.633347,,
2021-01-27,346.794250,57.466084,46.069992,172.520004,51.362408,47.951115,308.931671,195.580688,90.650002,127.569733,52.849998,30432.546875,76.633347,,
2021-01-28,349.776611,57.821907,46.351334,172.679993,51.882641,48.432266,310.759644,194.954880,90.459999,126.864502,52.340000,33466.097656,76.641724,,
2021-01-29,342.774323,56.914551,45.762272,172.610001,50.304298,47.487152,304.221771,192.003281,90.580002,126.101273,52.200001,34316.386719,76.641724,,
2021-01-30,,,,,,,,,,,,34269.523438,,,
2021-01-31,,,,,,,,,,,,33114.359375,,,
2021-02-01,348.479858,57.679577,46.219460,174.229996,51.626934,48.114361,311.823456,196.720245,91.019997,126.247452,53.549999,33537.175781,76.641724,,
2021-02-02,353.407593,58.284477,46.597507,172.110001,52.367607,48.552544,316.910553,199.522354,91.199997,125.433472,54.759998,35510.289062,76.633347,,
2021-02-03,353.685303,58.311172,46.615093,171.850006,52.482239,48.715790,315.653259,200.120117,91.120003,124.320518,55.689999,37472.089844,76.633347,,
2021-02-04,357.705292,58.666992,46.799721,168.149994,52.305885,49.222706,319.386475,204.201981,91.529999,123.988281,56.230000,36926.066406,76.641724,,
2021-02-05,359.113129,58.951660,46.922821,169.809998,52.852577,49.317215,320.469635,207.032135,91.040001,122.950043,56.849998,38144.308594,76.641724,,
2021-02-06,,,,,,,,,,,,39266.011719,,,
2021-02-07,,,,,,,,,,,,38903.441406,,,
2021-02-08,361.706696,59.307480,47.204163,171.520004,53.037746,50.124855,322.616669,212.318848,90.930000,123.489922,57.970001,46196.464844,76.641724,,
2021-02-09,361.465820,59.396435,47.256905,172.080002,53.231735,50.030334,322.549011,213.318298,90.440002,123.581291,58.360001,46481.105469,76.641724,,
2021-02-10,361.308350,59.414238,47.239307,172.710007,53.266998,49.935833,321.813934,211.917221,90.370003,124.403549,58.680000,44918.183594,76.633347,,
2021-02-11,361.891968,59.583256,47.371208,171.210007,53.658508,50.193592,323.583740,211.674393,90.419998,123.722481,58.240002,47909.332031,76.641724,,
2021-02-12,363.679596,59.841221,47.450333,170.690002,53.778427,50.734871,325.392334,212.272171,90.480003,122.185913,59.470001,47504.851562,76.633347,,
2021-02-13,,,,,,,,,,,,47105.515625,,,
2021-02-14,,,,,,,,,,,,48717.289062,,,
2021-02-15,,,,,,,,,,,,47945.058594,,,
2021-02-16,363.364624,59.867920,47.432747,168.240005,53.893047,51.233200,324.512207,210.936478,90.510002,120.325401,60.049999,49199.871094,76.641724,,
2021-02-17,363.447998,59.823448,47.397587,166.330002,53.760792,51.293343,322.955170,209.283188,90.949997,121.089592,61.139999,52149.007812,76.641724,,
2021-02-18,361.901184,59.503181,47.221745,166.320007,53.249367,50.485699,321.543121,206.042038,90.589996,120.599541,60.520000,51679.796875,76.633347,,
2021-02-19,361.262085,59.556564,47.256905,167.009995,53.602074,50.657547,320.140747,210.338715,90.360001,118.996529,59.240002,55888.132812,76.641724,,
2021-02-20,,,,,,,,,,,,56099.519531,,,
2021-02-21,,,,,,,,,,,,57539.945312,,,
2021-02-22,358.483337,59.085083,46.966778,169.509995,52.438148,50.545860,311.842834,208.975006,90.010002,118.091164,61.490002,54207.320312,76.633347,,
2021-02-23,358.918640,59.174046,46.966778,169.119995,52.852577,50.554447,310.914368,207.134872,90.169998,117.750648,61.669998,48824.425781,76.633347,,
2021-02-24,362.873718,59.503181,47.230534,169.000000,52.949574,50.631775,313.477234,212.029343,90.180000,116.978210,63.220001,49705.332031,76.624962,,
2021-02-25,354.130035,58.409031,46.395290,165.820007,51.798870,50.064713,302.548645,204.192627,90.129997,115.067894,63.529999,47093.851562,76.633347,,
2021-02-26,352.305328,57.982037,46.298584,161.809998,51.097881,49.489052,303.815582,203.912399,90.930000,118.871902,61.500000,46339.761719,76.633347,,
2021-02-27,,,,,,,,,,,,46188.453125,,,
2021-02-28,,,,,,,,,,,,45137.769531,,,
2021-03-01,360.845245,59.058399,46.949181,161.529999,52.310295,50.408379,312.954956,211.160629,91.040001,117.301979,60.639999,49631.242188,76.624962,,
2021-03-02,358.029510,58.862709,46.790936,162.410004,52.111893,49.858501,307.935486,207.097519,90.790001,117.310272,59.750000,48378.988281,76.624962,,
2021-03-03,353.287079,58.373428,46.448048,160.619995,52.138351,50.038940,298.999298,204.855804,90.949997,116.037910,61.279999,50538.242188,76.633347,,
2021-03-04,348.915222,57.697380,45.973274,159.039993,51.327133,50.184986,294.105530,199.130081,91.629997,115.289528,63.830002,48561.167969,76.633347,,
2021-03-05,355.334137,58.302269,46.421669,159.139999,51.997276,50.769234,298.534973,203.351990,91.980003,115.514030,66.089996,48927.304688,76.633347,,
2021-03-06,,,,,,,,,,,,48912.382812,,,
2021-03-07,,,,,,,,,,,,51206.691406,,,
2021-03-08,353.565033,58.035408,46.184288,157.490005,50.956802,50.837978,290.082275,204.314072,92.309998,114.615936,65.050003,52246.523438,76.624962,,
2021-03-09,358.613068,58.711479,46.659050,160.839996,51.732742,51.044186,301.523468,208.610687,91.959999,116.204277,64.010002,54824.117188,76.624962,,
2021-03-10,360.845245,58.951660,46.799721,161.660004,51.865009,51.413635,300.662720,212.234833,91.790001,116.437088,64.440002,56008.550781,76.624962,,
2021-03-11,364.503967,59.520985,47.195358,161.520004,53.090652,51.044186,307.587341,216.905075,91.419998,115.597191,66.019997,57805.121094,76.633347,,
2021-03-12,364.994843,59.476513,47.028320,161.490005,52.394054,51.868988,305.092255,218.184708,91.680000,113.144035,65.610001,57332.089844,76.624962,,
2021-03-13,,,,,,,,,,,,61243.085938,,,
2021-03-14,,,,,,,,,,,,59302.316406,,,
2021-03-15,367.171539,59.761169,47.265701,162.199997,52.737949,52.410282,308.351379,218.959946,91.830002,113.809288,65.389999,55907.199219,76.624962,,
2021-03-16,366.708405,59.761169,47.256905,162.350006,52.817307,52.375919,310.043915,215.298508,91.870003,113.351936,64.800003,56804.902344,76.624962,,
2021-03-17,367.958801,59.939064,47.379986,163.509995,52.843750,52.685226,311.320496,216.989120,91.400002,112.503731,64.599998,58870.894531,76.633347,,
2021-03-18,362.605164,59.182941,46.896442,162.559998,51.723927,53.071857,301.784637,210.385391,91.849998,111.364494,60.000000,57858.921875,76.624962,,
2021-03-19,361.934143,59.298592,46.949181,163.240005,52.235344,53.535812,302.848450,211.973297,91.919998,112.054672,61.419998,58346.652344,76.624962,,
2021-03-20,,,,,,,,,,,,58313.644531,,,
2021-03-21,,,,,,,,,,,,57523.421875,,,
2021-03-22,364.824249,59.432030,47.081070,163.000000,52.217709,53.226517,308.527832,210.376068,91.800003,113.310356,61.549999,54529.144531,76.624962,,
2021-03-23,361.952698,58.853809,46.703011,161.809998,51.335953,52.247040,307.181885,202.744843,92.339996,114.333176,57.759998,54738.945312,76.633347,,
2021-03-24,360.112823,58.542446,46.509583,162.369995,50.815720,51.817444,302.001099,198.055939,92.529999,114.948540,61.180000,52774.265625,76.624962,,
2021-03-25,362.138672,58.818230,46.720604,161.779999,51.097881,52.650856,301.478241,202.751816,92.879997,114.042160,58.560001,51704.160156,76.624962,,
2021-03-26,367.974487,59.654411,47.195358,162.240005,52.235344,53.501453,306.000427,206.448242,92.769997,113.642982,60.970001,55137.312500,76.624962,,
2021-03-27,,,,,,,,,,,,55973.511719,,,
2021-03-28,,,,,,,,,,,,55950.746094,,,
2021-03-29,367.788544,59.476513,47.081070,160.309998,51.979633,53.166363,305.913300,200.636887,92.940002,112.678360,61.560001,57750.199219,76.624962,,
2021-03-30,366.812866,59.387558,46.975559,157.570007,52.032539,53.132004,304.373657,204.015121,93.300003,113.268822,60.549999,58917.691406,76.633347,,
2021-03-31,368.299683,59.538776,47.089867,159.960007,52.429329,52.702415,309.031403,206.757050,93.230003,112.636818,59.160000,58918.832031,76.624962,,
2021-04-01,372.277069,60.063622,47.511871,161.979996,52.737949,53.003120,314.299164,209.377289,92.930000,114.506195,61.450001,59095.808594,76.633347,,
2021-04-02,,,,,,,,,,,,59384.312500,,,
2021-04-03,,,,,,,,,,,,57603.890625,,,
2021-04-04,,,,,,,,,,,,58758.554688,,,
2021-04-05,377.620392,60.690922,47.867821,161.919998,53.028919,53.235104,320.574249,210.528351,92.599998,114.006599,58.650002,59057.878906,76.624962,,
2021-04-06,377.397308,60.584007,47.814960,163.220001,53.156780,52.264233,320.351501,209.910706,92.339996,114.781029,59.330002,58192.359375,76.616562,,
2021-04-07,377.834045,60.539463,47.779713,162.759995,52.746765,52.556347,321.126190,206.523117,92.459999,113.981613,59.770000,56048.937500,76.616562,,
2021-04-08,379.627625,60.886978,47.982357,164.509995,53.134743,52.221260,324.476654,208.273056,92.059998,114.922607,59.599998,58323.953125,76.624962,,
2021-04-09,382.387512,61.100830,48.096901,163.270004,52.817307,52.693821,326.442444,208.301132,92.160004,114.506195,59.320000,58245.003906,76.616562,,
2021-04-10,,,,,,,,,,,,59793.234375,,,
2021-04-11,,,,,,,,,,,,60204.964844,,,
2021-04-12,382.526917,60.931515,48.008797,162.279999,52.332344,52.238441,326.016357,207.486984,92.139999,114.456223,59.700001,59893.453125,76.616562,,
2021-04-13,383.660614,61.172115,48.176197,163.429993,52.711494,52.427464,329.821899,206.944229,91.849998,115.313934,60.180000,63503.457031,76.616562,,
2021-04-14,382.350372,61.127560,48.132126,162.720001,53.059788,52.281406,325.861420,208.984283,91.690002,114.947632,63.150002,63109.695312,76.616562,,
2021-04-15,386.457825,61.626564,48.422890,165.350006,53.716698,52.504791,330.800049,209.892044,91.669998,116.871140,63.459999,63314.011719,76.624962,,
2021-04-16,387.749512,61.876064,48.599094,166.350006,53.760792,52.616489,331.187347,210.228928,91.559998,115.963432,63.130001,61572.789062,76.624962,,
2021-04-17,,,,,,,,,,,,60683.820312,,,
2021-04-18,,,,,,,,,,,,56216.183594,,,
2021-04-19,385.844421,61.635479,48.405266,165.889999,53.472450,51.886181,328.156403,207.496338,91.070000,115.630356,63.380001,55724.265625,76.616562,,
2021-04-20,383.019501,61.038452,48.123325,166.479996,53.152382,50.726284,325.764557,203.247803,91.239998,116.163315,62.439999,56473.031250,76.616562,,
2021-04-21,386.643616,61.582016,48.405266,168.130005,53.381630,51.216015,328.553497,208.216919,91.160004,116.396477,61.349998,53906.089844,76.616562,,
2021-04-22,383.112274,61.234497,48.220245,167.039993,52.949574,51.104332,324.592834,207.355972,91.330002,116.904388,61.430000,51762.273438,76.624962,,
2021-04-23,387.266266,61.769127,48.555046,166.399994,53.557987,51.568287,328.679321,211.267624,90.860001,116.629684,62.139999,51093.652344,76.624962,,
2021-04-24,,,,,,,,,,,,50050.867188,,,
2021-04-25,,,,,,,,,,,,49004.253906,,,
2021-04-26,388.074646,61.929531,48.669590,166.839996,54.078217,51.396446,330.819427,213.466766,90.809998,116.463135,61.910000,54021.753906,76.616562,,
2021-04-27,387.991028,61.884964,48.599094,166.419998,53.884232,51.147285,329.386230,213.784958,90.910004,115.447182,62.939999,55033.117188,76.624962,,
2021-04-28,387.879517,61.956253,48.669590,166.910004,54.298668,51.164471,328.272644,214.149933,90.610001,115.522141,63.860001,54824.703125,76.616562,,
2021-04-29,390.351410,62.107735,48.678394,166.220001,54.325115,51.379253,329.453979,213.354477,90.610001,115.180740,65.010002,53555.109375,76.616562,,
2021-04-30,387.786621,61.546368,48.352398,165.660004,53.273167,51.121510,327.294525,210.453491,91.279999,115.447182,63.580002,57750.175781,76.624962,,
2021-05-01,,,,,,,,,,,,57828.050781,,,
2021-05-02,,,,,,,,,,,,56631.078125,,,
2021-05-03,388.623016,61.840427,48.510994,167.809998,53.381630,51.594063,325.551575,211.482895,90.949997,115.516380,64.489998,57200.292969,76.624962,,
2021-05-04,386.225464,61.359234,48.334778,166.580002,52.879028,51.267567,319.692993,208.956192,91.290001,116.300285,65.690002,53333.539062,76.616562,,
2021-05-05,386.346252,61.599842,48.422890,167.270004,53.266998,51.791672,318.618134,208.123322,91.309998,116.492088,65.629997,57424.007812,76.624962,,
2021-05-06,389.431519,62.045361,48.740059,170.059998,54.051769,52.092396,321.019623,208.301132,90.949997,116.683937,64.709999,56396.515625,76.624962,,
2021-05-07,392.265747,62.490898,48.995579,171.589996,54.783630,52.255627,323.624542,210.921356,90.230003,116.108543,64.900002,57356.402344,76.616562,,
2021-05-08,,,,,,,,,,,,58803.777344,,,
2021-05-09,,,,,,,,,,,,58232.316406,,,
2021-05-10,388.381317,62.000816,48.616711,172.110001,54.307476,52.358730,315.451660,205.559235,90.209999,114.932686,64.919998,55859.796875,76.616562,,
2021-05-11,384.915161,61.483982,48.325966,172.139999,53.840149,51.465183,315.015808,204.904144,90.139999,114.282188,65.279999,56704.574219,76.616562,,
2021-05-12,376.737549,60.405788,47.665176,170.429993,51.865009,50.348244,306.862305,198.250595,90.709999,113.081360,66.080002,49150.535156,76.608223,,
2021-05-13,381.263092,60.913689,48.008797,171.130005,52.411697,50.915298,309.234802,201.900223,90.750000,113.256424,63.820000,49716.191406,76.608223,,
2021-05-14,387.117554,61.715668,48.422890,172.690002,53.178829,51.379253,316.061676,206.831924,90.320000,114.315536,65.370003,49880.535156,76.608223,,
2021-05-15,,,,,,,,,,,,46760.187500,,,
2021-05-16,,,,,,,,,,,,46456.058594,,,
2021-05-17,386.132507,61.555283,48.387646,174.699997,52.790844,51.173054,314.144379,207.112671,90.220001,114.073723,66.269997,43537.511719,76.616562,,
2021-05-18,382.805725,61.457264,48.299534,175.039993,53.593254,51.533920,312.023651,205.540482,89.750000,113.781807,65.489998,42909.402344,76.616562,,
2021-05-19,381.802155,61.243412,48.185005,175.160004,53.249367,51.379253,312.381927,203.959000,90.190002,113.506668,63.360001,37002.441406,76.608223,,
2021-05-20,385.909546,61.778038,48.555046,175.960007,53.483036,51.611237,318.424438,205.315933,89.809998,114.440666,62.049999,40782.738281,76.608223,,
2021-05-21,385.593536,61.733486,48.519806,176.039993,53.117100,51.929134,316.662079,205.849304,90.019997,114.807564,63.580002,37304.691406,76.616562,,
2021-05-22,,,,,,,,,,,,37536.632812,,,
2021-05-23,,,,,,,,,,,,34770.582031,,,
2021-05-24,389.524353,62.143387,48.722450,176.350006,53.575623,52.229855,321.987976,207.187485,89.830002,115.232864,66.050003,38705.980469,76.608223,,
2021-05-25,388.660187,62.179016,48.740059,177.949997,53.822506,52.015064,322.433472,205.184906,89.639999,116.300285,66.070000,38402.222656,76.608223,,
2021-05-26,389.431519,62.285950,48.881042,177.639999,54.236935,52.272812,323.556702,209.012375,90.040001,116.100197,66.209999,39294.199219,76.608223,,
2021-05-27,389.635803,62.330509,48.898659,177.710007,54.236935,52.573536,322.346252,211.164688,89.970001,115.633186,66.849998,38436.968750,76.616562,,
2021-05-28,390.332886,62.464161,48.977955,178.380005,54.862984,52.788326,323.363037,211.024338,90.029999,115.449707,66.320000,35697.605469,76.616562,,
2021-05-29,,,,,,,,,,,,34616.066406,,,
2021-05-30,,,,,,,,,,,,35678.128906,,,
2021-05-31,,,,,,,,,,,,37332.855469,,,
2021-06-01,389.989014,62.651291,49.066051,177.899994,55.771191,52.504791,322.288269,213.420013,89.830002,115.423775,67.720001,36684.925781,76.608223,,
2021-06-02,390.602325,62.784935,49.162975,178.770004,56.026905,53.054676,322.917664,213.672653,89.900002,115.691025,68.830002,37575.179688,76.608223,,
2021-06-03,389.152618,62.446369,48.969139,175.270004,55.594845,53.363972,319.557373,211.885254,90.500000,115.256790,68.809998,39208.765625,76.608223,,
2021-06-04,392.711731,62.918613,49.295132,177.160004,56.159161,53.638920,324.980255,212.802368,90.139999,116.835136,69.620003,36894.406250,76.616562,,
2021-06-05,,,,,,,,,,,,35551.957031,,,
2021-06-06,,,,,,,,,,,,35862.378906,,,
2021-06-07,392.330841,62.963173,49.224651,177.869995,55.991638,53.673286,325.948578,215.656570,89.949997,116.476059,69.230003,33560.707031,76.599831,,
2021-06-08,392.414429,62.954266,49.251083,177.320007,55.727112,53.544411,326.103485,217.939926,90.080002,117.294495,70.050003,33472.632812,76.599831,,
2021-06-09,391.829010,62.829502,49.233456,176.979996,55.586021,53.260876,326.180969,216.489426,90.120003,118.330093,69.959999,37345.121094,76.599831,,
2021-06-10,393.650330,63.061176,49.348000,177.740005,56.079174,53.286659,329.579865,214.884003,90.080002,119.039909,70.290001,36702.597656,76.599831,,
2021-06-11,394.300842,63.123566,49.409668,175.740005,55.928661,53.492855,330.441742,217.152069,90.559998,118.847885,70.910004,37334.398438,76.608223,,
2021-06-12,,,,,,,,,,,,35552.515625,,,
2021-06-13,,,,,,,,,,,,39097.859375,,,
2021-06-14,395.183685,63.194855,49.488960,174.710007,56.132301,53.415531,333.608246,216.514740,90.519997,117.937531,70.879997,40218.476562,76.599831,,
2021-06-15,394.458862,63.123566,49.356812,174.050003,55.919811,53.699066,331.429413,215.896194,90.540001,117.795593,72.120003,40406.269531,76.599831,,
2021-06-16,392.256439,62.740383,49.180595,171.110001,55.370884,53.965408,330.219055,215.436935,91.129997,117.695343,72.150002,38347.062500,76.608223,,
2021-06-17,392.126343,62.660198,49.074871,165.850006,55.052147,53.613152,334.412018,213.018936,91.889999,119.457504,71.040001,38053.503906,76.599831,,
2021-06-18,386.836395,61.929531,48.687202,164.929993,54.565197,52.161118,331.787689,208.182953,92.230003,121.704010,71.639999,35787.246094,76.608223,,
2021-06-19,,,,,,,,,,,,35615.871094,,,
2021-06-20,,,,,,,,,,,,35698.296875,,,
2021-06-21,392.374298,62.499817,49.057251,166.949997,54.999023,52.900024,333.849854,212.634705,91.860001,119.666267,73.660004,31676.693359,76.599831,,
2021-06-22,394.472015,62.669121,49.110126,166.250000,54.919342,53.028896,336.962006,213.600037,91.730003,119.958580,73.059998,32505.660156,76.599831,,
2021-06-23,393.996582,62.553280,49.074871,166.139999,54.999023,52.728184,337.126678,214.302902,91.800003,119.649544,73.080002,33723.027344,76.599831,,
2021-06-24,396.327423,62.980968,49.277504,166.039993,55.450565,53.328217,339.211060,217.330124,91.820000,119.841660,73.300003,34662.437500,76.608223,,
2021-06-25,397.735138,63.177040,49.348000,166.589996,55.565659,53.553345,338.794128,217.695648,91.809998,118.597290,74.050003,31637.779297,76.608223,,
2021-06-26,,,,,,,,,,,,32186.277344,,,
2021-06-27,,,,,,,,,,,,34649.644531,,,
2021-06-28,398.536987,63.061176,49.383240,166.580002,55.512543,53.198349,342.914398,215.971146,91.879997,119.816589,72.910004,34434.335938,76.599831,,
2021-06-29,398.751404,63.061176,49.400860,164.830002,55.326614,53.120411,344.155457,214.940231,92.050003,120.017036,72.980003,35867.777344,76.599831,,
2021-06-30,399.087036,62.954266,49.339195,165.630005,55.229221,52.834679,343.612488,214.968338,92.440002,120.551521,73.470001,35040.835938,76.599831,,
2021-07-01,401.296631,63.114647,49.409668,166.199997,54.981319,53.042492,343.748260,216.861511,92.599998,120.558235,75.230003,33572.117188,76.608223,,
2021-07-02,404.363892,63.466747,49.644302,167.289993,55.353184,53.059811,347.694000,214.799637,92.230003,121.285683,75.160004,33897.046875,76.599831,,
2021-07-03,,,,,,,,,,,,34668.546875,,,
2021-07-04,,,,,,,,,,,,35287.781250,,,
2021-07-05,,,,,,,,,,,,33746.003906,,,
2021-07-06,403.627441,63.206936,49.573475,168.119995,54.724567,52.592247,349.196655,211.678741,92.550003,122.707329,73.370003,34235.195312,76.591469,,
2021-07-07,405.053833,63.430901,49.644302,168.759995,54.830811,52.479683,349.933502,209.710602,92.639999,123.794403,72.199997,33855.328125,76.591469,,
2021-07-08,401.753418,62.821705,49.316711,168.649994,54.007416,51.094315,347.820038,207.779892,92.360001,124.279419,72.940002,32877.371094,76.599831,,
2021-07-09,406.042084,63.520512,49.732841,169.210007,54.627174,52.938583,349.991699,212.166092,92.129997,122.531715,74.559998,33798.011719,76.599831,,
2021-07-10,,,,,,,,,,,,33520.519531,,,
2021-07-11,,,,,,,,,,,,34240.187500,,,
2021-07-12,407.496490,63.681774,49.794819,169.000000,54.724567,53.025169,351.358643,212.344147,92.230003,122.372818,74.099998,33155.847656,76.599831,,
2021-07-13,406.107422,63.430901,49.644302,169.220001,54.494362,53.033825,351.358643,208.342255,92.750000,121.436256,75.250000,32702.025391,76.599831,,
2021-07-14,406.713379,63.511524,49.777107,171.039993,54.963615,52.903961,351.988831,205.127594,92.410004,122.816010,73.129997,32822.347656,76.591469,,
2021-07-15,405.324188,63.251740,49.608887,171.070007,54.821945,52.436394,349.516541,203.965469,92.620003,124.170708,71.650002,31780.730469,76.599831,,
2021-07-16,402.144989,62.839619,49.316711,169.410004,54.414688,51.942852,346.685699,201.453751,92.690002,123.936554,71.809998,31421.539062,76.599831,,
2021-07-17,,,,,,,,,,,,31533.068359,,,
2021-07-18,,,,,,,,,,,,31796.810547,,,
2021-07-19,396.206146,62.069118,48.918274,169.610001,53.361099,50.947113,343.845123,198.435913,92.889999,126.654274,66.419998,30817.832031,76.591469,,
2021-07-20,401.883942,62.669373,49.343262,169.389999,53.856899,51.838943,347.839417,204.593445,92.970001,125.433357,67.419998,29807.347656,76.591469,,
2021-07-21,405.137817,63.153175,49.511490,168.759995,54.069397,52.349804,350.524811,208.117310,92.750000,123.844566,70.300003,32110.693359,76.591469,,
2021-07-22,405.986115,63.314453,49.653160,169.089996,54.255310,52.185291,352.841949,204.808945,92.820000,125.015244,71.910004,32313.105469,76.599831,,
2021-07-23,410.162964,63.547386,49.777107,168.559998,54.157925,52.635536,356.962189,205.764923,92.910004,124.179100,72.070000,33581.550781,76.591469,,
2021-07-24,,,,,,,,,,,,34292.445312,,,
2021-07-25,,,,,,,,,,,,35350.187500,,,
2021-07-26,411.169769,63.556343,49.830235,168.160004,54.211052,52.609558,357.243347,206.364731,92.650002,123.811111,71.910004,37337.535156,76.599831,,
2021-07-27,409.295776,63.359238,49.600033,168.440002,53.794930,51.968826,353.307251,203.956070,92.430000,125.132317,71.650002,39406.941406,76.591469,,
2021-07-28,409.128052,63.538414,49.847942,169.289993,54.370419,52.349804,354.664520,206.955170,92.320000,125.140724,72.389999,39995.906250,76.591469,,
2021-07-29,410.824860,63.851974,49.998463,171.169998,54.866226,52.323830,355.294678,208.548447,91.860001,124.446663,73.620003,40008.421875,76.599831,,
2021-07-30,408.829742,63.484676,49.741695,169.820007,54.122520,51.743702,353.443054,207.170731,92.169998,125.031960,73.949997,42235.546875,76.591469,,
2021-07-31,,,,,,,,,,,,41626.195312,,,
2021-08-01,,,,,,,,,,,,39974.894531,,,
2021-08-02,407.971985,63.636955,49.812527,169.610001,54.334995,52.254559,353.472046,206.139816,92.050003,126.147194,71.260002,39201.945312,76.591469,,
2021-08-03,411.291077,63.995319,50.113556,169.490005,55.069855,52.540291,355.614685,206.992706,92.080002,126.214127,70.559998,38152.980469,76.591469,,
2021-08-04,409.267914,63.807186,49.945339,169.529999,55.176102,52.072723,356.128418,204.415390,92.269997,126.473694,68.150002,39747.503906,76.591469,,
2021-08-05,411.859711,64.058044,50.140125,168.860001,55.255779,52.358456,358.387268,208.089233,92.239998,125.829018,69.089996,40869.554688,76.591469,,
2021-08-06,412.540314,63.887829,49.945339,164.639999,54.866226,52.574928,356.816803,209.363846,92.800003,123.727570,68.279999,42816.500000,76.599831,,
2021-08-07,,,,,,,,,,,,44555.800781,,,
2021-08-08,,,,,,,,,,,,43798.117188,,,
2021-08-09,412.204681,63.878864,49.971901,161.720001,54.804249,52.704803,357.476044,208.211029,92.949997,123.283882,66.480003,46365.402344,76.599831,,
2021-08-10,412.717468,63.905746,49.954189,161.770004,54.582901,52.704803,355.643768,208.623413,93.059998,122.714531,68.290001,45585.031250,76.591469,,
2021-08-11,413.743103,64.210350,50.157837,164.000000,54.751122,53.362862,355.032928,209.644974,92.910004,122.639130,69.250000,45593.636719,76.591469,,
2021-08-12,414.983002,64.165565,50.166691,164.039993,54.388126,53.224327,356.312653,209.148270,93.040001,122.438225,69.089996,44428.289062,76.591469,,
2021-08-13,415.738159,64.290977,50.281796,166.389999,54.317299,52.938583,357.563263,207.245697,92.519997,124.372261,68.440002,47793.320312,76.599831,,
2021-08-14,,,,,,,,,,,,47096.945312,,,
2021-08-15,,,,,,,,,,,,47047.003906,,,
2021-08-16,416.717072,64.228264,50.219814,167.220001,54.157925,52.401756,357.718414,205.315063,92.629997,124.673645,67.290001,46004.484375,76.583107,,
2021-08-17,413.985413,63.762379,49.874504,166.970001,53.538166,52.245899,354.567627,202.812683,93.129997,124.623413,66.589996,44695.359375,76.583107,,
2021-08-18,409.454346,63.475700,49.750553,167.100006,53.467346,52.072723,351.154999,201.041336,93.139999,125.042068,65.459999,44801.187500,76.583107,,
2021-08-19,410.088287,63.215862,49.617748,166.610001,52.794464,51.414669,352.851593,198.632767,93.570000,125.963043,63.689999,46717.578125,76.599831,,
2021-08-20,413.351501,63.556343,49.715130,166.699997,52.838734,51.120289,356.506531,201.987946,93.500000,126.046730,62.320000,49339.175781,76.599831,,
2021-08-21,,,,,,,,,,,,48905.492188,,,
2021-08-22,,,,,,,,,,,,49321.652344,,,
2021-08-23,416.987427,63.977425,50.104710,168.729996,53.458488,51.717731,361.838684,205.830551,92.959999,125.963043,65.639999,49546.148438,76.583107,,
2021-08-24,417.649506,64.273079,50.175545,168.649994,54.069397,52.072723,362.943878,207.854874,92.889999,124.983475,67.540001,47706.117188,76.583107,,
2021-08-25,418.525818,64.282028,50.175545,167.479996,54.405830,52.142002,363.360779,208.585938,92.830002,123.945282,68.360001,48960.789062,76.583107,,
2021-08-26,416.055237,63.968468,50.069294,167.669998,53.998562,51.838943,361.053375,206.374100,93.059998,124.288544,67.419998,46942.218750,76.591469,,
2021-08-27,419.775177,64.577690,50.405750,170.190002,54.963615,52.038090,364.562897,212.194199,92.690002,125.134117,68.739998,49058.667969,76.591469,,
2021-08-28,,,,,,,,,,,,48902.402344,,,
2021-08-29,,,,,,,,,,,,48829.832031,,,
2021-08-30,421.621155,64.685204,50.538559,169.350006,55.069855,52.046749,368.654175,211.322586,92.650002,125.460693,69.209999,47054.984375,76.591469,,
2021-08-31,420.996338,64.765823,50.556255,169.690002,55.689613,52.410416,368.353577,211.734955,92.629997,124.606667,68.500000,47166.687500,76.583107,,
2021-09-01,421.220215,64.936066,50.627098,169.699997,55.955227,53.284931,368.964325,213.159546,92.449997,124.815399,68.589996,48847.027344,76.583107,,
2021-09-02,422.516144,65.061493,50.662510,169.250000,55.769299,53.440784,368.789764,214.640335,92.230003,125.360313,69.989998,49327.722656,76.599831,,
2021-09-03,422.413513,65.195862,50.724487,171.059998,56.238544,54.860790,369.924164,213.646881,92.040001,124.220238,69.290001,50025.375000,76.583107,,
2021-09-04,,,,,,,,,,,,49944.625000,,,
2021-09-05,,,,,,,,,,,,51753.410156,,,
2021-09-06,,,,,,,,,,,,52633.535156,,,
2021-09-07,420.903229,65.043564,50.662510,167.710007,55.946369,55.475552,370.447632,212.175461,92.519997,123.172318,68.349998,46811.128906,76.583107,,
2021-09-08,420.390472,64.756866,50.529697,167.289993,55.140682,55.406277,369.158264,209.860535,92.650002,124.010666,69.300003,46091.390625,76.583107,,
2021-09-09,418.591095,64.640396,50.511993,168.029999,55.255779,55.449574,367.888214,209.757431,92.480003,125.511162,68.139999,46391.421875,76.583107,,
2021-09-10,415.290710,64.308907,50.255219,167.179993,55.220371,55.553478,365.096100,207.704956,92.580002,124.404648,69.720001,44883.910156,76.591469,,
2021-09-11,,,,,,,,,,,,45201.457031,,,
2021-09-12,,,,,,,,,,,,46063.269531,,,
2021-09-13,416.353485,64.568726,50.388039,167.740005,55.583366,56.445316,364.844055,208.885864,92.620003,125.159126,70.449997,44963.074219,76.591469,,
2021-09-14,414.106689,64.299942,50.202110,168.820007,55.424004,55.934448,363.806793,206.224182,92.650002,126.676445,70.459999,47092.492188,76.583107,,
2021-09-15,417.565491,64.595612,50.476578,167.830002,55.751591,56.280792,366.511627,208.089233,92.489998,126.232193,72.610001,48176.347656,76.583107,,
2021-09-16,416.903564,64.514961,50.361481,164.029999,55.220371,56.393356,366.763611,208.239166,92.860001,125.653755,72.610001,47783.359375,76.591469,,
2021-09-17,412.842468,63.932617,49.998463,163.770004,54.689152,56.107624,362.420288,208.510925,93.199997,125.050156,71.970001,47267.519531,76.583107,,
2021-09-18,,,,,,,,,,,,48278.363281,,,
2021-09-19,,,,,,,,,,,,47260.218750,,,
2021-09-20,405.958649,63.027744,49.493793,164.940002,53.547024,55.146523,354.931580,203.553101,93.239998,126.601006,70.290001,42843.800781,76.591469,,
2021-09-21,405.575195,63.197990,49.546906,166.039993,53.901173,55.475552,355.368347,203.862366,93.199997,126.492043,70.559998,40693.675781,76.583107,,
2021-09-22,409.531464,63.556343,49.945339,165.419998,54.432396,55.345673,358.687653,207.030167,93.459999,127.246498,72.230003,43574.507812,76.583107,,
2021-09-23,414.507294,64.147652,50.202110,163.509995,55.052147,55.865185,361.997131,210.694672,93.099998,124.371109,73.300003,44895.097656,76.591469,,
2021-09-24,415.190155,63.959507,50.042732,163.300003,54.653736,56.042873,362.336884,209.678482,93.330002,123.155602,73.980003,42839.750000,76.583107,,
2021-09-25,,,,,,,,,,,,42716.593750,,,
2021-09-26,,,,,,,,,,,,43208.539062,,,
2021-09-27,414.002289,63.905746,49.874504,163.639999,54.848518,56.320217,359.444611,212.865265,93.379997,122.702927,75.449997,42235.730469,76.583107,,
2021-09-28,405.659302,62.848568,49.245872,162.050003,53.901173,55.566162,349.273163,208.023941,93.769997,120.791573,75.290001,41034.542969,76.583107,,
2021-09-29,406.342194,62.857513,49.254734,161.320007,53.440784,55.817524,348.700562,207.582138,94.339996,121.001144,74.830002,41564.363281,76.591469,,
2021-09-30,401.375671,62.543957,49.113064,164.220001,53.688683,54.742767,347.419464,205.636230,94.250000,120.984360,75.029999,43790.894531,76.591469,,
2021-10-01,406.145660,62.803761,49.405243,164.589996,53.901173,54.396076,349.574127,208.954666,94.040001,122.002533,75.879997,48116.941406,76.591469,,
2021-10-02,,,,,,,,,,,,47711.488281,,,
2021-10-03,,,,,,,,,,,,48199.953125,,,
2021-10-04,400.908112,62.393421,49.004051,165.360001,53.272556,52.835960,342.236694,207.055710,93.809998,121.691994,77.620003,49112.902344,76.574730,,
2021-10-05,405.079437,62.716671,49.190456,164.589996,53.573586,53.616016,346.856598,207.770126,93.980003,120.516830,78.930000,51514.812500,76.583107,,
2021-10-06,406.763000,62.599960,49.154942,165.029999,53.184017,53.217319,349.079132,206.689117,94.269997,121.196709,77.430000,55361.449219,76.583107,,
2021-10-07,410.279755,63.138683,49.376842,164.160004,53.750660,53.555344,352.281891,209.875870,94.220001,119.929260,78.300003,53805.984375,76.583107,,
2021-10-08,409.531464,63.075836,49.305828,164.229996,53.732952,53.642017,350.525146,208.296585,94.070000,119.089920,79.349998,53967.847656,76.583107,,
2021-10-09,,,,,,,,,,,,54968.222656,,,
2021-10-10,,,,,,,,,,,,54771.578125,,,
2021-10-11,406.566589,62.725662,49.190456,163.919998,53.662125,54.335403,347.836823,207.102707,94.320000,118.787720,80.519997,57484.789062,76.583107,,
2021-10-12,405.565887,62.725662,49.190456,164.660004,53.396515,54.413406,346.623657,208.240189,94.519997,120.818947,80.639999,56041.058594,76.583107,,
2021-10-13,407.024963,63.120708,49.421215,167.589996,53.989712,53.988716,349.399445,209.227234,94.080002,121.994110,80.440002,57401.097656,76.583107,,
2021-10-14,413.871277,63.830029,49.927151,168.000000,54.467808,54.552086,355.834167,212.329391,93.959999,122.447403,81.309998,57321.523438,76.574730,,
2021-10-15,417.023193,64.207138,49.971527,165.330002,54.999023,55.375481,358.076141,211.661972,93.940002,121.733879,82.279999,61593.949219,76.583107,,
2021-10-16,,,,,,,,,,,,60892.179688,,,
2021-10-17,,,,,,,,,,,,61553.617188,,,
2021-10-18,418.257874,64.207138,49.927151,164.919998,54.786545,55.323483,361.676941,211.539780,93.949997,122.304672,82.440002,62026.078125,76.574730,,
2021-10-19,421.484772,64.467545,50.211174,165.449997,55.078705,55.557499,364.413849,212.329391,93.790001,120.617577,82.959999,64261.992188,76.574730,,
2021-10-20,423.140259,64.691994,50.370941,166.899994,55.034439,55.418827,363.938324,213.739471,93.559998,119.803360,83.870003,65992.835938,76.574730,,
2021-10-21,424.243805,64.700981,50.220066,166.750000,54.405830,54.309410,366.160919,214.284729,93.769997,119.660660,82.500000,62210.171875,76.574730,,
2021-10-22,423.804230,64.745865,50.273308,167.770004,54.273026,54.508747,363.084229,213.777100,93.610001,120.978493,83.760002,60692.265625,76.574730,,
2021-10-23,,,,,,,,,,,,61393.617188,,,
2021-10-24,,,,,,,,,,,,60930.835938,,,
2021-10-25,426.077026,64.871582,50.397575,168.929993,54.733410,54.508747,366.801453,215.807587,93.809998,120.793869,83.760002,63039.824219,76.583107,,
2021-10-26,426.460480,64.907494,50.504082,167.679993,54.892780,54.560760,367.956360,214.181305,93.949997,121.792686,84.650002,60363.792969,76.566368,,
2021-10-27,424.571106,64.683022,50.406452,168.119995,54.503223,54.101387,368.810486,210.242477,93.860001,124.008621,82.660004,58482.386719,76.566368,,
2021-10-28,428.667908,65.176865,50.575096,168.080002,54.450100,54.361404,372.906250,214.435104,93.349998,123.588913,82.809998,60622.136719,76.583107,,
2021-10-29,429.537659,65.078110,50.504082,166.649994,53.821487,54.404755,374.740570,214.378754,94.120003,123.966644,83.570000,62227.964844,76.583107,,
2021-10-30,,,,,,,,,,,,61888.832031,,,
2021-10-31,,,,,,,,,,,,61318.957031,,,
2021-11-01,430.276550,65.248711,50.663857,167.520004,54.149071,55.366814,376.021729,219.934433,93.879997,123.074074,84.050003,61004.406250,76.583107,,
2021-11-02,432.016205,65.284592,50.708241,167.160004,54.202198,55.132797,377.594025,220.395050,94.089996,123.620422,83.910004,63226.402344,76.566368,,
2021-11-03,434.653748,65.688644,50.894627,165.770004,54.343853,55.444828,381.602448,224.333908,93.860001,122.342896,80.860001,62970.046875,76.566368,,
2021-11-04,436.702057,65.778435,51.036640,167.649994,54.228764,55.618164,386.493958,224.249268,94.349998,123.628799,78.809998,61452.230469,76.574730,,
2021-11-05,438.217255,66.020859,51.196411,169.839996,54.609470,55.444828,386.862823,227.313812,94.320000,125.477722,81.269997,61125.675781,76.574730,,
2021-11-06,,,,,,,,,,,,61527.480469,,,
2021-11-07,,,,,,,,,,,,63326.988281,,,
2021-11-08,438.591431,66.092690,51.276295,170.449997,55.105270,55.297482,386.338654,228.018890,94.050003,125.242401,81.930000,67566.828125,76.583107,,
2021-11-09,437.141693,66.020859,51.214153,171.289993,54.954758,54.777439,383.679382,226.693390,93.959999,126.872818,84.150002,66971.828125,76.566368,,
2021-11-10,433.624908,65.464188,50.841366,173.149994,54.441242,54.448086,378.040527,223.121201,94.849998,124.553284,81.339996,64995.230469,76.566368,,
2021-11-11,433.765167,65.625809,50.885750,174.119995,54.892780,54.786110,379.088623,224.916702,95.180000,124.368385,81.589996,64949.960938,76.574730,,
2021-11-12,437.038696,65.868217,51.036640,174.449997,55.061005,55.332150,383.077667,225.142303,95.129997,123.822113,80.790001,64155.941406,76.574730,,
2021-11-13,,,,,,,,,,,,64469.527344,,,
2021-11-14,,,,,,,,,,,,65466.839844,,,
2021-11-15,437.188477,65.877190,51.054398,174.179993,54.999023,55.384159,382.990295,224.249268,95.410004,122.267288,80.879997,63557.871094,76.574730,,
2021-11-16,438.918701,65.949028,51.036640,172.919998,54.751122,55.470829,385.717590,224.662903,95.919998,121.956329,80.760002,60161.246094,76.566368,,
2021-11-17,437.852539,65.742523,50.930126,174.500000,54.582901,54.933460,385.921326,221.720535,95.830002,122.922783,78.360001,60368.011719,76.566368,,
2021-11-18,439.339661,65.859238,51.018894,173.940002,54.432396,54.890118,389.920074,220.780472,95.540001,123.385078,79.010002,56942.136719,76.574730,,
2021-11-19,438.553955,65.697639,50.947887,172.610001,54.166779,54.916115,392.094025,218.768784,96.070000,124.687729,76.099998,58119.578125,76.574730,,
2021-11-20,,,,,,,,,,,,59697.195312,,,
2021-11-21,,,,,,,,,,,,58730.476562,,,
2021-11-22,437.319366,65.383369,50.663857,168.740005,53.741810,55.210812,387.542267,217.838104,96.500000,123.225388,76.750000,56289.289062,76.574730,,
2021-11-23,437.899292,65.356430,50.601711,167.279999,54.007416,55.514168,385.775757,217.462097,96.489998,121.443642,78.500000,57569.074219,76.566368,,
2021-11-24,439.068512,65.329498,50.725990,167.119995,53.706390,55.063461,387.018097,217.697113,96.839996,123.393471,78.389999,56280.425781,76.574730,,
2021-11-25,,,,,,,,,,,,57274.679688,,,
2021-11-26,429.275787,64.126328,49.971527,166.850006,51.829414,52.515278,379.680634,209.490463,96.089996,126.511520,68.150002,53569.765625,76.566368,,
2021-11-27,,,,,,,,,,,,54815.078125,,,
2021-11-28,,,,,,,,,,,,57248.457031,,,
2021-11-29,434.541534,64.503441,50.211174,166.619995,52.360638,52.835960,387.920776,209.358841,96.339996,125.494576,69.949997,57806.566406,76.574730,,
2021-11-30,426.086365,63.865963,49.909405,165.500000,52.236679,51.951893,382.223602,205.091034,95.989998,127.402359,66.180000,57005.425781,76.566368,,
2021-12-01,421.353760,63.354141,49.509979,166.160004,52.705921,51.752544,375.720886,200.475342,96.050003,128.188278,65.570000,57229.828125,76.574730,,
2021-12-02,427.807343,64.045525,50.095791,165.240005,53.688683,52.948635,378.428650,206.068680,96.129997,128.348160,66.500000,56477.816406,76.574730,,
2021-12-03,424.084839,63.740273,49.829517,166.630005,53.254856,53.173981,371.848389,201.838440,96.120003,129.879639,66.260002,53598.246094,76.566368,,
2021-12-04,,,,,,,,,,,,49200.703125,,,
2021-12-05,,,,,,,,,,,,49368.847656,,,
2021-12-06,429.107422,64.278976,50.211174,166.220001,53.387653,53.624683,374.827972,205.890060,96.290001,128.095703,69.489998,50582.625000,76.566368,,
2021-12-07,437.983490,65.203796,50.690483,166.809998,54.184486,55.037460,386.115448,210.665543,96.370003,127.060722,72.050003,50700.085938,76.566368,,
2021-12-08,439.143127,65.356430,50.717098,166.899994,54.308441,54.924789,387.843048,212.103821,95.889999,124.864487,72.360001,50504.796875,76.574730,,
2021-12-09,436.178314,64.925446,50.601711,165.880005,53.874607,54.396076,382.136200,207.300140,96.269997,125.562935,70.940002,47672.121094,76.566368,,
2021-12-10,440.284241,65.311531,50.681602,166.580002,53.936584,54.500084,386.290161,206.726730,96.050003,125.260017,71.669998,47243.304688,76.574730,,
2021-12-11,,,,,,,,,,,,49362.507812,,,
2021-12-12,,,,,,,,,,,,50098.335938,,,
2021-12-13,436.384125,64.781792,50.521832,167.000000,53.096199,53.910709,380.709595,203.705658,96.320000,127.111160,71.290001,46737.480469,76.574730,,
2021-12-14,433.381683,64.431610,50.220066,165.440002,53.051357,54.162052,376.768982,201.951828,96.570000,126.808304,70.730003,46612.632812,76.574730,,
2021-12-15,440.153320,65.113998,50.548466,166.149994,53.428040,55.132797,385.358429,205.157730,96.510002,125.588150,70.870003,48896.722656,76.574730,,
2021-12-16,436.271820,64.862595,50.504082,168.160004,53.571552,55.184799,375.449036,201.008942,96.040001,125.637009,72.379997,47665.425781,76.566368,,
2021-12-17,431.628693,64.368752,50.273308,167.800003,53.374233,54.569420,373.575928,202.856979,96.570000,127.060722,70.860001,46202.144531,76.574730,,
2021-12-18,,,,,,,,,,,,46848.777344,,,
2021-12-19,,,,,,,,,,,,46707.015625,,,
2021-12-20,427.038940,63.803108,49.891644,167.089996,52.809193,54.153389,369.952057,200.009445,96.550003,126.108765,68.230003,46880.277344,76.566368,,
2021-12-21,434.622742,64.674034,50.317696,167.020004,53.401138,54.690769,378.231781,205.723404,96.489998,125.628616,71.120003,48936.613281,76.557983,,
2021-12-22,438.968414,65.176865,50.610600,168.589996,53.858559,54.682098,382.838165,207.703537,96.080002,126.209831,72.760002,48628.511719,76.557983,,
2021-12-23,441.699677,65.499031,50.777767,168.970001,54.037930,55.089470,385.724304,209.363068,96.019997,125.114723,73.790001,50784.539062,76.557983,,
2021-12-24,,,,,,,,,,,,50822.195312,,,
2021-12-25,,,,,,,,,,,,50429.859375,,,
2021-12-26,,,,,,,,,,,,50809.515625,,,
2021-12-27,447.950714,66.105331,51.171120,169.369995,54.423603,55.398212,392.099335,211.324326,96.089996,125.418030,75.570000,50640.417969,76.566368,,
2021-12-28,447.584656,66.060066,51.171120,168.639999,54.459476,55.345291,390.282043,210.032516,96.199997,124.920975,75.980003,47588.855469,76.557983,,
2021-12-29,448.157196,66.023857,51.117489,168.589996,54.432568,55.230614,390.223633,210.258835,95.930000,123.556236,76.559998,46444.710938,76.557983,,
2021-12-30,446.918243,66.032936,51.144295,169.800003,54.497189,55.098278,389.057587,210.202271,95.970001,124.592445,76.989998,47178.125000,76.566368,,
2021-12-31,445.791870,65.897171,51.028091,170.960007,54.416416,55.168850,386.628021,209.749664,95.669998,124.836739,75.209999,46306.445312,76.566368,,
2022-01-01,,,,,,,,,,,,47686.812500,,,
2022-01-02,,,,,,,,,,,,47345.218750,,,
2022-01-03,448.373108,66.141510,51.108543,168.330002,54.883121,55.389389,390.350006,212.455856,96.239998,121.559761,76.080002,46458.117188,76.557983,,
2022-01-04,448.222839,66.195808,51.117489,169.570007,55.053654,56.783173,385.286987,212.135239,96.290001,121.054337,76.989998,45897.574219,76.566368,,
2022-01-05,439.616058,65.327087,50.545338,169.059998,54.326660,56.783173,373.450623,204.950256,96.190002,120.397247,77.849998,43569.003906,76.566368,,
2022-01-06,439.203094,65.218491,50.482754,166.990005,54.398468,56.721420,373.188141,206.119492,96.250000,120.708954,79.459999,43160.929688,76.566368,,
2022-01-07,437.466644,65.118942,50.402298,167.750000,54.676693,56.421490,369.145508,203.733932,95.739998,119.841263,78.900002,41557.902344,76.566368,,
2022-01-08,,,,,,,,,,,,41733.941406,,,
2022-01-09,,,,,,,,,,,,41911.601562,,,
2022-01-10,436.922241,64.946999,50.295021,168.259995,54.631817,56.306808,369.388397,203.026749,95.989998,120.136124,78.230003,41821.261719,76.557983,,
2022-01-11,440.901947,65.553307,50.634743,170.289993,55.726791,56.933132,374.937317,205.186005,95.620003,120.936386,81.220001,42735.855469,76.549599,,
2022-01-12,442.093872,65.897171,50.876114,170.740005,56.444801,57.338909,376.424286,203.658478,95.000000,120.473053,82.639999,43949.101562,76.557983,,
2022-01-13,436.002502,65.318031,50.545338,170.160004,56.130669,57.074261,367.007629,201.791534,94.790001,121.542915,82.120003,42591.570312,76.566368,,
2022-01-14,436.180786,65.218491,50.384426,169.669998,55.834492,57.197762,369.291199,202.074417,95.169998,119.706436,83.820000,43099.699219,76.566368,,
2022-01-15,,,,,,,,,,,,43177.398438,,,
2022-01-16,,,,,,,,,,,,43113.878906,,,
2022-01-17,,,,,,,,,,,,42250.550781,,,
2022-01-18,428.456238,64.241150,49.821220,169.389999,54.775421,56.403847,360.098114,195.964371,95.730003,118.021614,85.430000,42375.632812,76.549599,,
2022-01-19,424.007294,64.014923,49.687115,172.080002,55.044678,55.459957,356.142944,192.777344,95.510002,118.838760,86.959999,41744.328125,76.566368,,
2022-01-20,419.314331,63.571503,49.454685,171.649994,54.829269,55.080639,351.517151,189.288635,95.739998,119.571655,86.900002,40680.417969,76.566368,,
2022-01-21,411.082947,62.757057,48.998760,171.089996,54.183056,54.604286,341.770111,185.743271,95.639999,120.995369,85.139999,36457.316406,76.557983,,
2022-01-22,,,,,,,,,,,,35030.250000,,,
2022-01-23,,,,,,,,,,,,36276.804688,,,
2022-01-24,412.828735,62.648502,48.980877,172.029999,53.456070,54.860104,343.334625,190.024048,95.919998,120.001266,83.309998,36654.328125,76.566368,,
2022-01-25,407.788483,62.159801,48.650108,172.580002,53.509922,54.718952,335.375641,187.487625,95.949997,119.807549,85.599998,36954.003906,76.549599,,
2022-01-26,406.765533,61.824986,48.355095,169.789993,53.025261,54.366108,334.850891,184.781479,96.489998,118.358627,87.349998,36852.121094,76.557983,,
2022-01-27,404.756836,61.544464,48.176308,167.600006,52.576511,54.092648,331.478729,180.585541,97.260002,120.532051,86.610001,37138.234375,76.566368,,
2022-01-28,414.809143,62.376987,48.703751,167.100006,53.106033,54.127926,341.876953,184.102600,97.269997,120.574120,86.820000,37784.332031,76.549599,,
2022-01-29,,,,,,,,,,,,38138.179688,,,
2022-01-30,,,,,,,,,,,,37917.601562,,,
2022-01-31,422.280365,63.354321,49.302708,168.089996,54.407436,54.983597,352.809662,189.750626,96.540001,119.950783,88.150002,38483.125000,76.566368,,
2022-02-01,425.133575,63.743446,49.481503,168.229996,54.676693,54.921856,355.209991,191.749573,96.389999,119.552567,88.199997,38743.273438,76.557983,,
2022-02-02,429.263367,64.132561,49.713943,168.839996,54.811325,55.636387,358.096191,189.844940,95.940002,119.957474,88.260002,36952.984375,76.566368,,
2022-02-03,419.173553,63.110001,49.088154,168.600006,54.048439,55.080639,343.577576,186.252426,95.379997,119.021118,90.269997,37154.601562,76.566368,,
2022-02-04,421.144623,63.209522,49.043461,168.860001,54.165112,55.618748,347.911835,187.053894,95.480003,117.266502,92.309998,41500.875000,76.549599,,
2022-02-05,,,,,,,,,,,,41441.164062,,,
2022-02-06,,,,,,,,,,,,42412.433594,,,
2022-02-07,419.792999,63.064743,49.061340,170.110001,54.254860,55.874565,345.113129,187.977936,95.400002,117.342392,91.320000,43840.285156,76.549599,,
2022-02-08,423.247101,63.471958,49.195435,170.630005,54.667717,56.421490,348.990540,191.183807,95.639999,116.557816,89.360001,44118.445312,76.557983,,
2022-02-09,429.441864,64.232109,49.705002,171.210007,55.331882,56.933132,356.385986,194.814026,95.489998,116.777176,89.660004,44338.796875,76.549599,,
2022-02-10,421.726532,63.390514,49.088154,170.559998,54.919025,56.395023,348.319946,191.824982,95.550003,114.921341,89.879997,43565.113281,76.549599,16.909279,
2022-02-11,413.410645,62.630394,48.703751,173.809998,54.353584,55.848099,337.270660,189.882660,96.080002,116.625328,93.099998,42407.937500,76.549599,17.018097,
2022-02-12,,,,,,,,,,,,42244.468750,,,
2022-02-13,,,,,,,,,,,,42197.515625,,,
2022-02-14,412.059021,62.313652,48.542831,174.740005,54.093307,55.989243,337.688507,189.222549,96.370003,115.174423,95.459999,42586.917969,76.541222,17.068325,
2022-02-15,418.704315,63.082836,48.936184,173.080002,55.233158,56.421490,346.084900,194.295395,95.989998,113.866829,92.070000,44575.203125,76.557983,16.796270,
2022-02-16,419.173553,63.309074,49.043461,174.860001,55.601143,56.447952,345.997406,194.700867,95.699997,114.541725,93.660004,43961.859375,76.557983,16.761112,
2022-02-17,410.219452,62.331757,48.524952,177.250000,54.838249,55.698135,335.706024,189.712875,95.800003,115.393753,91.760002,40538.011719,76.549599,16.900908,
2022-02-18,407.563202,62.069313,48.372974,177.119995,54.667717,55.627571,331.877197,188.081650,96.040001,116.608467,91.070000,40030.976562,76.557983,16.988802,
2022-02-19,,,,,,,,,,,,40122.156250,,,
2022-02-20,,,,,,,,,,,,38431.378906,,,
2022-02-21,,,,,,,,,,,,37075.281250,,,
2022-02-22,403.189392,61.463013,47.917053,177.490005,54.156136,54.939495,328.544037,185.432068,96.029999,116.912193,92.349998,38286.027344,76.557983,17.177149,
2022-02-23,396.037445,60.702877,47.622040,178.289993,53.465046,54.401390,320.128296,181.962204,96.190002,115.300934,92.099998,37296.570312,76.549599,17.229048,
2022-02-24,401.997314,60.811455,47.568401,177.139999,52.109798,53.889755,330.886017,186.733337,97.139999,115.376854,92.809998,38332.609375,76.549599,17.372190,
2022-02-25,410.867065,61.969784,48.265701,176.550003,53.177837,55.283535,336.017059,190.938644,96.620003,115.461243,91.589996,39214.218750,76.549599,17.199751,
2022-02-26,,,,,,,,,,,,39105.148438,,,
2022-02-27,,,,,,,,,,,,37709.785156,,,
2022-02-28,409.815857,61.707344,48.319347,178.380005,52.648304,54.569004,337.017914,191.711807,96.709999,117.991997,95.720001,43193.234375,76.549599,17.528728,
2022-03-01,403.574188,60.947197,47.729317,181.619995,51.607189,53.475155,331.857788,188.100525,97.410004,119.356163,103.410004,44354.636719,76.568039,18.323965,
2022-03-02,410.998474,61.580658,48.060085,179.729996,51.993126,54.092648,337.426117,192.579346,97.389999,115.276253,110.599998,43924.117188,76.568039,18.965178,
2022-03-03,408.952393,61.046757,47.738255,180.800003,51.400761,54.039722,332.606079,190.297485,97.790001,116.450401,107.669998,42451.789062,76.576424,18.981083,
2022-03-04,405.629822,60.440437,47.398540,183.679993,50.323738,53.157574,327.785919,187.317917,98.650002,118.460762,115.680000,39137.605469,76.576424,19.866728,
2022-03-05,,,,,,,,,,,,39400.585938,,,
2022-03-06,,,,,,,,,,,,38419.984375,,,
2022-03-07,393.672150,58.820614,46.415169,186.410004,48.573586,51.543270,315.696838,182.659958,99.290001,117.556992,119.400002,38062.039062,76.576424,20.563189,
2022-03-08,390.687469,58.820614,46.379410,191.509995,49.094135,50.581749,314.229523,183.668869,99.059998,116.374374,123.699997,38737.269531,76.576424,21.458040,
2022-03-09,401.162048,60.168968,47.121414,185.820007,50.575047,52.046089,325.541168,188.845383,97.970001,115.234001,108.699997,41982.925781,76.576424,19.194542,
2022-03-10,399.350586,59.779835,46.862164,186.399994,50.162189,52.151947,321.926117,188.505966,98.510002,113.578407,106.019997,39437.460938,76.576424,19.207098,
2022-03-11,394.272797,59.146389,46.477753,185.089996,49.614704,52.196049,315.249847,185.498077,99.120003,113.958496,109.330002,38794.972656,76.568039,19.395443,
2022-03-12,,,,,,,,,,,,38904.011719,,,
2022-03-13,,,,,,,,,,,,37849.664062,,,
2022-03-14,391.391296,58.856823,46.209553,182.300003,49.417252,52.884121,309.195526,181.707611,99.059998,111.297699,103.010002,39666.753906,76.576424,18.685589,
2022-03-15,399.998260,59.535511,46.620785,178.889999,49.668549,53.633938,318.894043,184.602341,99.070000,111.103432,96.440002,39338.785156,76.559639,18.058607,
2022-03-16,408.867859,61.064842,47.559456,180.009995,51.302032,54.816002,330.720795,190.410645,98.379997,112.193108,95.040001,41143.929688,76.576424,18.076185,
2022-03-17,413.983185,61.508259,47.863415,180.889999,51.714893,55.063000,334.724548,193.399689,98.010002,111.356850,102.980003,40951.378906,76.576424,18.830406,
2022-03-18,418.517426,62.132675,48.221001,179.300003,51.867470,55.883385,341.575684,195.436310,98.230003,112.716850,104.699997,41801.156250,76.568039,18.884815,
2022-03-19,,,,,,,,,,,,42190.652344,,,
2022-03-20,,,,,,,,,,,,41247.824219,,,
2022-03-21,418.395020,61.834034,47.952808,180.669998,51.499489,56.077457,340.626068,193.710846,98.500000,110.106697,112.120003,41077.996094,76.568039,19.479153,
2022-03-22,423.290863,62.386047,48.212063,179.360001,51.903370,57.065456,347.320251,195.653183,98.489998,108.696014,111.760002,42358.808594,76.568039,19.370331,
2022-03-23,417.839539,61.806889,47.872353,181.809998,51.607189,56.606743,342.328796,192.258759,98.620003,111.078087,114.930000,42892.957031,76.584793,20.056746,
2022-03-24,424.138245,62.295555,48.203125,183.130005,52.190578,57.568268,349.937622,194.469482,98.790001,110.208031,112.339996,43960.933594,76.584793,20.040842,
2022-03-25,426.209503,62.367958,48.122662,182.380005,52.046978,57.735863,349.645752,194.733963,98.809998,108.679146,113.900002,44348.730469,76.568039,19.978899,
2022-03-26,,,,,,,,,,,,44500.828125,,,
2022-03-27,,,,,,,,,,,,46820.492188,,,
2022-03-28,429.241119,62.594173,48.238884,179.059998,52.037994,57.621201,355.055573,194.800140,99.089996,109.608299,105.959999,47128.003906,76.568039,19.133434,
2022-03-29,434.551239,63.372437,48.811020,179.139999,52.854740,58.124012,361.166046,200.015228,98.400002,110.436104,104.239998,47465.730469,76.568039,19.217142,
2022-03-30,431.867950,63.182400,48.712688,180.580002,52.612404,57.038986,357.176697,196.000031,97.790001,111.297699,107.820000,47062.664062,76.584793,19.514311,
2022-03-31,425.221008,62.386047,48.238884,180.649994,52.217503,56.474415,352.749634,193.930984,98.309998,111.568016,100.279999,45538.675781,76.584793,19.118366,
2022-04-01,426.426178,62.693718,48.444492,179.500000,52.657280,56.959599,352.078339,196.103912,98.629997,111.992706,99.269997,46281.644531,76.584793,19.190355,
2022-04-02,,,,,,,,,,,,45868.949219,,,
2022-04-03,,,,,,,,,,,,46453.566406,,,
2022-04-04,430.079132,63.063828,48.605862,180.369995,53.294525,57.391838,359.326965,196.425140,98.989998,111.214371,103.279999,46622.675781,76.576424,19.421394,
2022-04-05,424.646576,62.274635,48.041088,179.240005,52.468807,56.333275,351.348450,191.776917,99.470001,108.701767,101.959999,45555.992188,76.568039,19.185333,
2022-04-06,420.400513,61.703125,47.691467,179.660004,52.011070,55.530529,343.720245,189.055984,99.599998,107.821930,96.230003,43206.738281,76.576424,18.955971,
2022-04-07,422.518829,61.757561,47.718365,180.339996,51.786694,55.451145,344.537537,188.441925,99.750000,107.009819,96.029999,43503.847656,76.576424,19.060606,
2022-04-08,421.389008,61.657776,47.610794,181.470001,51.737331,55.336468,339.721161,186.939728,99.800003,105.850784,98.260002,42287.664062,76.568039,19.226353,
2022-04-09,,,,,,,,,,,,42782.136719,,,
2022-04-10,,,,,,,,,,,,42207.671875,,,
2022-04-11,414.186523,60.941132,47.153595,182.369995,51.409737,55.239426,331.684296,185.683212,99.930000,104.175743,94.290001,39521.902344,76.576424,18.970200,
2022-04-12,412.651947,60.741577,47.001198,183.770004,51.275112,54.604286,330.283173,186.268967,100.290001,104.031914,100.599998,40127.183594,76.576424,19.460735,
2022-04-13,417.378235,61.267715,47.377708,184.649994,51.885418,55.521709,336.996857,189.811813,99.879997,104.243416,104.250000,41166.730469,76.576424,19.855007,
2022-04-14,412.181030,60.732498,46.983276,184.039993,51.131512,55.530529,329.290619,187.969543,100.320000,102.153816,106.949997,39935.515625,76.568039,20.029123,
2022-04-15,,,,,,,,,,,,40553.464844,,,
2022-04-16,,,,,,,,,,,,40424.484375,,,
2022-04-17,,,,,,,,,,,,39716.953125,,,
2022-04-18,412.350677,60.632717,46.875698,184.610001,51.077652,55.592281,329.543579,186.703552,100.779999,101.646210,108.209999,40826.214844,76.576424,20.185661,
2022-04-19,419.007050,61.077217,47.072929,181.820007,50.871220,56.544991,336.909210,190.425903,100.959999,100.884796,102.559998,41502.750000,76.568039,19.780508,
2022-04-20,418.696350,61.231430,47.225311,182.710007,51.122528,56.624386,331.995636,191.153381,100.389999,102.915169,102.750000,41374.378906,76.584793,19.883469,
2022-04-21,412.435333,60.514793,46.786045,182.059998,50.449390,56.359734,325.126251,186.873642,100.580002,102.153816,103.790001,40527.363281,76.584793,19.843287,
2022-04-22,401.118530,59.362728,46.059921,180.289993,49.722408,55.706959,316.612579,182.036438,101.220001,101.510826,102.070000,39740.320312,76.576424,19.604717,
2022-04-23,,,,,,,,,,,,39486.730469,,,
2022-04-24,,,,,,,,,,,,39469.292969,,,
2022-04-25,403.444000,59.516953,46.239212,177.050003,49.623680,55.795170,320.679657,183.141830,101.750000,102.526031,98.540001,40458.308594,76.584793,19.194542,
2022-04-26,391.759888,58.219749,45.495152,177.320007,48.537682,54.348461,308.575653,177.369339,102.300003,103.558151,101.699997,38117.460938,76.576424,19.504265,
2022-04-27,392.861450,58.274174,45.495152,175.979996,48.708210,54.904217,308.205902,176.632416,102.949997,102.229927,102.019997,39241.121094,76.576424,19.532726,
2022-04-28,402.784912,59.235741,46.041996,176.929993,49.435204,57.003708,319.152100,179.929611,103.620003,102.382202,105.360001,39773.828125,76.593147,19.638199,
2022-04-29,387.899780,58.038315,45.324825,176.910004,48.914642,55.848099,304.790680,174.733459,102.959999,101.054001,104.690002,38609.824219,76.576424,19.579603,
2022-04-30,,,,,,,,,,,,37714.875000,,,
2022-05-01,,,,,,,,,,,,38469.093750,,,
2022-05-02,390.234680,58.092754,45.306900,173.630005,48.806938,56.315628,309.879425,176.566299,103.739998,99.302368,105.169998,38529.328125,76.584793,19.609741,
2022-05-03,392.023560,58.346745,45.504108,174.089996,49.004395,56.774338,310.210236,178.077927,103.470001,99.971832,102.410004,37750.453125,76.576424,19.325129,
2022-05-04,403.961792,59.562298,46.239212,175.800003,49.722408,57.294800,320.699219,182.830017,102.589996,100.522675,107.809998,39698.371094,76.593147,19.772137,
2022-05-05,389.603851,57.775249,45.145535,175.130005,48.088924,56.236240,304.547394,175.413696,103.750000,97.768524,108.260002,36575.140625,76.593147,19.650759,
2022-05-06,387.278381,57.421471,44.849697,175.419998,47.837620,56.853733,300.898682,172.494400,103.660004,96.327858,109.769997,36040.921875,76.593147,19.700146,
2022-05-07,,,,,,,,,,,,35501.953125,,,
2022-05-08,,,,,,,,,,,,34059.265625,,,
2022-05-09,374.878784,55.960987,44.015999,172.880005,46.572121,55.389389,289.125458,165.238602,103.650002,97.175323,103.089996,30296.953125,76.584793,18.920813,
2022-05-10,375.744904,56.187767,44.177361,171.419998,46.500320,55.186501,292.637939,165.285843,103.919998,98.056648,99.760002,31022.906250,76.584793,18.749208,
2022-05-11,369.775787,55.643486,43.908428,172.820007,46.222092,54.436687,283.958862,161.176132,103.849998,99.946396,105.709999,28936.355469,76.584793,19.145153,
2022-05-12,369.389740,55.570919,43.863605,170.169998,45.647678,54.577820,283.287506,163.065628,104.849998,99.759979,106.129997,29047.751953,76.593147,19.076511,
2022-05-13,378.221039,56.668552,44.509056,168.789993,46.661877,55.680492,293.786163,168.233490,104.559998,98.285439,110.489998,29283.103516,76.601547,19.265694,
2022-05-14,,,,,,,,,,,,30101.265625,,,
2022-05-15,,,,,,,,,,,,31305.113281,,,
2022-05-16,376.686462,56.586910,44.500084,170.399994,46.401596,55.336468,290.380615,167.430466,104.190002,98.183746,114.199997,29862.917969,76.593147,19.473293,
2022-05-17,384.435059,57.466827,44.894535,169.330002,47.460667,55.830463,297.901886,172.551041,103.360001,96.997330,112.400002,30425.857422,76.593147,19.294992,
2022-05-18,368.937805,55.970058,44.069782,169.419998,46.419548,55.027714,283.277710,166.504593,103.809998,99.065071,109.589996,28720.271484,76.593147,18.967690,
2022-05-19,366.678223,56.060780,44.195297,171.910004,46.949081,55.089466,281.759827,166.778564,102.720001,99.302368,112.209999,30314.333984,76.609909,19.303364,
2022-05-20,366.838318,56.242203,44.302868,172.029999,47.182434,55.883385,280.884216,166.353394,103.150002,100.429466,113.230003,29200.740234,76.609909,19.454041,
2022-05-21,,,,,,,,,,,,29432.226562,,,
2022-05-22,,,,,,,,,,,,30323.722656,,,
2022-05-23,373.701874,56.922546,44.643517,172.830002,47.631191,56.544991,285.554596,168.365768,102.080002,98.776947,110.290001,29098.910156,76.609909,19.420557,
2022-05-24,370.849152,56.623203,44.598694,174.130005,47.119606,56.130383,279.483093,165.871613,101.860001,100.726059,109.769997,29655.585938,76.601547,19.529377,
2022-05-25,374.125458,56.949764,44.786957,173.080002,47.343990,56.227432,283.394531,168.857071,102.059998,101.124321,110.330002,29562.361328,76.609909,19.541100,
2022-05-26,381.601044,57.784317,45.271034,172.759995,47.649147,56.615562,291.246552,172.626648,101.830002,100.666740,114.089996,29267.224609,76.626648,19.805620,
2022-05-27,390.969086,58.627953,45.808914,172.850006,48.447929,56.968414,300.752838,177.274857,101.669998,100.912468,115.070000,28627.574219,76.609909,20.098602,
2022-05-28,,,,,,,,,,,,28814.900391,,,
2022-05-29,,,,,,,,,,,,29445.957031,,,
2022-05-30,,,,,,,,,,,,31726.390625,,,
2022-05-31,388.775330,58.373959,45.548946,171.139999,48.851814,56.871384,299.954895,175.073578,101.750000,98.776947,114.669998,31792.310547,76.601547,19.964666,
2022-06-01,385.630768,58.029251,45.279991,172.229996,48.492805,57.700592,297.736481,174.081558,102.550003,98.664055,115.260002,29799.080078,76.602371,20.090229,
2022-06-02,392.974426,58.927315,45.790993,174.350006,49.094135,58.124012,305.890167,178.333008,101.769997,98.714966,116.870003,30467.488281,76.619133,20.425066,
2022-06-03,386.525177,58.138103,45.369656,172.580002,48.241493,57.444767,297.931122,176.726868,102.139999,98.502716,118.870003,29704.390625,76.602371,20.543934,
2022-06-04,,,,,,,,,,,,29832.914062,,,
2022-06-05,,,,,,,,,,,,29906.662109,,,
2022-06-06,387.702057,58.201614,45.324825,171.820007,48.035072,58.159302,298.923492,177.492142,102.440002,96.685997,118.500000,31370.671875,76.610756,20.458551,
2022-06-07,391.420898,58.573540,45.593773,172.940002,47.981228,58.856186,301.501923,180.354767,102.320000,97.730209,119.410004,31155.478516,76.602371,20.639364,
2022-06-08,387.165344,58.101822,45.279991,172.779999,47.577339,58.679756,299.332245,177.567734,102.540001,96.864273,122.110001,30214.355469,76.610756,20.753208,
2022-06-09,377.957428,57.031403,44.580765,172.229996,46.749992,58.326908,291.314728,173.886749,103.220001,97.186882,121.510002,30111.998047,76.619133,20.668661,
2022-06-10,366.998352,55.815845,43.827755,174.539993,45.970676,57.277164,281.039886,169.169434,104.150002,96.584122,120.669998,29083.804688,76.602371,20.592487,
2022-06-11,,,,,,,,,,,,28360.810547,,,
2022-06-12,,,,,,,,,,,,26762.648438,,,
2022-06-13,353.064117,53.947155,42.554771,169.929993,44.547966,56.200954,267.972595,161.221970,105.080002,93.553391,120.930000,22487.388672,76.610756,20.170593,
2022-06-14,352.000153,53.765728,42.375484,168.570007,44.747330,56.271534,268.459045,160.445221,105.519997,92.373352,118.930000,22206.792969,76.602371,20.105297,
2022-06-15,357.018372,54.473289,42.958176,170.770004,45.236671,56.174492,275.162994,162.794418,105.160004,94.096748,115.309998,22572.839844,76.610756,20.144642,
2022-06-16,345.202484,53.239594,42.196198,172.690002,43.958950,54.921856,264.061188,155.254303,103.629997,94.843803,117.589996,20381.650391,76.627518,20.282761,
2022-06-17,345.946716,53.266804,42.205166,171.270004,43.868336,55.362923,267.271942,156.466782,104.699997,95.149422,109.559998,20471.482422,76.619133,19.772972,
2022-06-18,,,,,,,,,,,,19017.642578,,,
2022-06-19,,,,,,,,,,,,20553.271484,,,
2022-06-20,,,,,,,,,,,,20599.537109,,,
2022-06-21,354.655426,53.992516,42.689243,170.630005,44.303299,56.465599,274.015137,159.270660,104.440002,93.536423,110.650002,20710.597656,76.635895,19.839104,
2022-06-22,354.012421,53.938087,42.635460,171.309998,43.415237,55.909855,273.615479,158.967529,104.199997,96.108719,106.190002,19987.029297,76.644249,19.604717,
2022-06-23,357.482635,54.210220,42.913353,170.259995,43.152447,55.415852,277.690338,160.871490,104.430000,96.898239,104.269997,21085.876953,76.644249,19.234722,
2022-06-24,368.848450,55.416714,43.585701,170.089996,44.094879,56.558628,287.205139,165.854019,104.190002,95.556900,107.620003,21231.656250,76.627518,19.341871,
2022-06-25,,,,,,,,,,,,21502.337891,,,
2022-06-26,,,,,,,,,,,,21027.294922,,,
2022-06-27,367.439484,55.253426,43.397438,169.899994,44.076752,56.183659,285.099335,166.469742,103.940002,94.741905,109.570000,20735.478516,76.627518,19.349403,
2022-06-28,359.931702,54.618427,43.047832,169.619995,43.696163,56.540775,276.413300,163.343842,104.510002,95.183380,111.760002,20280.634766,76.644249,19.495895,
2022-06-29,359.638611,54.554924,43.110588,169.490005,43.542107,56.246151,276.666779,161.686157,105.110001,96.669006,109.779999,20104.023438,76.652649,19.202074,
2022-06-30,356.716705,54.328152,43.029896,168.460007,43.279312,55.737267,273.235229,160.426285,104.690002,97.517982,105.760002,19784.726562,76.661003,18.762600,
2022-07-01,360.489563,54.654720,43.236084,168.320007,42.708420,55.880100,275.038788,162.368164,105.139999,98.519157,108.430000,19269.367188,76.655167,18.851332,
2022-07-02,,,,,,,,,,,,19242.255859,,,
2022-07-03,,,,,,,,,,,,19297.076172,,,
2022-07-04,,,,,,,,,,,,20231.261719,,,
2022-07-05,361.170410,54.393044,43.112370,164.750000,42.246258,55.656902,279.747345,163.713242,106.500000,99.293221,99.500000,20190.115234,76.655167,17.863562,
2022-07-06,362.390198,54.411350,43.040115,162.139999,42.210011,55.362282,281.541077,162.500763,107.099998,97.625999,98.529999,20548.246094,76.655167,17.480175,
2022-07-07,367.817780,55.088390,43.410378,162.229996,43.016518,56.156876,287.565765,166.346603,107.129997,96.766853,102.730003,21637.587891,76.655167,17.996660,
2022-07-08,367.515137,54.969460,43.347160,162.300003,43.170570,56.656837,287.926453,166.327667,107.010002,95.695084,104.790001,21731.117188,76.646759,18.138130,
2022-07-09,,,,,,,,,,,,21592.207031,,,
2022-07-10,,,,,,,,,,,,20860.449219,,,
2022-07-11,363.316803,54.484528,43.094299,161.429993,42.418438,56.424721,281.775055,162.983871,108.019997,97.345291,104.089996,19970.556641,76.655167,18.143154,
2022-07-12,360.101898,54.237503,42.994972,160.830002,42.300636,56.147942,279.045471,162.424973,108.070000,97.923721,95.839996,19323.914062,76.646759,17.441669,
2022-07-13,358.210754,54.136860,42.949818,161.600006,42.291576,56.067593,278.470276,162.282944,107.959999,99.046562,96.300003,20212.074219,76.646759,17.495243,
2022-07-14,357.340881,53.743435,42.696960,159.330002,42.001595,56.103313,279.464600,160.615753,108.540001,98.238457,95.779999,20569.919922,76.655167,17.352938,
2022-07-15,364.167877,54.502842,43.130432,159.009995,42.572491,56.638992,284.533936,163.959534,108.059998,98.791336,97.589996,20836.328125,76.646759,17.527052,
2022-07-16,,,,,,,,,,,,21190.316406,,,
2022-07-17,,,,,,,,,,,,20779.343750,,,
2022-07-18,361.160919,54.402206,43.049145,159.160004,42.672169,56.514000,282.126007,163.495361,107.370003,97.762100,102.599998,22485.689453,76.646759,17.738001,
2022-07-19,370.919220,55.417782,43.708382,159.539993,43.542107,57.433571,290.802307,169.264130,106.680000,97.234718,104.220001,23389.433594,76.646759,17.775669,
2022-07-20,373.283142,55.600758,43.762569,158.039993,43.415237,57.531784,295.413422,171.916458,107.080002,97.489891,102.260002,23231.732422,76.646759,17.705353,
2022-07-21,377.084412,56.085674,44.123795,160.270004,44.094879,57.862114,299.654053,172.797348,106.910004,99.174095,96.349998,23164.628906,76.671928,17.552166,
2022-07-22,373.585754,55.866100,44.051556,160.669998,43.841145,57.353218,294.399536,170.040863,106.730003,100.841347,94.699997,22714.978516,76.680298,17.461760,
2022-07-23,,,,,,,,,,,,22465.478516,,,
2022-07-24,,,,,,,,,,,,22609.164062,,,
2022-07-25,374.039642,56.003334,44.150890,160.229996,43.995197,57.844254,292.722778,170.921799,106.480003,99.854645,96.699997,21361.701172,76.671928,17.620808,
2022-07-26,369.614349,55.509266,43.843849,160.039993,43.596474,57.317505,286.971130,169.870346,107.190002,99.931183,94.980003,21239.753906,76.671928,17.729628,
2022-07-27,379.211945,56.524845,44.448902,161.669998,44.602341,58.281727,299.098450,173.735138,106.449997,99.369766,97.260002,22930.548828,76.671928,18.066977,
2022-07-28,383.968170,57.055511,44.909466,163.639999,45.091675,57.638912,302.023071,176.122208,106.349998,100.160820,96.419998,23843.886719,76.680298,18.210119,
2022-07-29,389.565826,57.613636,45.243599,164.100006,45.309162,57.871044,307.531036,177.372589,105.900002,99.888649,98.620003,23804.632812,76.688683,18.370007,
2022-07-30,,,,,,,,,,,,23656.207031,,,
2022-07-31,,,,,,,,,,,,23336.896484,,,
2022-08-01,388.412323,57.641083,45.243599,165.029999,45.073555,57.826401,307.345795,177.306274,105.449997,102.294334,93.889999,23314.199219,76.694580,18.092926,
2022-08-02,385.849823,57.101261,44.837223,164.050003,44.883259,57.210377,306.429382,177.135788,106.239998,100.129829,94.419998,22978.117188,76.702950,17.905418,
2022-08-03,391.892059,57.668514,45.180374,164.449997,45.263855,57.442493,314.774261,179.740723,106.510002,101.706329,90.660004,22846.507812,76.694580,17.796597,
2022-08-04,391.627258,57.778320,45.315845,167.169998,45.408852,56.781834,316.246307,179.361832,105.690002,101.672264,88.540001,22630.957031,76.711349,17.735491,
2022-08-05,390.965302,57.522125,45.053959,165.289993,45.562893,57.406792,313.662933,180.735336,106.620003,99.252090,89.010002,23289.314453,76.728157,17.654291,
2022-08-06,,,,,,,,,,,,22961.279297,,,
2022-08-07,,,,,,,,,,,,23175.890625,,,
2022-08-08,390.511444,57.622768,45.153290,166.690002,45.861938,57.540707,312.649048,182.648758,106.440002,100.854179,90.760002,23809.486328,76.736534,17.848497,
2022-08-09,388.960754,57.320854,44.981716,167.199997,45.762257,57.058598,309.110260,180.157532,106.370003,100.462158,90.500000,23164.318359,76.728157,18.031820,
2022-08-10,397.130524,58.373024,45.550644,166.779999,46.550632,57.710346,317.737885,185.301041,105.199997,99.805992,91.930000,23947.642578,76.736534,18.215143,
2022-08-11,397.130524,58.318130,45.541615,166.339996,46.514385,57.924614,315.934357,185.992569,105.089996,97.479561,94.339996,23957.529297,76.736534,18.435299,
2022-08-12,403.853424,58.976879,45.902836,167.869995,47.148712,58.683491,322.085754,189.791031,105.629997,98.468063,92.089996,24402.818359,76.753319,18.439486,
2022-08-13,,,,,,,,,,,,24424.068359,,,
2022-08-14,,,,,,,,,,,,24319.333984,,,
2022-08-15,405.517700,59.050079,46.029274,165.710007,46.885921,58.656696,324.688629,190.463593,106.550003,98.382866,89.410004,24136.972656,76.744919,18.110508,
2022-08-16,406.311951,59.050079,46.038292,165.419998,47.076221,58.683491,323.928223,190.387802,106.500000,98.791916,86.529999,23883.291016,76.753319,17.959829,
2022-08-17,403.427979,58.610909,45.640949,164.350006,46.849674,59.049526,320.233490,187.186127,106.570000,97.760803,88.110001,23335.998047,76.753319,18.036003,
2022-08-18,404.600494,58.693249,45.677071,163.919998,46.659382,59.219173,321.003632,188.427002,107.480003,97.905655,90.500000,23212.738281,76.786896,18.123060,
2022-08-19,399.163452,57.933861,45.243599,162.720001,45.889126,58.781693,314.744934,184.382263,108.169998,96.329163,90.769997,20877.552734,76.786896,18.156546,
2022-08-20,,,,,,,,,,,,21166.060547,,,
2022-08-21,,,,,,,,,,,,21534.121094,,,
2022-08-22,390.851868,57.073811,44.611462,161.639999,45.295570,58.522789,306.458618,180.583771,109.050003,96.005333,90.230003,21398.908203,76.795280,18.240255,
2022-08-23,389.906311,57.064659,44.656612,162.770004,45.653519,58.469208,306.205231,180.877426,108.620003,95.476967,93.739998,21528.087891,76.778503,18.484686,
2022-08-24,391.154480,57.092113,44.620480,163.250000,45.599140,58.674557,307.092377,182.260391,108.680000,94.778206,94.889999,21395.019531,76.803658,18.612762,
2022-08-25,396.676605,57.796604,45.153290,163.750000,46.124729,59.049526,312.522278,185.092682,108.470001,96.099060,92.519997,21600.904297,76.812073,18.457899,
2022-08-26,383.249481,56.469955,44.250229,161.759995,45.336349,58.263870,299.712585,179.011322,108.800003,96.823395,93.059998,20260.019531,76.812073,18.520681,
2022-08-27,,,,,,,,,,,,20041.738281,,,
2022-08-28,,,,,,,,,,,,19616.814453,,,
2022-08-29,380.715332,56.122269,44.042526,161.860001,45.127926,58.415649,296.758728,177.363113,108.839996,96.022346,97.010002,20297.994141,76.812073,18.566721,
2022-08-30,376.535919,55.655670,43.834816,160.509995,44.819824,58.344231,293.453979,174.881317,108.769997,96.260971,91.639999,19796.808594,76.820442,18.182495,
2022-08-31,373.670807,55.353729,43.527771,159.270004,44.620461,58.004967,291.747925,173.820419,108.699997,95.340614,89.550003,20049.763672,76.837265,17.864401,
2022-09-01,374.843353,55.106693,43.410378,157.869995,44.321430,57.790691,291.874664,171.925888,109.690002,93.595100,86.610001,20127.140625,76.853218,17.428274,
2022-09-02,370.890778,54.832214,43.211700,159.259995,44.103943,57.246090,287.751038,170.590256,109.529999,94.124550,86.870003,19969.771484,76.861626,17.595695,
2022-09-03,,,,,,,,,,,,19832.087891,,,
2022-09-04,,,,,,,,,,,,19986.712891,,,
2022-09-05,,,,,,,,,,,,19812.371094,,,
2022-09-06,369.491455,54.484528,42.931755,158.330002,43.732403,57.478207,285.684326,168.904190,110.209999,91.793221,86.879997,18837.667969,76.861626,17.542118,
2022-09-07,376.129333,55.225636,43.455532,159.940002,44.013317,57.612133,291.455536,172.579498,109.839996,93.244987,81.940002,19290.324219,76.870033,17.332846,
2022-09-08,378.587769,55.372028,43.509716,158.979996,43.949890,58.460293,292.966492,174.019302,109.709999,92.288521,83.540001,19329.833984,76.886848,17.390608,
2022-09-09,384.469269,56.204624,43.979305,159.820007,44.538910,58.924538,299.371368,177.514664,109.000000,92.493492,86.790001,21381.152344,76.886848,17.704515,
2022-09-10,,,,,,,,,,,,21680.539062,,,
2022-09-11,,,,,,,,,,,,21769.255859,,,
2022-09-12,388.601410,56.707832,44.232174,160.630005,45.191357,58.870975,302.929626,179.664932,108.330002,91.733467,87.779999,22370.449219,76.878448,17.978243,
2022-09-13,371.703979,54.832214,43.157524,158.539993,43.768646,57.790691,286.317963,172.636368,109.820000,91.946953,87.309998,20296.707031,76.895271,17.824221,
2022-09-14,373.122406,55.070095,43.202675,157.929993,44.131126,58.147804,288.589386,173.308884,109.660004,92.262886,88.480003,20241.089844,76.895271,17.717072,
2022-09-15,368.886261,54.585175,42.940784,154.979996,43.587418,57.915688,283.783325,172.049042,109.739998,92.203156,85.099998,19701.210938,76.920464,17.292667,
2022-09-16,366.072021,54.219204,42.733070,155.839996,43.360867,57.558571,282.048096,169.548294,109.760002,91.434578,85.110001,19772.583984,76.920464,17.394791,
2022-09-17,,,,,,,,,,,,20127.576172,,,
2022-09-18,,,,,,,,,,,,19419.505859,,,
2022-09-19,368.910919,54.420490,42.832409,155.960007,43.569294,57.826401,284.244446,170.997604,109.739998,91.648071,85.730003,19544.128906,76.920464,17.369678,
2022-09-20,364.676422,53.880676,42.471184,155.070007,43.378990,57.621059,281.978729,168.667358,110.220001,90.734314,84.449997,18890.789062,76.912056,17.436644,
2022-09-21,358.315063,53.221920,42.082867,155.789993,42.898720,57.201450,276.929504,166.090851,110.639999,92.254364,82.940002,18547.400391,76.928856,17.313593,
2022-09-22,355.305267,52.855949,41.784863,155.699997,42.690292,57.049675,273.521240,162.349182,111.349998,89.897400,83.489998,19413.550781,76.962517,17.407349,
2022-09-23,349.352142,51.840366,41.170773,153.009995,41.494129,56.522923,269.067841,158.484421,113.190002,90.264610,78.739998,19297.638672,76.962517,16.844820,
2022-09-24,,,,,,,,,,,,18937.011719,,,
2022-09-25,,,,,,,,,,,,18802.097656,,,
2022-09-26,345.896149,51.172462,40.674095,151.229996,40.760117,55.699856,267.954468,156.314468,114.099998,88.539597,76.709999,19222.671875,76.945679,16.455574,
2022-09-27,345.013184,51.044369,40.520561,151.539993,40.723869,55.458309,268.061981,156.847672,114.110001,86.208267,78.500000,19110.546875,76.970894,16.592857,
2022-09-28,351.801788,51.950165,41.170773,154.690002,41.122601,55.986137,273.394287,161.808395,112.599998,89.094688,82.150002,19426.720703,76.979294,17.059954,
2022-09-29,344.452972,51.181614,40.719242,154.660004,40.361404,55.798267,265.512970,158.180710,112.250000,88.633522,81.230003,19573.050781,76.996101,17.071674,
2022-09-30,339.126495,50.733299,40.439289,154.669998,40.125797,55.180973,261.010742,157.028595,112.120003,87.489227,79.489998,19431.789062,76.996101,16.843145,
2022-10-01,,,,,,,,,,,,19312.095703,,,
2022-10-02,,,,,,,,,,,,19044.107422,,,
2022-10-03,348.079895,51.739727,41.089497,158.429993,41.068218,56.299263,267.134094,161.189468,111.750000,88.879379,83.629997,19623.580078,76.975082,17.269228,
2022-10-04,358.865723,53.149960,42.005219,160.699997,42.200954,57.864872,275.533051,167.578415,110.070000,88.631119,86.519997,20336.843750,77.000328,17.733812,
2022-10-05,358.030151,52.929604,41.769485,159.809998,42.137527,57.363880,275.386566,166.340591,111.070000,87.783730,87.760002,20160.716797,77.000328,17.992476,
2022-10-06,354.336823,52.415459,41.461227,159.630005,42.001595,56.979183,273.218475,165.407501,112.260002,87.295776,88.449997,19955.443359,77.017166,18.047724,
2022-10-07,344.452972,51.341255,40.781235,157.880005,41.222275,56.603436,262.807709,160.542007,112.800003,86.448341,92.639999,19546.849609,77.017166,18.093763,
2022-10-08,,,,,,,,,,,,19416.568359,,,
2022-10-09,,,,,,,,,,,,19446.425781,,,
2022-10-10,341.822998,51.029106,40.554573,155.479996,40.995731,56.531872,260.180603,159.646988,113.139999,85.104385,91.129997,19141.484375,77.025581,17.855192,
2022-10-11,339.658234,50.735294,40.400440,155.160004,40.524517,56.147171,256.606171,159.694641,113.220001,85.481003,89.349998,19051.417969,77.025581,17.654291,
2022-10-12,338.537781,50.597584,40.264439,155.990005,40.587944,56.012985,256.518311,159.256607,113.320000,85.900459,87.269997,19157.445312,77.025581,17.727955,
2022-10-13,347.472229,51.488171,40.781235,154.910004,40.941364,56.934452,262.534241,163.198563,112.360001,85.078705,89.110001,19382.904297,77.050819,17.846821,
2022-10-14,339.553772,50.560860,40.137512,152.979996,40.189224,56.531872,254.643188,158.828156,113.309998,84.376785,85.610001,19185.656250,77.050819,17.486032,
2022-10-15,,,,,,,,,,,,19067.634766,,,
2022-10-16,,,,,,,,,,,,19268.093750,,,
2022-10-17,348.279327,51.607513,40.781235,153.419998,41.231339,57.193897,263.051880,163.893570,112.040001,83.965897,85.459999,19550.757812,77.050819,17.491058,
2022-10-18,352.371460,52.039028,41.098572,153.750000,41.222275,56.943405,265.132111,165.835968,112.129997,84.162766,82.820000,19334.416016,77.050819,17.397303,
2022-10-19,349.874359,51.460613,40.581776,151.690002,40.886990,56.880779,264.165222,163.017609,112.980003,82.630524,85.550003,19139.535156,77.050819,17.311081,
2022-10-20,346.940552,51.203541,40.527378,151.449997,41.285709,56.862888,262.817413,160.941925,112.879997,81.218102,85.980003,19053.740234,77.084534,17.357122,
2022-10-21,355.371704,52.176754,41.134823,154.149994,41.992535,56.970230,268.979919,164.436325,112.010002,79.754326,85.050003,19172.468750,77.092972,17.553839,
2022-10-22,,,,,,,,,,,,19208.189453,,,
2022-10-23,,,,,,,,,,,,19567.007812,,,
2022-10-24,359.720215,52.268562,41.216427,153.649994,41.312901,57.319145,271.939056,165.140884,111.989998,79.095215,84.580002,19345.572266,77.084534,17.543795,
2022-10-25,365.464386,53.085690,41.706028,154.000000,41.548508,58.034851,277.564392,169.644562,110.949997,81.397850,85.320000,20095.857422,77.084534,17.553839,
2022-10-26,362.710938,53.113228,41.823879,154.979996,41.784115,57.587536,271.431213,170.482483,109.699997,82.570564,87.910004,20770.441406,77.101357,17.880308,
2022-10-27,360.774048,52.975513,41.651619,154.740005,41.775047,56.836040,266.489471,170.520523,110.589996,83.435173,89.080002,20285.835938,77.126617,17.897047,
2022-10-28,369.357178,53.544743,42.023346,153.160004,41.865665,57.659107,274.644318,174.395782,110.669998,82.861595,87.900002,20595.351562,77.118217,17.654291,
2022-10-29,,,,,,,,,,,,20818.476562,,,
2022-10-30,,,,,,,,,,,,20635.603516,,,
2022-10-31,366.689178,53.324402,41.733212,151.910004,42.019714,57.936443,271.450775,174.557693,111.529999,82.270973,86.529999,20495.773438,77.118217,17.520355,
2022-11-01,365.084686,53.351940,41.860146,153.460007,42.391254,58.240623,268.677185,174.795685,111.480003,83.039856,88.370003,20485.273438,77.124954,17.727118,
2022-11-02,355.922424,52.470547,41.406822,152.389999,41.765991,58.043800,259.467682,168.997131,111.349998,82.679443,90.000000,20159.503906,77.150284,17.804968,
2022-11-03,352.257446,52.075760,41.053234,151.809998,41.938164,58.097477,254.398987,167.864044,112.930000,82.233261,88.169998,20209.988281,77.175591,17.771484,
2022-11-04,357.327576,53.159142,41.742283,156.470001,43.161510,58.911594,258.490997,170.130127,110.879997,80.851692,92.610001,21147.230469,77.192467,18.355772,
2022-11-05,,,,,,,,,,,,21282.691406,,,
2022-11-06,,,,,,,,,,,,20926.486328,,,
2022-11-07,360.745636,53.388672,41.860146,155.850006,43.224945,59.045784,261.333038,170.901443,110.120003,80.045029,91.790001,20602.816406,77.184021,18.173288,
2022-11-08,362.691956,53.801819,42.204674,159.449997,43.723339,59.412594,263.237488,170.968048,109.620003,80.920334,88.910004,18541.271484,77.192467,18.308060,
2022-11-09,355.219788,53.012238,41.597221,158.649994,43.324623,59.108414,257.162842,166.273972,110.550003,81.186356,85.830002,15880.780273,77.234680,18.056095,
2022-11-10,374.740631,55.380989,43.319859,163.479996,44.584217,60.029877,276.138550,176.509598,108.209999,84.309860,86.470001,17586.771484,77.243111,18.312244,
2022-11-11,378.367432,55.996132,43.619057,164.559998,45.454151,59.877789,281.226746,177.956863,106.290001,84.000954,88.959999,17034.292969,77.234680,18.646246,
2022-11-12,,,,,,,,,,,,16799.185547,,,
2022-11-13,,,,,,,,,,,,16353.365234,,,
2022-11-14,375.148834,55.592148,43.410542,164.919998,44.982933,59.609398,278.765564,175.966843,106.660004,83.794991,85.870003,16618.199219,77.234680,18.566721,
2022-11-15,378.348480,56.133854,43.745987,165.500000,45.535713,59.824123,282.623260,178.575745,106.400002,85.150810,86.919998,16884.613281,77.251526,18.713211,
2022-11-16,375.462158,55.885952,43.646255,165.119995,44.738270,59.859905,278.765564,175.433670,106.279999,87.012955,85.589996,16669.439453,77.259995,18.508963,
2022-11-17,374.313324,55.693150,43.473995,163.919998,44.611401,60.047771,278.150360,173.805481,106.690002,86.094749,81.639999,16687.517578,77.285301,18.210955,
2022-11-18,376.012817,55.849236,43.628128,162.789993,44.683899,60.289322,278.160095,174.929016,106.930000,85.502670,80.080002,16697.777344,77.285301,18.114691,
2022-11-19,,,,,,,,,,,,16711.546875,,,
2022-11-20,,,,,,,,,,,,16291.832031,,,
2022-11-21,374.645630,55.582977,43.401455,161.880005,44.203617,60.638229,275.298615,174.014923,107.839996,85.863060,79.730003,15787.284180,77.293747,18.005867,
2022-11-22,379.687256,56.225662,43.782257,162.070007,44.584217,61.729687,279.263672,175.871674,107.220001,87.081596,80.949997,16189.769531,77.310616,18.081207,
2022-11-23,382.079895,56.556183,44.054253,163.080002,44.883259,61.667061,282.066620,176.328690,106.080002,88.600479,77.940002,16610.707031,77.327492,17.980757,
2022-11-24,,,,,,,,,,,,16604.464844,,,
2022-11-25,381.994476,56.666359,44.163055,163.220001,44.973877,62.123318,280.210968,176.700012,105.959999,88.300117,76.279999,16521.841797,77.327492,17.874445,
2022-11-26,,,,,,,,,,,,16464.281250,,,
2022-11-27,,,,,,,,,,,,16444.626953,,,
2022-11-28,375.898926,55.931858,43.682522,161.929993,44.502659,61.550766,276.099396,173.138962,106.680000,88.548958,77.239998,16217.322266,77.335915,17.767298,
2022-11-29,375.253265,56.087936,43.691586,162.729996,45.010120,61.282375,274.009521,173.643600,106.820000,87.510643,78.199997,16444.982422,77.361244,17.949785,
2022-11-30,387.074005,57.235592,44.607311,164.809998,46.179096,61.747574,286.500366,178.404373,105.949997,88.154221,80.550003,17168.566406,77.361244,18.341543,
2022-12-01,386.789154,57.547752,44.806770,167.839996,46.043167,60.709801,286.851990,178.013947,104.730003,90.970406,81.220001,16967.132812,77.378174,18.375027,
2022-12-02,386.342926,57.556931,44.779572,167.259995,45.671638,59.967255,285.709381,179.051819,104.550003,92.114403,79.980003,17088.660156,77.386612,18.323965,
2022-12-03,,,,,,,,,,,,16908.236328,,,
2022-12-04,,,,,,,,,,,,17130.486328,,,
2022-12-05,379.392914,56.620449,44.280914,164.389999,44.847012,59.645191,280.914154,174.119644,105.290001,90.824165,76.930000,16974.826172,77.395111,17.915464,
2022-12-06,373.924011,56.271568,44.036118,164.839996,44.520782,59.913582,275.093567,171.453659,105.580002,91.993973,74.250000,17089.503906,77.420479,17.771484,
2022-12-07,373.287933,56.271568,44.117718,166.330002,44.547966,59.913582,273.970428,170.949005,105.099998,94.161583,72.010002,16848.126953,77.420479,17.754742,
2022-12-08,376.212189,56.574539,44.308117,166.470001,44.566090,60.486137,277.212799,172.186844,104.769997,93.903542,71.459999,17233.474609,77.471245,17.763113,
2022-12-09,373.401825,56.262379,44.027050,167.059998,44.430168,60.718750,275.445099,170.073044,104.809998,91.460678,71.019997,17133.152344,77.462791,17.727955,
2022-12-10,,,,,,,,,,,,17128.724609,,,
2022-12-11,,,,,,,,,,,,17104.193359,,,
2022-12-12,378.785278,56.675533,44.126781,165.679993,44.412033,61.040825,278.902283,172.072571,105.129997,91.753159,73.169998,17206.437500,77.471245,17.830080,
2022-12-13,381.652588,57.097874,44.634518,168.509995,44.740311,61.175011,281.900574,173.497818,103.980003,92.639137,75.389999,17781.318359,77.471245,18.137293,
2022-12-14,379.212555,57.015236,44.607311,168.100006,44.675758,60.745586,279.810577,172.359543,103.769997,93.034775,77.279999,17815.650391,77.496658,18.284622,
2022-12-15,369.936340,55.840050,43.918247,165.350006,43.652229,60.629295,270.415527,168.045502,104.559998,93.397804,76.110001,17364.865234,77.513596,17.955645,
2022-12-16,365.568848,55.537071,43.628128,166.789993,43.716782,60.253540,267.837250,166.792435,104.699997,92.354462,74.290001,16647.484375,77.513596,17.901232,
2022-12-17,,,,,,,,,,,,16795.091797,,,
2022-12-18,,,,,,,,,,,,16757.976562,,,
2022-12-19,362.468933,55.078014,43.310795,166.320007,43.974968,60.110397,264.073181,164.534988,104.720001,90.802429,75.190002,16439.679688,77.522919,17.866911,
2022-12-20,362.964874,55.151455,43.337994,169.080002,44.205494,58.974213,263.867615,165.405441,103.970001,89.190025,76.089996,16906.304688,77.531403,18.123060,
2022-12-21,368.392120,55.683968,43.764126,168.800003,44.325367,59.305225,267.695404,168.255966,104.160004,89.414223,78.290001,16817.535156,77.539902,18.299994,
2022-12-22,363.136597,55.234081,43.310795,166.759995,43.928864,59.135239,261.146149,166.055893,104.430000,89.397018,77.489998,16830.341797,77.590851,18.114637,
2022-12-23,365.225403,55.390236,43.455009,167.259995,43.956520,59.594440,261.733459,166.811554,104.309998,88.086380,79.559998,16796.953125,77.590851,18.291569,
2022-12-24,,,,,,,,,,,,16847.755859,,,
2022-12-25,,,,,,,,,,,,16841.986328,,,
2022-12-26,,,,,,,,,,,,16919.804688,,,
2022-12-27,363.785217,55.270119,43.372864,168.669998,44.187046,59.667183,258.033020,165.692429,104.180000,86.344658,79.529999,16717.173828,77.590851,18.578033,
2022-12-28,359.264038,54.780430,42.989513,167.910004,43.753662,59.485321,254.626312,163.119278,104.459999,85.835938,78.959999,16552.572266,77.616302,18.380037,
2022-12-29,365.730957,55.519588,43.509766,168.850006,44.297699,59.703556,260.832886,167.251587,103.839996,86.810280,78.400002,16642.341797,77.650238,18.430590,
2022-12-30,364.767670,55.205448,43.044281,169.639999,43.772102,58.457832,260.676239,166.782883,103.519997,85.844566,80.260002,16602.585938,77.641762,18.562027,
2022-12-31,,,,,,,,,,,,16547.496094,,,
2023-01-01,,,,,,,,,,,,16625.080078,,,
2023-01-02,,,,,,,,,,,,16688.470703,,,
2023-01-03,363.231934,55.316319,43.363739,171.059998,43.725998,58.621506,258.914154,165.864594,104.519997,87.482811,76.930000,16679.857422,77.650238,18.329483,
2023-01-04,366.036224,55.842960,43.664940,172.669998,44.362247,58.730606,260.147614,167.930710,104.250000,88.681351,72.839996,16863.238281,77.641762,18.055658,
2023-01-05,361.858490,55.491879,43.354607,170.520004,44.168606,58.148674,256.075165,166.132416,105.040001,89.052109,73.669998,16836.736328,77.667213,17.988256,
2023-01-06,370.156677,56.619072,44.285587,173.710007,45.348900,58.857918,263.143127,169.862946,103.879997,90.690323,73.769997,16951.968750,77.658737,18.204790,
2023-01-07,,,,,,,,,,,,16955.078125,,,
2023-01-08,,,,,,,,,,,,17091.144531,,,
2023-01-09,369.946838,56.748428,44.331223,174.100006,45.726959,58.794273,264.846558,170.149902,103.000000,91.173195,74.629997,17196.554688,77.675720,18.333698,
2023-01-10,372.541199,56.887020,44.404243,174.740005,46.012810,59.094326,267.088348,172.665619,103.239998,89.664299,75.120003,17446.292969,77.667213,18.452496,
2023-01-11,377.253082,57.432137,44.833225,174.619995,46.114239,59.685368,271.709106,174.817810,103.190002,91.121498,77.410004,17934.896484,77.667213,18.637014,
2023-01-12,378.626587,57.940308,45.134426,176.639999,46.658272,59.803574,273.177490,177.754456,102.250000,92.914963,78.389999,18869.587891,77.726646,18.889774,
2023-01-13,380.095428,58.032703,45.280464,178.759995,46.722824,59.485321,275.057098,178.921417,102.199997,92.044052,79.860001,19909.574219,77.735130,19.150961,
2023-01-14,,,,,,,,,,,,20976.298828,,,
2023-01-15,,,,,,,,,,,,20880.798828,,,
2023-01-16,,,,,,,,,,,,21169.632812,,,
2023-01-17,379.399139,58.014225,45.207439,177.589996,46.704384,60.076366,275.615143,178.701416,102.389999,91.449112,80.180000,21161.519531,77.735130,19.205729,
2023-01-18,373.409180,57.663128,44.997520,177.080002,46.418537,60.276409,272.032104,175.812653,102.360001,93.665085,79.480003,20688.781250,77.743614,19.150961,
2023-01-19,370.690826,57.459862,44.814964,179.889999,46.612164,60.021809,269.359497,174.129105,102.059998,93.078773,80.330002,21086.792969,77.777596,19.403727,
2023-01-20,377.596466,58.088131,45.253090,179.289993,47.119324,61.331169,276.731110,176.998734,102.010002,91.569832,81.309998,22676.552734,77.786079,19.491350,
2023-01-21,,,,,,,,,,,,22777.625000,,,
2023-01-22,,,,,,,,,,,,22720.416016,,,
2023-01-23,382.127045,58.513157,45.545162,179.630005,47.423622,61.703983,282.878906,179.189224,102.139999,91.138725,81.620003,22934.431641,77.786079,19.500616,
2023-01-24,381.716888,58.439232,45.554279,180.279999,47.395966,61.849457,282.301300,178.806610,101.919998,92.449333,80.129997,22636.468750,77.794548,19.454279,
2023-01-25,381.860046,58.550114,45.554279,181.110001,47.469723,62.385941,281.674805,179.303986,101.639999,92.673508,80.150002,23117.859375,77.803047,19.437426,
2023-01-26,386.056793,58.891972,45.709450,179.470001,47.820126,62.495056,287.166748,180.365784,101.839996,92.242386,81.010002,23032.777344,77.845459,19.513254,
2023-01-27,386.943878,58.956650,45.764198,179.220001,47.460506,62.504147,290.025360,181.341446,101.930000,92.009583,79.680000,23078.728516,77.853958,19.329580,
2023-01-28,,,,,,,,,,,,23031.089844,,,
2023-01-29,,,,,,,,,,,,23774.566406,,,
2023-01-30,382.088898,58.402283,45.353481,178.759995,46.916466,62.340473,284.161285,178.816193,102.279999,91.673302,77.900002,22840.138672,77.853958,19.163601,
2023-01-31,387.706940,58.873493,45.700310,179.410004,46.907246,62.549599,288.419830,183.158905,102.099998,92.406197,78.870003,23139.283203,77.862434,19.344746,
2023-02-01,391.827393,59.520252,46.229706,181.669998,47.312969,62.167721,294.587280,186.038086,101.220001,93.517044,76.410004,23723.769531,77.867554,19.155176,
2023-02-02,397.531219,59.880581,46.467003,177.899994,47.239204,61.667595,305.159912,189.701660,101.750000,93.638092,75.879997,23471.871094,77.901649,18.937799,
2023-02-03,393.305756,59.289257,45.828102,173.460007,46.538406,62.113152,299.736572,188.429443,102.919998,92.237633,73.389999,23449.322266,77.918701,18.414581,
2023-02-04,,,,,,,,,,,,23331.847656,,,
2023-02-05,,,,,,,,,,,,22955.666016,,,
2023-02-06,390.902191,58.799576,45.572540,173.820007,45.911377,62.431400,297.201080,185.703278,103.620003,91.554733,74.110001,22760.109375,77.927216,18.409527,
2023-02-07,396.014618,59.206112,45.818974,173.979996,46.058914,62.695110,303.358612,187.080734,103.430000,90.819923,77.139999,23264.291016,77.935699,18.698519,
2023-02-08,391.684265,58.808815,45.718571,174.410004,46.151123,62.176792,297.964569,184.345032,103.410004,91.252151,78.470001,22939.398438,77.935699,18.725481,
2023-02-09,388.288666,58.559353,45.481270,173.029999,46.012810,62.504147,295.331238,181.676254,103.220001,90.387703,78.059998,21819.039062,77.961258,18.621004,
2023-02-10,389.194885,58.577831,45.262211,173.360001,46.022030,62.986057,293.392883,182.039749,103.629997,89.376266,79.720001,21651.183594,77.969795,18.702732,
2023-02-11,,,,,,,,,,,,21870.875000,,,
2023-02-12,,,,,,,,,,,,21788.203125,,,
2023-02-13,393.763641,59.058277,45.718571,172.479996,46.178791,63.467983,298.091949,184.230240,103.349998,90.128372,80.139999,21808.101562,77.986816,18.704416,
2023-02-14,393.582336,59.058277,45.536034,172.610001,46.234108,63.549831,300.294495,184.144135,103.230003,89.920906,79.059998,22220.804688,77.986816,18.704416,
2023-02-15,394.860504,58.919689,45.590797,170.889999,45.828392,63.740772,302.595093,186.009430,103.919998,89.082382,78.589996,24307.841797,78.003868,18.513159,
2023-02-16,389.423767,58.457718,45.253090,170.750000,45.902157,63.540703,296.917206,184.230240,103.860001,87.820282,78.489998,23623.474609,78.046486,18.489569,
2023-02-17,388.450867,58.476196,45.262211,171.259995,45.708519,63.922626,294.822235,184.737183,103.860001,88.503174,76.339996,24565.601562,78.055008,18.409527,
2023-02-18,,,,,,,,,,,,24641.277344,,,
2023-02-19,,,,,,,,,,,,24327.642578,,,
2023-02-20,,,,,,,,,,,,24829.148438,,,
2023-02-21,380.658203,57.579971,44.678059,170.619995,45.081486,63.740772,287.842224,179.284897,104.180000,86.782921,76.160004,24436.353516,78.055008,18.514843,
2023-02-22,380.133606,57.330513,44.468140,169.660004,44.887844,63.486176,288.057587,179.772736,104.589996,87.578217,73.949997,24188.843750,78.080536,18.266294,
2023-02-23,382.155701,57.672363,44.869732,169.570007,45.321236,63.849880,290.573517,181.054489,104.599998,88.434052,75.389999,23947.492188,78.106117,18.249443,
2023-02-24,378.073364,57.071804,44.303844,168.350006,44.399136,63.640747,285.708130,179.361435,105.209999,87.284309,76.320000,23198.126953,78.114624,18.118008,
2023-02-25,,,,,,,,,,,,23175.375000,,,
2023-02-26,,,,,,,,,,,,23561.212891,,,
2023-02-27,379.361023,57.348988,44.586796,169.009995,44.454456,64.222679,287.754120,179.992752,104.669998,87.526367,75.680000,23522.871094,78.123146,18.174458,
2023-02-28,377.958832,57.099522,44.413368,169.779999,44.297699,63.768047,287.382080,180.002289,104.870003,87.924004,77.050003,23147.353516,78.131645,18.294941,
2023-03-01,376.509064,57.191921,44.422497,170.759995,44.952393,64.268166,285.071777,180.231827,104.480003,86.979416,77.690002,23646.550781,78.135941,18.544333,
2023-03-02,379.437317,57.358223,44.486393,170.660004,44.887844,64.359093,287.431061,180.662308,105.029999,86.208138,78.160004,23475.466797,78.161560,18.573822,
2023-03-03,385.522675,58.088131,44.970139,172.490005,45.441101,65.495689,293.373352,183.177994,104.519997,88.296608,79.680000,22362.679688,78.178650,18.687565,
2023-03-04,,,,,,,,,,,,22353.349609,,,
2023-03-05,,,,,,,,,,,,22435.513672,,,
2023-03-06,385.789734,58.060425,44.970139,171.619995,45.505650,65.668457,293.706177,180.499680,104.349998,87.612038,80.459999,22429.757812,78.187187,18.706944,
2023-03-07,379.876068,57.265831,44.440746,168.619995,44.892456,65.759377,290.103668,178.404861,105.620003,88.149323,77.580002,22219.769531,78.187187,18.225010,
2023-03-08,380.496002,57.441376,44.577667,168.539993,45.275131,66.432259,291.552582,178.490982,105.660004,88.235977,76.660004,21718.080078,78.204269,18.182039,
2023-03-09,373.475891,56.739185,44.212570,170.199997,44.565109,65.913956,286.501038,173.526474,105.309998,88.452629,75.720001,20363.021484,78.221375,18.054817,
2023-03-10,368.086945,56.184814,44.048279,173.869995,44.297699,64.531845,282.477539,168.523773,104.580002,91.503006,76.680000,20187.244141,78.238434,18.254499,
2023-03-11,,,,,,,,,,,,20632.410156,,,
2023-03-12,,,,,,,,,,,,22163.949219,,,
2023-03-13,367.562286,56.129379,43.975254,177.860001,44.177830,62.731461,284.572510,165.778503,103.599998,91.710991,74.800003,24197.533203,78.255539,18.294098,
2023-03-14,373.638153,56.646793,44.258217,176.830002,44.113285,62.749653,291.111938,168.849014,103.599998,90.203110,71.330002,24746.074219,78.264099,18.072512,
2023-03-15,371.301300,56.027748,43.966129,178.210007,43.283394,61.240231,292.639160,166.065460,104.650002,91.944969,67.610001,24375.960938,78.306816,17.810478,
2023-03-16,377.815765,56.831585,44.322105,178.570007,43.984192,62.358658,300.353302,168.332474,104.419998,91.225685,68.349998,25052.789062,78.340988,17.870298,
2023-03-17,373.398102,56.277222,44.130428,183.770004,43.661453,60.767414,298.933746,163.788910,103.709999,92.594910,66.739998,27423.929688,78.358055,18.005106,
2023-03-18,,,,,,,,,,,,26965.878906,,,
2023-03-19,,,,,,,,,,,,28038.675781,,,
2023-03-20,376.988525,56.748428,44.413368,183.839996,43.956520,61.640316,299.994690,165.912399,103.279999,91.780327,67.639999,27767.236328,78.366615,18.055658,
2023-03-21,381.938629,57.302792,44.723701,180.369995,44.251598,62.558704,304.279327,168.973312,103.260002,90.991730,69.330002,28175.816406,78.366615,17.996683,
2023-03-22,375.427917,56.896255,44.605045,183.440002,44.472900,61.613049,300.141724,164.181076,102.349998,92.204941,70.900002,27307.437500,78.383705,18.182880,
2023-03-23,376.442871,56.960926,44.623302,185.740005,44.804855,61.649426,303.700867,163.452377,102.529999,92.204941,69.959999,28333.972656,78.417877,18.209845,
2023-03-24,378.913025,57.154968,44.760204,183.649994,44.703426,61.985855,304.818634,164.930878,103.120003,92.594910,69.260002,27493.285156,78.434929,18.198891,
2023-03-25,,,,,,,,,,,,27494.707031,,,
2023-03-26,,,,,,,,,,,,27994.330078,,,
2023-03-27,379.621582,57.238113,44.650681,181.949997,44.657326,62.917316,302.730194,166.764648,102.860001,90.419777,72.809998,27139.888672,78.426407,18.393517,
2023-03-28,378.769440,57.191921,44.650681,183.440002,44.869404,62.715427,301.122223,166.524612,102.430000,90.584427,73.199997,27268.130859,78.443489,18.578033,
2023-03-29,384.274811,57.857151,44.887993,182.529999,45.109150,64.027718,306.612854,168.415955,102.639999,90.402443,72.970001,28348.441406,78.443489,18.436489,
2023-03-30,386.524811,58.162060,45.152683,184.179993,45.496433,64.238800,309.515045,168.185532,102.139999,90.818405,74.370003,28033.562500,78.460571,18.544333,
2023-03-31,391.972809,58.753380,45.663807,183.220001,45.487213,64.899551,314.662506,171.276993,102.510002,92.178955,75.669998,28478.484375,78.443489,18.662289,
2023-04-01,,,,,,,,,,,,28411.035156,,,
2023-04-02,,,,,,,,,,,,28199.308594,,,
2023-04-03,393.466400,59.030552,45.782463,184.539993,45.754623,65.101448,313.897797,171.353775,102.089996,92.612450,80.419998,27790.220703,78.462364,18.936956,
2023-04-04,391.283447,58.793354,45.726570,187.979996,45.763844,64.642586,312.838806,168.348770,101.589996,93.072929,80.709999,28168.089844,78.470909,19.020369,
2023-04-05,390.258881,58.589489,45.662418,187.830002,45.514877,63.550529,309.750366,166.697418,101.849998,94.045952,80.610001,28177.984375,78.513817,19.075134,
2023-04-06,391.781250,58.839680,45.845692,186.490005,45.524094,63.541359,311.838806,166.947037,101.820000,94.289207,80.699997,28044.140625,78.522408,18.993408,
2023-04-07,,,,,,,,,,,,27925.859375,,,
2023-04-08,,,,,,,,,,,,27947.794922,,,
2023-04-09,,,,,,,,,,,,28333.050781,,,
2023-04-10,392.183350,58.811878,45.717400,185.110001,45.690071,64.514107,311.662323,168.732788,102.580002,92.768837,79.739998,29652.980469,78.531006,18.915051,
2023-04-11,392.288727,58.969406,45.799866,186.279999,46.095795,65.064735,309.662079,170.067261,102.199997,92.959969,81.529999,30235.058594,78.539558,19.041433,
2023-04-12,390.689758,58.848946,45.790707,187.190002,46.169567,65.193192,306.926544,168.819183,101.500000,92.864410,83.260002,30139.052734,78.556725,19.184664,
2023-04-13,395.879150,59.534634,46.349697,189.720001,46.695168,65.578621,312.936890,171.056152,101.010002,92.134636,82.160004,30399.066406,78.599609,19.231005,
2023-04-14,394.912170,59.330776,45.836529,186.360001,46.473862,65.679581,312.348633,169.462402,101.550003,91.291908,82.519997,30485.699219,78.599609,19.193090,
2023-04-15,,,,,,,,,,,,30318.496094,,,
2023-04-16,,,,,,,,,,,,30315.355469,,,
2023-04-17,396.329285,59.321514,45.964817,185.529999,46.363205,66.083374,312.613373,171.641800,102.099998,90.205933,80.830002,29445.044922,78.616768,19.100409,
2023-04-18,396.587708,59.479038,45.928165,186.250000,46.317104,66.221024,312.632965,170.912155,101.750000,90.527374,80.860001,30397.552734,78.625366,19.143381,
2023-04-19,396.520691,59.349319,45.946487,185.360001,45.842220,66.074196,312.485840,171.132950,101.970001,90.440514,79.160004,28822.679688,78.633919,18.916735,
2023-04-20,394.356812,59.136189,45.900673,186.089996,45.892937,66.046684,310.103333,170.249695,101.839996,91.213745,77.290001,28245.988281,78.693977,18.742331,
2023-04-21,394.663300,59.154728,45.900673,184.250000,45.671631,66.523865,310.426910,170.470505,101.820000,90.701134,77.870003,27276.910156,78.685417,18.629431,
2023-04-22,,,,,,,,,,,,27817.500000,,,
2023-04-23,,,,,,,,,,,,27591.384766,,,
2023-04-24,395.074921,59.238117,46.093113,184.809998,45.736176,66.441277,309.779846,170.355316,101.349998,91.578636,78.760002,27525.339844,78.693977,18.695990,
2023-04-25,388.803589,58.626556,45.506638,185.750000,45.026157,65.431808,303.936188,166.150177,101.860001,92.925232,77.070000,28307.597656,78.685417,18.473560,
2023-04-26,387.156738,58.413448,45.515804,184.740005,45.155254,65.422623,305.779419,164.546860,101.470001,91.934830,74.300003,28422.701172,78.702545,18.249443,
2023-04-27,394.864319,59.136189,45.864021,184.750000,45.800728,66.744118,314.093781,166.745422,101.500000,91.022583,74.760002,29473.787109,78.728279,18.274719,
2023-04-28,398.234528,59.460506,46.175587,184.800003,46.012810,67.212135,316.260712,168.204727,101.669998,92.490814,76.779999,29340.261719,78.728279,18.323586,
2023-04-29,,,,,,,,,,,,29248.488281,,,
2023-04-30,,,,,,,,,,,,29268.806641,,,
2023-05-01,397.832336,59.451244,46.038136,183.970001,45.874493,67.661835,315.897888,168.300766,102.150002,89.823914,75.660004,28091.568359,78.730858,18.367397,
2023-05-02,393.361023,58.997200,45.790707,187.520004,45.597866,66.533043,313.142761,164.844528,101.959999,92.062325,71.660004,28680.537109,78.713638,18.119692,
2023-05-03,390.661072,58.848946,45.818207,189.110001,45.579422,66.156792,311.093628,165.449341,101.339996,92.576218,68.599998,29006.308594,78.722275,17.906528,
2023-05-04,387.894104,58.663631,45.616600,190.440002,45.800728,65.753006,309.995514,163.596405,101.400002,91.661674,68.559998,28847.710938,78.748077,18.047234,
2023-05-05,395.074921,59.395641,46.102280,187.460007,46.400089,67.258026,316.584259,167.484695,101.209999,91.356827,71.339996,29534.384766,78.765312,18.291569,
2023-05-06,,,,,,,,,,,,28904.623047,,,
2023-05-07,,,,,,,,,,,,28454.978516,,,
2023-05-08,395.180237,59.377117,46.047295,187.690002,46.400089,67.340614,317.368561,167.100693,101.370003,90.076500,73.160004,27694.273438,78.773911,18.375824,
2023-05-09,393.447235,59.136189,45.836529,189.020004,46.289440,68.166542,315.358704,166.601410,101.639999,89.754234,73.709999,27658.775391,78.782524,18.388464,
2023-05-10,395.285553,59.302986,45.964817,188.750000,46.409313,67.469093,318.790283,167.446289,101.480003,90.625191,72.559998,27621.755859,78.791153,18.295784,
2023-05-11,394.596191,59.163994,45.937321,187.130005,46.012810,67.514984,319.829590,166.159805,102.059998,91.583275,70.870003,27000.789062,78.842812,18.017744,
2023-05-12,394.079163,59.043537,45.790707,186.809998,45.708519,68.212433,318.682434,165.823761,102.680000,90.816818,70.040001,26804.990234,78.860031,17.929279,
2023-05-13,,,,,,,,,,,,26784.078125,,,
2023-05-14,,,,,,,,,,,,26930.638672,,,
2023-05-15,395.438751,59.302986,45.992306,187.210007,46.123459,68.992462,320.408112,167.849503,102.430000,89.876167,71.110001,27192.693359,78.868645,18.091045,
2023-05-16,392.796143,58.876747,45.744888,184.869995,45.828392,68.625397,320.770813,165.401352,102.559998,89.606133,70.860001,27036.650391,78.860031,17.904003,
2023-05-17,397.564270,59.265919,45.589115,184.229996,46.307880,69.772522,324.653595,169.088013,102.879997,89.344856,72.830002,27398.802734,78.877243,18.046391,
2023-05-18,401.394165,59.488300,46.001472,181.839996,46.344765,70.313957,330.683411,170.115280,103.580002,88.682922,71.860001,26832.208984,78.920311,17.861874,
2023-05-19,400.810059,59.479038,45.919003,183.639999,46.455421,69.928513,329.938232,169.078415,103.199997,88.055840,71.550003,26890.128906,78.920311,17.901474,
2023-05-20,,,,,,,,,,,,27129.585938,,,
2023-05-21,,,,,,,,,,,,26753.826172,,,
2023-05-22,400.972900,59.479038,45.946487,183.210007,46.667503,70.625984,331.046173,171.142578,103.199997,87.742271,71.989998,26851.277344,78.928940,17.891363,
2023-05-23,396.472809,58.978676,45.653259,183.429993,46.234108,69.845940,326.849731,170.336075,103.489998,87.994850,72.910004,27225.726562,78.928940,17.929279,
2023-05-24,393.600464,58.422703,45.286705,181.949997,46.151123,69.699097,325.173218,168.531158,103.889999,87.559364,74.339996,26334.818359,78.928940,17.878725,
2023-05-25,397.009033,58.589489,45.360012,180.199997,46.400089,70.653503,333.085571,167.215866,104.209999,87.341621,71.830002,26476.207031,78.980576,17.684940,
2023-05-26,402.150482,59.201057,45.799866,180.919998,47.202316,70.892097,341.596008,169.116776,104.209999,88.047104,72.669998,26719.291016,78.997818,17.887150,
2023-05-27,,,,,,,,,,,,26868.353516,,,
2023-05-28,,,,,,,,,,,,28085.646484,,,
2023-05-29,,,,,,,,,,,,27745.884766,,,
2023-05-30,402.303680,59.025002,45.708233,182.039993,46.925694,70.378197,343.145233,168.492767,104.169998,88.926796,69.459999,27702.349609,79.006409,17.579624,
2023-05-31,400.072906,58.793354,45.644093,182.320007,46.409313,69.276955,341.194031,166.831818,104.320000,89.701965,68.089996,27219.658203,79.023636,17.461668,
2023-06-01,403.873901,59.284454,45.919003,183.759995,46.990234,70.598434,345.135590,168.636765,103.559998,90.053925,70.099998,26819.972656,79.067719,17.701792,
2023-06-02,409.714417,60.053532,46.285538,181.050003,47.608044,72.543968,347.724060,174.752457,104.019997,89.067085,71.739998,27249.589844,79.076393,17.833227,
2023-06-03,,,,,,,,,,,,27075.128906,,,
2023-06-04,,,,,,,,,,,,27119.066406,,,
2023-06-05,408.929321,59.886745,46.175587,182.139999,47.617264,72.222771,347.969116,172.409866,104.000000,88.901169,72.150002,25760.097656,79.076393,17.853451,
2023-06-06,409.819794,60.183258,46.523804,182.339996,47.930775,73.920509,347.910339,176.951004,104.129997,89.425156,71.739998,27238.783203,79.093658,17.877041,
2023-06-07,408.402710,59.923813,46.166420,180.149994,47.862045,72.543968,342.007843,180.261856,104.099998,88.097740,72.529999,26345.998047,79.102303,17.891363,
2023-06-08,410.872925,60.294456,46.487144,182.529999,48.159264,72.553131,346.253326,179.587906,103.339996,89.128212,71.290001,26508.216797,79.145554,17.955397,
2023-06-09,411.610138,60.238861,46.413837,182.039993,48.475063,73.736961,347.576965,178.134201,103.559998,89.005966,70.169998,26480.375000,79.154190,17.920853,
2023-06-10,,,,,,,,,,,,25851.240234,,,
2023-06-11,,,,,,,,,,,,25940.167969,,,
2023-06-12,415.344177,60.581711,46.597111,181.880005,48.623676,74.094864,353.449951,178.875488,103.629997,89.267944,67.120003,25902.500000,79.162849,17.663877,
2023-06-13,418.082611,60.970882,46.853687,180.539993,49.023067,75.755905,356.165863,180.926102,103.339996,88.385933,69.419998,25918.728516,79.180130,17.870298,
2023-06-14,418.580414,61.007942,46.817043,180.639999,49.227413,76.150513,358.754272,178.981415,103.010002,89.093269,68.269997,25124.675781,79.197426,17.901474,
2023-06-15,423.769897,61.628765,47.183586,181.910004,49.450329,76.370750,363.029175,180.454391,102.120003,89.949127,70.620003,25576.394531,79.232033,18.249443,
2023-06-16,422.326447,61.443451,47.174416,181.630005,49.236694,76.682770,360.744629,179.010284,102.300003,89.599800,71.779999,26327.462891,79.240662,18.495464,
2023-06-17,,,,,,,,,,,,26510.675781,,,
2023-06-18,,,,,,,,,,,,26336.212891,,,
2023-06-19,,,,,,,,,,,,26851.029297,,,
2023-06-20,420.135284,61.109863,47.018639,179.750000,48.707268,75.508125,360.228210,178.230469,102.540001,90.219818,70.500000,28327.488281,79.257950,18.257870,
2023-06-21,417.982635,60.906017,46.853687,179.490005,48.642254,76.811256,355.319153,177.816498,102.070000,90.438133,72.529999,30027.296875,79.257950,18.401102,
2023-06-22,419.491425,60.822632,46.835369,177.710007,48.475063,77.013153,359.511444,176.497574,102.389999,89.346527,69.510002,29912.281250,79.292519,18.030382,
2023-06-23,416.320129,60.405659,46.578785,178.199997,47.899193,75.407173,355.947510,173.840424,102.900002,90.237312,69.160004,30695.468750,79.301170,17.940231,
2023-06-24,,,,,,,,,,,,30548.695312,,,
2023-06-25,,,,,,,,,,,,30480.261719,,,
2023-06-26,414.619110,60.368576,46.587948,178.509995,48.084961,75.464607,351.175873,174.013718,102.690002,90.333344,69.370003,30271.130859,79.309830,17.962978,
2023-06-27,419.164764,60.841156,46.670414,177.690002,48.345032,75.974205,357.214020,176.526459,102.489998,90.097588,67.699997,30688.164062,79.327110,17.794472,
2023-06-28,419.376099,60.794819,46.807873,177.279999,48.084961,76.882187,357.911133,177.392883,102.910004,90.481819,69.559998,30086.246094,79.335815,17.752344,
2023-06-29,421.029022,60.887489,46.817043,177.089996,48.001373,76.956299,357.194427,179.433884,103.339996,88.848755,69.860001,30445.351562,79.361694,17.710218,
2023-06-30,425.997467,61.471245,47.146931,178.270004,48.280014,77.132332,362.702393,180.290695,102.910004,89.896721,70.639999,30477.251953,79.387634,17.937704,
2023-07-01,,,,,,,,,,,,30590.078125,,,
2023-07-02,,,,,,,,,,,,30620.769531,,,
2023-07-03,426.487671,61.489777,47.211075,178.470001,48.790859,77.827225,363.556549,180.656540,102.989998,89.387085,69.790001,31156.439453,79.407623,17.953711,
2023-07-04,,,,,,,,,,,,30777.582031,,,
2023-07-05,425.853394,61.274113,47.087357,177.839996,48.549370,77.336174,363.546783,178.856247,103.370003,88.537712,71.790001,30514.166016,79.416275,18.047234,
2023-07-06,422.518585,60.601906,46.551849,177.309998,47.676281,75.974205,360.778046,175.968063,103.169998,87.285500,71.800003,29909.337891,79.442307,18.000895,
2023-07-07,421.451904,60.695271,46.699574,178.639999,48.038521,75.927879,359.580231,177.826141,102.269997,86.760147,73.860001,30342.265625,79.450996,18.156763,
2023-07-08,,,,,,,,,,,,30292.541016,,,
2023-07-09,,,,,,,,,,,,30171.234375,,,
2023-07-10,422.518585,60.919342,46.745747,178.779999,48.010658,75.464607,359.698059,180.868378,101.970001,86.873955,72.989998,30414.470703,79.468391,18.166033,
2023-07-11,425.209503,61.320793,47.087357,179.449997,48.586529,75.297844,361.475098,182.726410,101.730003,87.320526,74.830002,30620.951172,79.477074,18.325274,
2023-07-12,428.630676,61.983673,47.548992,181.880005,49.468903,74.491783,366.040558,184.719269,100.519997,88.292519,75.750000,30391.646484,79.494438,18.502207,
2023-07-13,432.032623,62.618534,47.899837,182.009995,49.942604,75.149605,372.255432,186.211548,99.769997,89.220680,76.889999,31476.048828,79.529144,18.679140,
2023-07-14,431.763580,62.319778,47.678249,181.429993,49.868294,74.834587,372.176880,184.391937,99.910004,88.695312,75.419998,30334.068359,79.537811,18.594885,
2023-07-15,,,,,,,,,,,,30295.806641,,,
2023-07-16,,,,,,,,,,,,30249.132812,,,
2023-07-17,433.262726,62.515850,47.890610,181.559998,50.109787,74.723412,375.652557,186.365570,99.839996,88.739090,74.150002,30145.888672,79.546501,18.443228,
2023-07-18,436.482178,62.851948,48.056801,183.639999,50.044773,76.289207,378.725647,188.666489,99.940002,89.141914,75.750000,29856.562500,79.546501,18.649651,
2023-07-19,437.452759,62.945305,48.093739,183.669998,49.849716,76.863647,378.637268,189.465546,100.279999,90.148903,75.349998,29913.923828,79.563858,18.754969,
2023-07-20,434.550476,62.506516,47.853680,182.740005,49.487480,76.363342,369.908936,187.809647,100.879997,89.054306,75.629997,29792.015625,79.607277,18.839222,
2023-07-21,434.550476,62.599873,47.789055,182.179993,49.422462,76.965576,368.799408,187.212769,101.070000,89.080605,77.070000,29908.744141,79.607277,18.889774,
2023-07-22,,,,,,,,,,,,29771.802734,,,
2023-07-23,,,,,,,,,,,,30084.539062,,,
2023-07-24,436.491791,62.758587,47.872143,181.399994,49.924023,77.048965,369.388550,187.674881,101.349998,88.756592,78.739998,29176.916016,79.615944,19.161074,
2023-07-25,437.683380,62.851948,47.936771,182.410004,50.221245,76.882187,371.892181,187.655624,101.349998,88.590233,79.629997,29227.390625,79.624641,19.281555,
2023-07-26,437.750671,62.907967,48.093739,183.300003,50.369854,76.743210,370.655121,189.138245,100.889999,88.677788,78.779999,29354.972656,79.633339,19.252068,
2023-07-27,434.848480,62.581192,47.715191,180.419998,49.766125,76.770996,369.771454,186.692886,101.769997,86.952766,80.089996,29210.689453,79.676727,19.184664,
2023-07-28,439.105713,63.150707,48.158360,181.860001,50.332706,78.633301,376.506775,189.109329,101.620003,87.399345,80.580002,29319.246094,79.685387,19.319471,
2023-07-29,,,,,,,,,,,,29356.917969,,,
2023-07-30,,,,,,,,,,,,29275.308594,,,
2023-07-31,439.941772,63.225414,48.195297,182.350006,50.211960,79.105812,376.703125,191.304382,101.860001,87.609489,81.800003,29230.111328,79.694092,19.311047,
2023-08-01,438.682861,62.851948,47.946011,180.460007,49.831142,78.809334,375.829224,190.428268,102.300003,86.173859,81.370003,29675.732422,79.715019,19.268917,
2023-08-02,432.580383,62.011669,47.355106,179.600006,48.763000,77.401039,367.581970,187.838531,102.589996,85.251900,79.489998,29151.958984,79.723732,19.065022,
2023-08-03,431.340729,61.815620,47.345871,179.539993,48.530792,76.622772,366.992889,187.309021,102.540001,83.284988,81.550003,29178.679688,79.758598,19.180450,
2023-08-04,429.389862,61.815620,47.244316,180.190002,48.679405,77.224998,365.274811,186.933548,102.019997,84.760170,82.820000,29074.091797,79.776062,19.201515,
2023-08-05,,,,,,,,,,,,29042.126953,,,
2023-08-06,,,,,,,,,,,,29041.855469,,,
2023-08-07,433.137756,62.095699,47.539764,179.779999,48.790859,78.086655,368.367493,187.058701,102.050003,83.925987,81.940002,29180.578125,79.776062,19.176239,
2023-08-08,431.254242,61.918308,47.318176,178.639999,48.242867,77.938416,365.235413,185.884155,102.529999,84.900658,82.919998,29765.492188,79.793465,19.142538,
2023-08-09,428.371216,61.740917,47.290470,177.789993,48.410046,77.734573,361.219849,184.430450,102.489998,85.339699,84.400002,29561.494141,79.802170,19.336323,
2023-08-10,428.524963,61.703579,47.355106,177.600006,48.345032,78.725952,361.887482,183.612152,102.519997,83.934753,82.820000,29429.591797,79.845795,19.207413,
2023-08-11,428.275116,61.470173,47.022724,177.600006,47.908485,78.725952,359.580231,183.872101,102.839996,83.741600,83.190002,29397.714844,79.854523,19.143381,
2023-08-12,,,,,,,,,,,,29415.964844,,,
2023-08-13,,,,,,,,,,,,29282.914062,,,
2023-08-14,430.639221,61.526203,47.050426,177.059998,47.741302,78.197845,363.615479,183.554413,103.190002,83.557205,82.510002,29408.443359,79.863228,19.045645,
2023-08-15,425.622742,60.928673,47.031963,176.589996,47.304752,77.456619,359.756958,181.128326,103.209999,83.047920,80.989998,29170.347656,79.871956,18.818159,
2023-08-16,422.499390,60.545887,46.441063,175.570007,47.044685,76.863647,355.947510,178.914001,103.419998,82.398163,79.379997,28701.779297,79.889389,18.756653,
2023-08-17,419.279999,60.219112,46.173309,175.300003,47.035400,76.372620,352.059509,176.805603,103.440002,82.046921,80.389999,26664.550781,79.924263,18.856071,
2023-08-18,419.481781,60.191105,46.219463,175.330002,47.053970,76.372620,351.617706,177.768356,103.379997,82.336678,81.250000,26049.556641,79.932961,18.995935,
2023-08-19,,,,,,,,,,,,26096.205078,,,
2023-08-20,,,,,,,,,,,,26189.583984,,,
2023-08-21,422.211151,60.340481,46.247166,175.809998,47.239735,76.872925,357.282745,177.508438,103.330002,81.239105,80.720001,26124.140625,79.941689,18.931902,
2023-08-22,421.067505,60.265800,46.256405,176.100006,47.156147,77.197197,356.772247,176.978943,103.559998,81.862526,80.349998,26031.656250,79.950424,18.988352,
2023-08-23,425.757263,60.872650,46.708805,177.889999,47.927063,77.595596,362.398041,178.865860,103.360001,83.890892,78.889999,26431.640625,79.967865,19.038063,
2023-08-24,419.856689,60.321808,46.293327,177.850006,47.648422,77.252792,354.651520,176.391647,103.980003,83.337708,79.050003,26162.373047,79.994003,19.124001,
2023-08-25,422.816528,60.545887,46.524155,177.619995,47.713432,78.040337,357.400604,177.142578,104.080002,83.609894,79.830002,26047.667969,80.011436,19.273130,
2023-08-26,,,,,,,,,,,,26008.462891,,,
2023-08-27,,,,,,,,,,,,26089.693359,,,
2023-08-28,425.497711,60.975346,46.764210,178.130005,47.992077,79.059494,360.090759,178.721466,104.059998,83.697685,80.099998,26106.150391,80.028862,19.205729,
2023-08-29,431.648224,61.703579,47.235081,179.869995,48.400761,79.087280,367.955078,181.214951,103.550003,84.566994,81.160004,27727.392578,80.020172,19.294195,
2023-08-30,433.426147,61.778263,47.318176,180.320007,48.233574,79.244789,370.007111,181.898483,103.160004,84.479172,81.629997,27297.265625,80.037605,19.226791,
2023-08-31,432.791840,61.740917,47.262779,180.020004,47.620556,79.726578,371.116577,181.580795,103.620003,84.856758,83.629997,25931.472656,80.089920,19.260494,
2023-09-01,433.599060,61.740917,47.253544,180.110001,47.964214,80.829140,370.723846,183.737289,104.239998,83.534798,85.550003,25800.724609,80.103058,19.445852,
2023-09-02,,,,,,,,,,,,25868.798828,,,
2023-09-03,,,,,,,,,,,,25969.566406,,,
2023-09-04,,,,,,,,,,,,25812.416016,,,
2023-09-05,431.725067,61.414162,46.995026,178.639999,47.704147,82.042862,371.195129,179.867126,104.809998,82.363487,86.690002,25779.982422,80.120560,19.589083,
2023-09-06,428.822876,61.040710,46.782677,177.830002,47.351192,82.283768,367.925629,179.193222,104.860001,82.566055,87.540001,25753.236328,80.120560,19.521681,
2023-09-07,427.506317,60.938000,46.727280,178.020004,47.128281,82.061409,365.294373,177.460312,105.059998,82.795029,86.870003,26240.195312,80.164375,19.530106,
2023-09-08,428.150177,60.947346,46.736511,178.080002,47.323330,81.561073,365.804962,177.065582,105.089996,83.112076,87.510002,25905.654297,80.173111,19.509043,
2023-09-09,,,,,,,,,,,,25895.677734,,,
2023-09-10,,,,,,,,,,,,25832.226562,,,
2023-09-11,430.965942,61.330135,46.958096,178.410004,47.824898,81.950226,370.115051,177.489166,104.570000,82.513176,87.290001,25162.654297,80.173111,19.685974,
2023-09-12,428.601807,61.115395,46.819599,177.490005,47.592686,82.348625,366.011139,177.315842,104.709999,82.988762,88.839996,25833.343750,80.199394,19.673338,
2023-09-13,429.101562,61.106068,46.828838,177.080002,47.666992,82.617310,367.405273,176.150986,104.769997,82.971169,88.519997,26228.324219,80.208160,19.782869,
2023-09-14,432.801453,61.591537,47.096584,177.169998,48.038521,84.173843,370.409729,178.634842,105.410004,82.372269,90.160004,26539.673828,80.234390,19.942951,
2023-09-15,427.586914,61.162079,46.819599,178.339996,47.834179,83.840309,364.067139,176.767120,105.320000,81.870285,90.769997,26608.693359,80.251923,19.838476,
2023-09-16,,,,,,,,,,,,26568.281250,,,
2023-09-17,,,,,,,,,,,,26534.187500,,,
2023-09-18,427.837708,61.096718,46.819599,179.389999,47.806316,84.016357,364.446686,175.592606,105.199997,82.337036,91.480003,26754.281250,80.260674,19.791296,
2023-09-19,426.950409,60.994030,46.727280,179.220001,47.546242,85.137421,363.669830,174.909027,105.199997,81.729370,91.199997,27211.117188,80.269432,19.820784,
2023-09-20,423.025299,60.704601,46.533390,179.350006,47.434784,84.136787,358.429230,173.156860,105.160004,81.984756,90.279999,27132.007812,80.278191,19.732317,
2023-09-21,416.033386,59.798981,45.960957,178.050003,46.673161,82.969383,351.861237,170.470856,105.360001,79.879883,89.629997,26567.632812,80.321999,19.665754,
2023-09-22,415.097900,59.836319,46.025578,178.619995,46.821762,83.497505,351.910339,170.085770,105.580002,80.522804,90.029999,26579.568359,80.330757,19.630369,
2023-09-23,,,,,,,,,,,,26579.390625,,,
2023-09-24,,,,,,,,,,,,26256.826172,,,
2023-09-25,416.843506,59.798981,45.924019,177.699997,46.821762,83.499352,353.581879,170.846359,106.000000,78.541214,89.680000,26298.480469,80.339508,19.549484,
2023-09-26,410.719513,59.098751,45.499313,176.279999,46.143734,82.517113,348.272400,168.649689,106.230003,78.268219,90.389999,26217.250000,80.348236,19.496405,
2023-09-27,410.883484,59.042740,45.443909,174.100006,46.162308,83.063820,349.088470,170.226303,106.669998,77.863060,93.680000,26352.716797,80.374535,19.572233,
2023-09-28,413.265564,59.444195,45.730137,173.229996,46.375935,83.286224,352.008698,171.764236,106.220001,78.100876,91.709999,27021.546875,80.400795,19.525892,
2023-09-29,412.262604,59.276146,45.619328,171.449997,46.283054,81.775795,352.264374,170.951752,106.169998,78.109673,90.790001,26911.720703,80.409546,19.345589,
2023-09-30,,,,,,,,,,,,26967.916016,,,
2023-10-01,,,,,,,,,,,,27983.750000,,,
2023-10-02,412.098663,58.884026,45.314655,169.649994,46.060139,81.358826,355.204224,168.369171,106.900002,76.802101,88.820000,27530.785156,80.421867,19.193090,
2023-10-03,406.582184,58.214092,44.797119,169.160004,45.567863,79.190491,348.970459,165.535156,107.000000,75.149971,89.230003,27429.978516,80.439476,19.121473,
2023-10-04,409.542969,58.485806,45.047535,169.139999,45.502846,77.698608,353.719513,165.612518,106.800003,76.210159,84.220001,27799.394531,80.448257,18.679140,
2023-10-05,409.388641,58.616982,45.093918,168.830002,45.651459,79.014427,352.677307,165.738266,106.330002,75.830269,82.309998,27415.912109,80.501022,18.460077,
2023-10-06,414.249298,59.094845,45.372158,169.699997,46.143734,79.941078,358.586548,167.334244,106.040001,74.911415,82.790001,27946.597656,80.501022,18.510630,
2023-10-07,,,,,,,,,,,,27968.839844,,,
2023-10-08,,,,,,,,,,,,27935.089844,,,
2023-10-09,416.901428,59.329086,45.604031,172.820007,45.855793,79.607475,360.415283,168.301483,106.080002,76.669571,86.379997,27583.677734,80.509834,18.881351,
2023-10-10,419.071259,59.750717,45.872993,172.529999,46.422371,81.275421,362.411316,170.206955,105.830002,76.563568,85.970001,27391.019531,80.509834,18.872923,
2023-10-11,420.787903,60.022442,46.058487,173.789993,46.691730,81.154953,364.997284,169.916794,105.820000,78.162682,83.489998,26873.320312,80.527390,18.864496,
2023-10-12,418.222565,59.750717,45.678226,173.259995,46.310917,81.831406,363.728851,166.076813,106.570000,76.042274,82.910004,26756.798828,80.562592,18.847649,
2023-10-13,416.139496,59.291603,45.604031,178.830002,46.134441,80.636040,359.156830,164.693634,106.650002,77.402863,87.690002,26862.375000,80.580185,19.336323,
2023-10-14,,,,,,,,,,,,26861.707031,,,
2023-10-15,,,,,,,,,,,,27159.652344,,,
2023-10-16,420.517853,59.703873,45.780254,177.960007,46.598843,81.284683,363.217621,167.353577,106.239998,76.157127,86.660004,28519.466797,80.588982,19.235218,
2023-10-17,420.498596,59.628914,45.668949,178.289993,46.561699,81.432961,362.027893,169.220337,106.250000,75.317802,86.660004,28415.748047,80.597771,19.260494,
2023-10-18,414.895386,58.888699,45.186661,180.869995,45.902237,80.367325,357.278839,165.738266,106.570000,74.655220,88.320000,28328.341797,80.606575,19.504829,
2023-10-19,411.249969,58.467068,44.862045,183.089996,45.809357,79.700134,353.935852,163.097656,106.250000,73.126770,89.370003,28719.806641,80.641762,19.715466,
2023-10-20,406.196503,57.961109,44.658001,183.589996,45.335659,79.209015,348.655853,160.989059,106.160004,73.542000,88.750000,29682.949219,80.659325,19.572233,
2023-10-21,,,,,,,,,,,,29918.412109,,,
2023-10-22,,,,,,,,,,,,29993.896484,,,
2023-10-23,405.492432,57.867397,44.648724,182.970001,45.196335,78.754967,349.707916,159.625259,105.540001,74.425484,85.489998,33086.234375,80.668129,19.444164,
2023-10-24,408.549622,58.279675,44.899143,182.949997,45.512135,79.385078,353.109894,161.018097,106.269997,75.406166,83.739998,33901.527344,80.676933,19.306833,
2023-10-25,402.686066,57.633163,44.546703,183.720001,44.964134,79.449951,344.467255,158.358139,106.529999,73.727539,85.389999,34502.820312,80.685722,19.386873,
2023-10-26,397.864044,57.286488,44.305561,184.009995,44.601887,78.634506,337.899292,158.764435,106.599998,74.858421,83.209999,34156.648438,80.720894,19.289139,
2023-10-27,396.060638,57.117832,44.268456,186.149994,44.453281,78.931023,339.521606,156.897614,106.559998,74.540367,85.540001,33909.800781,80.747284,19.496405,
2023-10-28,,,,,,,,,,,,34089.574219,,,
2023-10-29,,,,,,,,,,,,34538.480469,,,
2023-10-30,400.795868,57.567581,44.472507,185.100006,44.926975,79.032967,343.346436,157.768158,106.120003,74.204628,82.309998,34502.363281,80.756081,19.311047,
2023-10-31,403.312927,57.773705,44.611626,184.089996,44.778362,81.293961,344.988373,159.131943,106.660004,73.842384,81.019997,34667.781250,80.756081,19.189720,
2023-11-01,407.614136,58.354633,45.010441,183.509995,45.391380,82.100136,350.976227,160.041168,106.879997,75.443466,80.440002,35437.253906,80.780823,19.155176,
2023-11-02,415.425781,59.329086,45.641125,184.119995,46.338779,83.184288,357.347656,164.306732,106.120003,77.163322,82.459999,34938.242188,80.807327,19.306833,
2023-11-03,419.215942,59.975601,46.095589,184.789993,47.072552,84.018257,361.546082,168.775467,105.019997,77.686378,80.510002,34732.324219,80.816147,19.256279,
2023-11-04,,,,,,,,,,,,35082.195312,,,
2023-11-05,,,,,,,,,,,,35049.355469,,,
2023-11-06,420.180328,59.928745,46.002842,183.350006,47.518387,83.119415,363.020905,166.666840,105.220001,76.932831,80.820000,35037.371094,80.824989,19.327896,
2023-11-07,421.376160,59.928745,46.058487,182.589996,47.388351,82.665382,366.452423,166.076813,105.540001,78.067574,77.370003,35443.562500,80.842667,19.007729,
2023-11-08,421.684784,59.910004,46.095589,180.770004,47.081837,81.219818,366.688446,164.306732,105.589996,79.397377,75.330002,35655.277344,80.851501,18.839222,
2023-11-09,418.396149,59.544590,45.826614,181.490005,46.738174,82.164993,363.866547,161.762894,105.910004,77.571114,75.739998,36693.125000,80.895668,18.805521,
2023-11-10,424.925171,60.162987,46.132687,179.509995,47.221157,83.100899,372.047119,163.571625,105.860001,78.005531,77.169998,37313.968750,80.904503,18.788670,
2023-11-11,,,,,,,,,,,,37138.050781,,,
2023-11-12,,,,,,,,,,,,37054.519531,,,
2023-11-13,424.520172,60.078667,46.141968,180.509995,47.035400,83.341827,370.886902,163.629669,105.660004,77.828224,78.260002,36502.355469,80.913322,19.025425,
2023-11-14,432.756104,61.352955,46.985973,182.119995,48.280014,84.463058,378.870758,172.615433,104.110001,79.592422,78.260002,35537.640625,80.922180,19.091984,
2023-11-15,433.672302,61.390419,46.967422,181.639999,48.465782,83.990471,379.155853,172.915237,104.389999,78.475388,76.660004,37880.582031,80.939850,19.033005,
2023-11-16,434.202728,61.362309,47.004517,183.690002,48.521507,83.814384,379.480347,170.119888,104.370003,79.450554,72.900002,36154.769531,80.975189,18.783615,
2023-11-17,434.742798,61.737099,47.245663,183.669998,48.586529,84.824440,379.568817,172.450989,103.820000,79.822876,75.889999,36596.683594,80.992821,18.946224,
2023-11-18,,,,,,,,,,,,36585.703125,,,
2023-11-19,,,,,,,,,,,,37386.546875,,,
2023-11-20,438.089264,62.036934,47.412601,183.369995,49.004494,83.925606,384.190063,173.456940,103.470001,80.310509,77.599998,37476.957031,80.992821,19.089458,
2023-11-21,437.134491,61.933872,47.329140,185.350006,48.828022,83.388138,381.958099,171.222580,103.589996,80.275032,77.769997,35813.812500,81.019356,19.260494,
2023-11-22,438.822205,62.046299,47.458984,184.559998,48.716560,84.648384,383.521423,172.296234,103.919998,80.558731,77.099998,37432.339844,81.054688,19.075134,
2023-11-23,,,,,,,,,,,,37289.621094,,,
2023-11-24,439.092224,62.149376,47.468254,185.520004,48.651539,85.028313,382.980652,173.456940,103.400002,79.610161,75.540001,37720.281250,81.063522,19.020369,
2023-11-25,,,,,,,,,,,,37796.792969,,,
2023-11-26,,,,,,,,,,,,37479.121094,,,
2023-11-27,438.301453,62.074417,47.468254,186.770004,48.605103,84.574249,382.646393,172.876572,103.199997,80.939919,74.860001,37254.167969,81.072327,18.928530,
2023-11-28,438.735474,62.149376,47.570278,189.259995,49.143814,83.962669,383.649292,172.209183,102.750000,81.099503,76.410004,37831.085938,81.090004,19.214153,
2023-11-29,438.426727,62.280552,47.709389,189.539993,49.078800,83.601280,383.275665,173.118378,102.769997,82.119003,77.860001,37858.492188,81.098854,19.327896,
2023-11-30,440.153137,62.308655,47.672298,188.750000,49.115952,84.435265,382.312073,173.776138,103.500000,81.170418,75.959999,37712.746094,81.134209,19.100409,
2023-12-01,442.757019,62.870842,48.098938,192.009995,49.552494,84.564995,383.403442,178.854172,103.269997,82.699203,74.070000,38688.750000,81.151070,19.125687,
2023-12-02,,,,,,,,,,,,39476.332031,,,
2023-12-03,,,,,,,,,,,,39978.390625,,,
2023-12-04,440.432800,62.496040,47.839252,187.860001,49.115952,83.536423,379.844177,180.769333,103.639999,82.370140,73.040001,41980.097656,81.151070,18.881351,
2023-12-05,440.345947,62.449207,47.885612,187.149994,49.023067,83.110176,380.797882,178.351196,104.050003,84.139908,72.320000,44080.648438,81.168816,18.763395,
2023-12-06,438.571472,62.449207,48.043289,187.839996,48.967342,84.027550,378.595428,178.031998,104.150002,85.260490,69.379997,43746.445312,81.177681,18.544333,
2023-12-07,441.917908,62.739670,48.071114,188.149994,49.236694,82.600517,383.885254,179.318451,103.540001,84.771332,69.339996,43292.664062,81.213165,18.594885,
2023-12-08,443.817871,62.823994,48.071114,185.639999,49.218121,82.591248,385.596069,180.682281,104.010002,84.077652,71.230003,44166.601562,81.230942,18.535906,
2023-12-09,,,,,,,,,,,,43725.984375,,,
2023-12-10,,,,,,,,,,,,43779.699219,,,
2023-12-11,445.544067,63.020756,48.200958,183.589996,49.422462,83.740280,388.889954,181.059509,104.099998,83.899803,71.320000,41243.832031,81.248688,18.514843,
2023-12-12,447.579010,63.161304,48.312267,183.490005,49.357449,83.193558,391.987091,180.875717,103.870003,84.148811,68.610001,41450.222656,81.248688,18.325274,
2023-12-13,453.751160,64.070175,48.961491,187.630005,50.091213,82.776573,396.972076,186.998413,102.870003,86.123123,69.470001,42890.742188,81.257538,18.567923,
2023-12-14,455.207428,64.641724,49.295387,188.729996,50.797112,81.266151,396.628021,192.202240,101.959999,88.363457,71.580002,43023.972656,81.293053,18.839222,
2023-12-15,454.457916,64.304420,49.165535,187.000000,50.499889,80.737961,398.545288,190.586929,102.550003,88.461586,71.430000,41929.757812,81.319679,18.856071,
2023-12-16,,,,,,,,,,,,42240.117188,,,
2023-12-17,,,,,,,,,,,,41364.664062,,,
2023-12-18,457.014282,64.454323,49.221188,187.850006,50.639217,81.219818,401.055634,190.654633,102.510002,87.756737,72.470001,42623.539062,81.329475,18.927689,
2023-12-19,459.793304,64.866600,49.499432,189.130005,50.982876,82.016739,403.104797,194.349564,102.169998,88.229607,73.440002,42270.527344,81.329475,19.041433,
2023-12-20,453.421906,64.229446,49.202637,188.100006,50.200081,81.683144,397.114777,190.547882,102.410004,88.827385,74.220001,43652.250000,81.347305,18.944538,
2023-12-21,457.721161,64.838478,49.527252,189.429993,51.036446,82.202065,401.735382,193.790344,101.839996,88.265320,73.889999,43869.152344,81.400833,18.964417,
2023-12-22,458.641022,64.939644,49.549732,190.270004,51.168003,82.853256,402.336365,195.595993,101.699997,87.863815,73.559998,43997.902344,81.409698,18.955381,
2023-12-23,,,,,,,,,,,,43739.542969,,,
2023-12-24,,,,,,,,,,,,43016.117188,,,
2023-12-25,,,,,,,,,,,,43613.140625,,,
2023-12-26,460.577606,65.194931,49.727695,191.720001,51.619072,82.655067,404.799377,198.139526,101.470001,88.113647,75.570000,42520.402344,81.427544,19.181255,
2023-12-27,461.410370,65.506973,49.943134,192.589996,52.013756,82.560692,405.623413,198.838470,100.989998,89.674988,74.110001,43442.855469,81.427544,19.172222,
2023-12-28,461.584717,65.450241,49.896301,191.470001,52.154713,83.023132,405.426270,198.081284,101.230003,89.023674,71.769997,42627.855469,81.481026,18.964417,
2023-12-29,460.248413,65.289505,49.821365,191.169998,52.070137,83.032578,403.671753,194.848495,101.330002,88.220695,71.650002,42099.402344,81.481026,18.919243,
2023-12-30,,,,,,,,,,,,42156.902344,,,
2023-12-31,,,,,,,,,,,,42265.187500,,,
2024-01-01,,,,,,,,,,,,44167.332031,,,
2024-01-02,457.672729,64.845100,49.465431,190.720001,51.609669,83.070328,396.840607,193.693298,102.199997,87.712143,70.379997,44957.968750,81.489952,18.738543,
2024-01-03,453.935028,64.410141,49.240631,189.130005,51.027046,83.542206,392.641449,188.528625,102.459999,88.077950,72.699997,42848.175781,81.516701,18.865032,
2024-01-04,452.472870,64.268326,49.100128,189.320007,51.064632,84.438789,390.620789,188.159714,102.419998,86.739662,72.190002,44179.921875,81.543465,18.747578,
2024-01-05,453.092651,64.306145,49.118870,189.350006,51.252579,85.269302,391.084106,187.606369,102.410004,85.909912,73.809998,44162.691406,81.552376,18.792753,
2024-01-06,,,,,,,,,,,,43989.195312,,,
2024-01-07,,,,,,,,,,,,43943.097656,,,
2024-01-08,459.560944,64.930199,49.437328,187.869995,51.675457,86.014862,399.166962,190.984711,102.209999,86.757500,70.769997,46970.503906,81.561272,18.548809,
2024-01-09,458.863708,64.703270,49.324932,187.929993,50.961262,85.476921,399.955597,189.276123,102.570000,86.204330,72.239998,46139.730469,81.570206,18.648191,
2024-01-10,461.458832,64.958572,49.484165,187.500000,50.857891,87.524902,402.666260,189.382919,102.360001,85.802818,71.370003,46627.777344,81.588020,18.530739,
2024-01-11,461.255524,64.968018,49.577835,187.869995,50.970661,88.034538,403.504150,187.897598,102.290001,86.284622,72.019997,46368.585938,81.632591,18.701500,26.629999
2024-01-12,461.575012,65.119301,49.652763,189.710007,51.261974,88.279915,403.711121,187.586990,102.400002,86.115105,72.680000,42853.167969,81.650467,18.702404,24.969999
2024-01-13,,,,,,,,,,,,42842.382812,,,
2024-01-14,,,,,,,,,,,,41796.269531,,,
2024-01-15,,,,,,,,,,,,42511.968750,,,
2024-01-16,459.880493,64.457428,49.231262,187.910004,50.124908,89.044380,403.671753,185.266754,103.360001,84.598373,72.400002,43154.945312,81.659355,18.609343,24.719999
2024-01-17,457.324127,64.060303,48.940895,185.839996,49.523483,88.572479,401.394684,183.946472,103.449997,84.464531,72.559998,42742.652344,81.677200,18.476530,24.410000
2024-01-18,461.390961,64.438507,49.175060,187.369995,50.077923,89.487953,407.092102,185.033813,103.540001,83.679398,74.080002,41262.058594,81.712875,18.652710,23.340000
2024-01-19,467.142761,64.920746,49.437328,187.929993,50.698143,89.544548,415.165192,186.810287,103.290001,83.947060,73.410004,41618.406250,81.721771,18.792753,23.799999
2024-01-20,,,,,,,,,,,,41665.585938,,,
2024-01-21,,,,,,,,,,,,41545.785156,,,
2024-01-22,468.130524,65.072029,49.549732,187.220001,50.500801,90.629890,415.707336,190.800293,103.330002,84.446686,75.190002,39507.367188,81.730682,18.747578,22.950001
2024-01-23,469.495728,65.147667,49.568459,187.949997,50.500801,90.007004,417.432343,190.246918,103.620003,83.777542,74.370003,39845.550781,81.739601,18.837929,22.320000
2024-01-24,470.009064,65.298958,49.624664,186.399994,50.782715,89.893753,419.748779,188.683945,103.239998,83.286827,75.089996,40077.074219,81.748528,18.901173,22.600000
2024-01-25,472.565399,65.535339,49.840099,187.139999,50.801514,89.978691,420.261322,190.246918,103.570000,83.831070,77.360001,39933.808594,81.793098,19.063803,22.760000
2024-01-26,471.964996,65.629890,49.858833,187.009995,50.998852,89.450195,417.757629,190.256653,103.470001,83.670494,78.010002,41816.871094,81.802002,19.154152,23.990000
2024-01-27,,,,,,,,,,,,42120.054688,,,
2024-01-28,,,,,,,,,,,,42035.593750,,,
2024-01-29,475.702698,65.970284,50.121101,188.330002,51.384136,90.346764,422.035645,193.586487,103.610001,84.634048,76.779999,43288.246094,81.810951,19.127047,24.670000
2024-01-30,475.334747,65.913551,50.064896,188.589996,51.102222,90.233505,419.226379,191.936127,103.400002,85.401337,77.820000,42952.609375,81.819839,19.161379,24.879999
2024-01-31,467.578522,65.355698,49.812000,188.449997,50.801514,90.497757,411.015381,187.247177,103.269997,86.240028,75.849998,42582.605469,81.828781,19.053864,24.299999
2024-02-01,473.698273,65.960846,50.242867,190.410004,51.384136,90.950783,415.855225,189.732422,103.050003,87.931694,73.820000,43075.773438,81.869949,18.981585,24.540001
2024-02-02,478.685089,66.093201,50.214767,188.610001,51.496906,91.611412,422.883331,188.732483,103.919998,85.989372,72.279999,43185.859375,81.887878,18.761129,24.500000
2024-02-03,,,,,,,,,,,,42992.250000,,,
2024-02-04,,,,,,,,,,,,42583.582031,,,
2024-02-05,476.942108,65.818993,49.961864,187.570007,51.393532,91.460411,422.331390,186.334625,104.449997,84.252983,72.779999,42658.667969,81.887878,18.792753,24.190001
2024-02-06,478.326813,66.140488,50.196037,188.550003,52.023155,91.233902,421.483673,188.014084,104.180000,85.076424,73.309998,43084.671875,81.905785,18.860514,24.600000
2024-02-07,482.316284,66.329605,50.317806,188.500000,52.323864,92.177673,425.820892,187.577271,104.040001,84.664696,73.860001,44318.222656,81.914749,18.949057,25.219999
2024-02-08,482.529358,66.339058,50.252232,188.330002,52.173512,92.338104,426.609406,190.421661,104.150002,84.172417,76.220001,45301.566406,81.950539,19.000557,26.030001
2024-02-09,485.318115,66.584885,50.392731,187.600006,52.427238,92.715622,430.808533,193.518509,104.080002,84.002335,76.839996,47147.199219,81.959511,19.045732,27.150000
2024-02-10,,,,,,,,,,,,47771.277344,,,
2024-02-11,,,,,,,,,,,,48293.917969,,,
2024-02-12,485.105042,66.726730,50.458298,187.110001,52.605785,93.130882,429.123016,197.032791,104.169998,84.100800,76.919998,49958.222656,81.977425,19.009592,28.660000
2024-02-13,478.423615,65.724442,49.802628,184.529999,51.619072,93.895317,422.429932,188.926636,104.959999,82.659729,77.870003,49742.441406,81.977425,18.948154,28.219999
2024-02-14,482.771423,66.339058,50.242867,184.419998,52.427238,94.150146,427.033234,193.314667,104.720001,83.080421,76.639999,51826.695312,81.995316,18.761129,29.549999
2024-02-15,486.102356,66.830734,50.533234,185.660004,52.633976,94.961784,428.304871,198.469574,104.300003,83.510048,78.029999,51938.554688,82.040115,18.792753,29.520000
2024-02-16,483.681610,66.688896,50.420837,186.339996,52.633976,95.122231,424.421143,195.770798,104.279999,83.026718,79.190002,52160.203125,82.058014,18.865032,29.620001
2024-02-17,,,,,,,,,,,,51662.996094,,,
2024-02-18,,,,,,,,,,,,52122.546875,,,
2024-02-19,,,,,,,,,,,,51779.144531,,,
2024-02-20,481.018707,66.518692,50.345898,187.470001,52.915894,95.745094,421.217499,193.071945,104.080002,83.098335,78.180000,52284.875000,82.066963,18.810823,29.670000
2024-02-21,481.454437,66.603806,50.345898,187.479996,52.709156,95.792290,419.531921,192.159409,104.010002,82.507591,77.910004,51839.179688,82.075943,18.819857,29.080000
2024-02-22,491.418365,67.483147,50.851707,187.559998,53.150826,97.321213,431.813995,193.615585,103.959999,82.910347,78.610001,51304.972656,82.120674,18.905689,29.719999
2024-02-23,491.757294,67.558792,50.964096,188.619995,53.028660,97.528824,430.542419,194.052444,103.940002,84.020241,76.489998,50731.949219,82.129669,18.783718,29.160000
2024-02-24,,,,,,,,,,,,51571.101562,,,
2024-02-25,,,,,,,,,,,,51733.238281,,,
2024-02-26,489.956238,67.379143,50.832966,188.199997,52.840717,97.576012,430.315704,195.275650,103.830002,83.769623,77.580002,54522.402344,82.129669,18.935505,31.120001
2024-02-27,490.866425,67.473694,50.870430,188.000000,52.784325,97.981834,431.350708,198.042419,103.830002,83.178871,78.870003,57085.371094,82.147552,18.950865,32.590000
2024-02-28,490.217712,67.265671,50.758030,188.339996,52.399040,97.387268,429.053925,196.411469,103.980003,83.706955,78.540001,62504.789062,82.156532,18.901173,34.450001
2024-02-29,491.980011,67.520981,50.926632,189.309998,52.474216,97.453339,432.730713,197.780304,104.160004,84.297745,78.260002,61198.382812,82.192360,18.991524,35.419998
2024-03-01,496.598877,68.078842,51.291931,192.889999,53.075642,99.161552,439.246338,199.877213,103.860001,84.822998,79.970001,62440.632812,82.214806,19.154152,35.990002
2024-03-02,,,,,,,,,,,,62029.847656,,,
2024-03-03,,,,,,,,,,,,63167.371094,,,
2024-03-04,496.066284,67.984299,51.216999,196.009995,53.225998,98.840660,437.679047,199.692780,103.830002,84.481773,78.739998,68330.414062,82.223824,19.253536,38.650002
2024-03-05,491.108490,67.662811,51.067131,197.190002,52.784325,99.246490,429.822845,197.780304,103.800003,85.684952,78.150002,63801.199219,82.223824,19.217398,35.320000
2024-03-06,493.597107,68.078842,51.338764,198.809998,53.545502,100.567741,432.523773,199.255920,103.370003,86.187752,79.129997,66106.804688,82.241768,19.298712,38.290001
2024-03-07,498.496765,68.646164,51.704067,199.940002,54.099941,99.567360,439.088623,200.916016,102.820000,86.106949,78.930000,66925.484375,82.277756,19.511032,38.630001
2024-03-08,495.504730,68.438148,51.601036,201.630005,53.930794,99.086037,432.750397,200.789810,102.739998,85.954315,78.010002,68300.093750,82.286758,19.488445,39.549999
2024-03-09,,,,,,,,,,,,68498.882812,,,
2024-03-10,,,,,,,,,,,,69019.789062,,,
2024-03-11,495.078613,68.239578,51.488632,202.000000,53.752243,96.349113,431.143738,199.197693,102.870003,85.909401,77.930000,72123.906250,82.295738,19.642040,41.119999
2024-03-12,500.404358,68.721809,51.769630,199.789993,54.175125,97.415573,437.324127,198.925842,102.959999,85.191086,77.559998,71481.289062,82.322716,19.587830,40.730000
2024-03-13,499.619995,68.693443,51.694698,201.190002,53.836823,96.754936,433.962860,199.702515,102.790001,84.778046,79.720001,73083.500000,82.322716,19.777565,41.950001
2024-03-14,498.632385,68.438148,51.451172,200.350006,53.780434,96.736061,432.868713,196.129944,103.360001,83.476151,81.260002,71396.593750,82.358673,19.795635,39.509998
2024-03-15,495.208435,68.116653,51.291931,199.710007,53.338760,98.151711,427.723236,196.498856,103.430000,83.449196,81.040001,69403.773438,82.376640,19.768528,39.389999
2024-03-16,,,,,,,,,,,,65315.117188,,,
2024-03-17,,,,,,,,,,,,68390.625000,,,
2024-03-18,498.151550,68.305763,51.394970,200.029999,53.385757,99.633423,431.802643,195.372742,103.580002,83.197792,82.720001,67548.593750,82.385628,19.913092,38.139999
2024-03-19,500.919769,68.579971,51.544834,199.800003,53.188412,101.200081,432.878540,196.197937,103.809998,83.431244,83.470001,61912.773438,82.403618,19.913092,36.700001
2024-03-20,505.552979,69.156769,51.900768,202.179993,53.789837,102.106094,438.011017,200.081100,103.410004,83.404327,81.680000,67913.671875,82.412598,19.904055,37.549999
2024-03-21,507.223694,69.298584,52.031898,201.970001,54.005974,103.068726,440.083740,202.379959,104.000000,83.583908,81.070000,65491.390625,82.439545,19.940195,37.150002
2024-03-22,506.262054,69.137840,51.956966,200.350006,53.780434,102.969360,440.587097,199.586685,104.430000,84.383026,80.629997,63778.761719,82.448570,19.723354,36.410000
2024-03-23,,,,,,,,,,,,64062.203125,,,
2024-03-24,,,,,,,,,,,,67234.171875,,,
2024-03-25,504.863312,69.014915,51.853935,200.990005,53.912003,102.060814,438.988190,200.044113,104.230003,83.960999,81.949997,69958.812500,82.466530,19.867914,40.549999
2024-03-26,503.930939,68.967644,51.835201,201.639999,53.780434,102.761147,437.566864,199.684006,104.290001,84.194427,81.620003,69987.835938,82.475540,19.732391,39.630001
2024-03-27,508.165771,69.497147,52.153667,203.100006,53.987175,103.026146,439.057251,204.034500,104.349998,85.029495,81.349998,69455.343750,82.529472,19.777565,39.130001
2024-03-28,508.068726,69.459328,52.144306,205.720001,54.099941,102.685448,438.247894,204.676834,104.550003,84.957649,83.169998,70744.953125,82.529472,20.007957,40.470001
2024-03-29,,,,,,,,,,,,69892.828125,,,
2024-03-30,,,,,,,,,,,,69645.304688,,,
2024-03-31,,,,,,,,,,,,71333.648438,,,
2024-04-01,507.184814,69.204033,51.947601,207.820007,53.958981,101.275299,439.175690,202.749802,105.019997,83.373955,83.709999,69702.148438,82.552048,20.093790,39.750000
2024-04-02,503.959991,68.895866,51.732246,210.889999,54.165722,100.925110,435.385529,199.022186,104.820000,82.914520,85.150002,65446.972656,82.570129,20.364840,37.599998
2024-04-03,504.513641,69.028618,51.826290,212.740005,54.278488,101.947243,436.362640,200.326385,104.250000,82.896500,85.430000,65980.812500,82.570129,20.617817,37.540001
2024-04-04,498.355530,68.469185,51.572376,211.520004,54.109348,100.877800,429.690399,198.321426,104.120003,83.491074,86.589996,68508.843750,82.606232,20.599747,39.080002
2024-04-05,503.561737,68.924316,51.751053,215.139999,54.353668,101.474037,434.753845,198.983246,104.300003,82.328957,86.910004,67837.640625,82.624290,20.843691,38.410000
2024-04-06,,,,,,,,,,,,68896.109375,,,
2024-04-07,,,,,,,,,,,,69362.554688,,,
2024-04-08,503.843445,69.028618,51.807476,216.479996,54.729561,102.221695,434.882111,200.073334,104.139999,82.319939,86.430000,71631.359375,82.633331,20.870798,40.950001
2024-04-09,504.426208,69.142403,51.910927,217.669998,55.049065,102.647583,436.490997,200.861649,104.150002,83.085686,85.230003,69139.015625,82.642326,20.843691,39.330002
2024-04-10,499.375366,68.364868,51.318466,215.610001,54.118744,102.004021,432.681061,195.557373,105.250000,81.274971,86.209999,70587.882812,82.660393,20.816587,40.000000
2024-04-11,503.144135,68.630379,51.497143,219.800003,54.504025,103.234360,439.590240,196.881027,105.279999,80.905602,85.019997,70060.609375,82.687508,20.825623,40.169998
2024-04-12,496.199188,67.758034,51.008125,216.889999,53.395145,102.079742,432.582367,193.377289,106.040001,81.338013,85.660004,67195.867188,82.696541,20.852728,38.139999
2024-04-13,,,,,,,,,,,,63821.472656,,,
2024-04-14,,,,,,,,,,,,65738.726562,,,
2024-04-15,489.982788,67.208092,50.631958,220.949997,52.859505,102.581337,425.465942,190.545090,106.209999,80.076828,85.410004,63426.210938,82.714592,20.897902,36.080002
2024-04-16,489.089111,66.895172,50.425064,221.220001,52.135918,100.944054,425.505402,189.844345,106.260002,79.545341,85.360001,63811.863281,82.723633,20.879833,35.750000
2024-04-17,486.194550,66.715012,50.349842,219.589996,52.041950,99.988174,420.313660,187.839417,105.949997,80.428154,82.690002,61276.691406,82.732651,20.621431,34.759998
2024-04-18,485.194092,66.658134,50.293411,220.339996,52.164108,100.054428,417.915222,187.683701,106.150002,80.022789,82.730003,63512.753906,82.777786,20.653959,36.209999
2024-04-19,480.959137,66.392632,50.152351,221.029999,51.854004,99.770493,409.268890,187.975693,106.150002,80.311066,83.139999,63843.570312,82.786835,20.798517,36.669998
2024-04-20,,,,,,,,,,,,64994.441406,,,
2024-04-21,,,,,,,,,,,,64926.644531,,,
2024-04-22,485.388397,66.866737,50.453285,215.570007,52.314468,100.631737,413.384796,190.077927,106.080002,80.175926,82.849998,66837.679688,82.804893,20.672028,37.930000
2024-04-23,491.148254,67.568405,50.867065,215.039993,52.643372,100.754753,419.553650,193.260483,105.690002,80.202942,83.360001,66407.273438,82.813919,20.662992,37.900002
2024-04-24,490.915161,67.454605,50.754215,214.639999,52.633976,101.511887,420.974945,192.394272,105.860001,79.635414,82.809998,64276.898438,82.813919,20.672028,36.410000
2024-04-25,489.050293,67.217560,50.603748,215.919998,52.718552,99.969238,418.941742,191.226364,105.599998,79.076889,83.570000,64481.707031,82.859070,20.753342,36.860001
2024-04-26,493.683472,67.720108,50.961105,216.619995,53.103832,102.174377,425.406708,193.056091,105.940002,79.491264,83.849998,63755.320312,82.859070,20.762379,36.320000
2024-04-27,,,,,,,,,,,,63419.140625,,,
2024-04-28,,,,,,,,,,,,63113.230469,,,
2024-04-29,495.431824,68.033020,51.149193,216.179993,53.658272,101.909378,427.134033,194.613327,105.580002,80.157936,82.629997,63841.121094,82.877136,20.720816,35.869999
2024-04-30,487.583557,67.198608,50.575531,211.869995,53.019257,102.694901,419.079926,190.661880,106.220001,79.473259,81.930000,60636.855469,82.886169,20.367548,33.570000
2024-05-01,486.000305,67.075340,50.566132,213.789993,52.991066,102.155441,416.049744,191.060913,105.760002,80.059059,79.000000,58254.011719,82.902489,20.175102,32.389999
2024-05-02,490.546051,67.795975,51.073952,213.130005,53.771038,101.464569,421.359924,194.574387,105.300003,80.402588,78.949997,59123.433594,82.947815,20.173296,33.799999
2024-05-03,496.626587,68.450226,51.478336,212.960007,54.222111,102.335266,429.828583,196.501450,105.029999,81.216202,78.110001,62889.835938,82.956886,20.206726,35.400002
2024-05-04,,,,,,,,,,,,63891.472656,,,
2024-05-05,,,,,,,,,,,,64031.132812,,,
2024-05-06,501.755157,69.000168,51.751053,215.199997,54.297283,103.707565,434.536713,199.041656,105.050003,81.532608,78.480003,63161.949219,82.956886,20.455189,36.009998
2024-05-07,502.308746,69.057068,51.835690,214.210007,54.024769,102.827400,434.605804,199.489365,105.410004,82.029785,78.379997,62334.816406,82.965965,20.447058,35.930000
2024-05-08,502.357391,68.990692,51.769867,213.580002,54.137531,102.382576,434.349182,198.331177,105.550003,81.532608,78.989998,61187.941406,82.984108,20.400980,35.380001
2024-05-09,505.251892,69.360481,51.995571,216.949997,54.005974,103.035614,435.296661,200.355545,105.230003,81.930351,79.260002,63049.960938,83.029411,20.509398,35.580002
2024-05-10,505.902740,69.417381,51.995571,218.710007,54.043560,102.846329,436.323212,198.847015,105.309998,81.469322,78.260002,60792.777344,83.029411,20.509398,34.580002
2024-05-11,,,,,,,,,,,,60793.710938,,,
2024-05-12,,,,,,,,,,,,61448.394531,,,
2024-05-13,505.970642,69.483749,52.004967,216.259995,54.165722,102.590790,437.329956,199.265518,105.220001,81.677223,79.120003,62901.449219,83.047592,20.554573,36.000000
2024-05-14,508.292145,69.806152,52.249470,218.089996,54.682568,103.234360,440.143005,201.328827,105.010002,82.138275,78.019997,61552.789062,83.056648,20.482292,35.070000
2024-05-15,514.586304,70.488838,52.738503,220.889999,55.237007,103.376312,447.022491,203.839844,104.349998,83.259247,78.629997,66267.492188,83.065712,20.590714,37.669998
2024-05-16,513.527527,70.337128,52.616238,220.029999,55.077259,102.297409,446.114502,202.370224,104.459999,83.177902,79.230003,65231.582031,83.101997,20.608784,37.150002
2024-05-17,514.265686,70.394020,52.644447,223.660004,55.255802,103.035614,445.897339,202.516220,104.449997,82.617409,80.059998,67051.875000,83.111069,20.870798,38.279999
2024-05-18,,,,,,,,,,,,66940.804688,,,
2024-05-19,,,,,,,,,,,,66278.367188,,,
2024-05-20,514.858215,70.479362,52.616238,224.559998,55.161831,104.445763,449.006378,202.963882,104.570000,82.373329,79.800003,71448.195312,83.129181,21.024391,39.970001
2024-05-21,516.120972,70.498314,52.691475,224.229996,55.002083,103.963097,449.884857,202.769257,104.660004,82.798218,79.260002,70136.531250,83.138268,20.970181,39.470001
2024-05-22,514.634827,70.213852,52.465775,220.110001,54.936298,102.855797,449.796051,201.056305,104.940002,82.897652,77.570000,69122.335938,83.156395,20.735273,39.709999
2024-05-23,510.875885,69.654419,52.174248,215.720001,54.767147,102.420441,447.772675,197.756958,105.110001,82.364273,76.870003,67929.562500,83.210815,20.588907,38.270000
2024-05-24,514.256042,70.175934,52.428154,215.919998,55.039669,103.707565,452.007019,199.946793,104.720001,82.608337,77.720001,68526.101562,83.219864,20.626854,39.459999
2024-05-25,,,,,,,,,,,,69265.945312,,,
2024-05-26,,,,,,,,,,,,68518.093750,,,
2024-05-27,,,,,,,,,,,,69394.554688,,,
2024-05-28,514.615417,70.033707,52.343517,218.190002,54.955090,104.559334,453.714569,199.674286,104.610001,81.424133,79.830002,68296.218750,83.210815,20.992769,38.980000
2024-05-29,511.011780,69.398430,51.929733,216.160004,54.015369,102.978821,450.516541,196.725296,105.099998,80.438744,79.230003,67578.093750,83.228958,20.717203,38.320000
2024-05-30,507.621918,69.426865,52.023773,216.570007,53.780434,103.556129,445.690033,198.593979,104.720001,81.216202,77.910004,68364.992188,83.247070,20.581680,39.160000
2024-05-31,512.245422,69.872513,52.324715,215.300003,53.470329,105.155571,444.860962,200.267960,104.669998,81.767647,76.989998,67491.414062,83.265213,20.410013,38.549999
2024-06-01,,,,,,,,,,,,67706.937500,,,
2024-06-02,,,,,,,,,,,,67751.601562,,,
2024-06-03,512.663147,70.033707,52.512791,217.220001,54.212711,105.127182,447.249512,199.138977,104.139999,83.090179,74.220001,68804.781250,83.278877,20.256418,39.439999
2024-06-04,513.236145,69.967331,52.465775,215.270004,52.972275,103.953621,448.473480,196.569580,104.110001,84.060783,73.250000,70567.765625,83.297096,20.102823,40.169998
2024-06-05,519.336060,70.583664,52.851341,217.820007,54.090542,103.915771,457.514526,199.576950,104.269997,84.677620,74.070000,71082.820312,83.306190,20.247385,40.669998
2024-06-06,519.326294,70.640549,52.841938,219.429993,54.457043,103.773804,457.356659,198.146271,104.099998,84.550613,75.550003,70757.164062,83.315308,20.473259,40.160000
2024-06-07,518.694946,70.261269,52.550407,211.600006,54.034161,103.896843,456.951996,195.820129,104.889999,82.999458,75.529999,69342.585938,83.351746,20.084753,39.419998
2024-06-08,,,,,,,,,,,,69305.773438,,,
2024-06-09,,,,,,,,,,,,69647.992188,,,
2024-06-10,520.297607,70.413002,52.597427,213.539993,54.391262,105.117714,458.797699,196.491730,105.150002,82.446136,77.739998,69512.281250,83.369972,20.283524,39.590000
2024-06-11,521.550659,70.242310,52.616238,214.149994,54.221607,104.048279,461.946289,195.820221,105.230003,83.298820,77.900002,67332.031250,83.379051,20.319664,38.430000
2024-06-12,525.834045,70.915543,53.001816,214.720001,54.913471,104.606644,467.996704,198.826263,104.650002,83.924713,78.500000,68241.187500,83.397270,20.364840,38.450001
2024-06-13,526.892883,70.782784,52.954788,212.970001,54.780792,102.524551,470.533386,197.089020,105.199997,85.158386,78.620003,66756.398438,83.406395,20.428085,37.900002
2024-06-14,527.213440,70.593140,52.907761,215.729996,54.960869,102.940964,472.971375,193.956116,105.550003,85.874985,78.449997,66011.093750,83.451942,20.437119,37.299999
2024-06-15,,,,,,,,,,,,66191.000000,,,
2024-06-16,,,,,,,,,,,,66639.046875,,,
2024-06-17,531.409607,70.962921,53.058231,214.610001,55.254669,102.231171,478.765167,195.585999,105.320000,85.022324,80.330002,66490.296875,83.461067,20.328697,37.980000
2024-06-18,532.759583,71.190514,53.236916,215.470001,55.880196,102.297409,478.913177,195.927597,105.260002,85.802406,81.570000,65140.746094,83.479286,20.509398,36.639999
2024-06-19,,,,,,,,,,,,64960.296875,,,
2024-06-20,531.312378,71.076729,53.152275,218.160004,55.851765,102.836861,475.221771,195.098007,105.589996,85.230934,82.169998,64828.656250,83.497467,20.527468,37.040001
2024-06-21,530.600098,70.934486,53.067635,214.779999,55.709595,102.562408,473.948456,195.537231,105.800003,85.230934,80.730003,64096.199219,83.524803,20.324183,36.580002
2024-06-22,,,,,,,,,,,,64252.578125,,,
2024-06-23,,,,,,,,,,,,63180.796875,,,
2024-06-24,528.875305,71.000862,53.095848,215.630005,55.576912,103.414169,468.552765,196.386322,105.470001,85.575638,81.629997,60277.414062,83.543030,20.473259,33.764999
2024-06-25,530.911926,71.114639,53.171082,214.559998,55.662212,105.199997,473.910980,195.742172,105.610001,85.720749,80.830002,61804.640625,83.543030,20.328697,35.299999
2024-06-26,531.574524,70.925018,53.039421,212.580002,55.501091,105.570854,474.889648,195.224899,106.050003,84.496178,80.900002,60811.277344,83.552139,20.264551,34.709999
2024-06-27,532.412598,71.038788,53.077042,214.990005,55.937061,106.160423,476.115479,197.206161,105.910004,84.831825,81.739998,61604.800781,83.570366,20.419048,34.980000
2024-06-28,530.317444,70.906052,52.964199,215.009995,56.107658,107.282494,473.644073,198.016190,105.870003,83.253487,81.540001,60320.136719,83.597694,20.324183,34.139999
2024-06-29,,,,,,,,,,,,60887.378906,,,
2024-06-30,,,,,,,,,,,,62678.292969,,,
2024-07-01,531.408997,70.906052,52.898365,215.570007,56.117134,107.158890,476.421936,196.357040,105.900002,81.816612,83.379997,62851.980469,83.626961,20.464222,36.000000
2024-07-02,534.985107,71.208832,53.139050,215.559998,56.249821,108.822990,481.424225,197.030472,105.720001,82.453590,82.809998,62029.015625,83.636078,20.541021,35.220001
2024-07-03,537.372620,71.734184,53.499115,217.990005,56.970127,109.897522,485.437958,196.981659,105.400002,83.536469,83.879997,60173.921875,83.663536,20.626854,34.439999
2024-07-04,,,,,,,,,,,,56977.703125,,,
2024-07-05,540.471313,72.106705,53.736004,220.929993,57.605125,109.545685,490.499512,196.044724,104.879997,84.228065,83.160004,56662.375000,83.690987,20.762379,32.200001
2024-07-06,,,,,,,,,,,,58303.539062,,,
2024-07-07,,,,,,,,,,,,55849.109375,,,
2024-07-08,541.095032,72.068504,53.726524,218.190002,57.861023,109.032196,491.666046,197.420853,105.010002,84.410065,82.330002,56705.097656,83.709274,20.482292,32.160000
2024-07-09,541.621155,72.020744,53.717052,218.559998,57.917889,109.545685,492.091095,196.561996,105.120003,84.036942,81.410004,58009.226562,83.709274,20.355804,32.959999
2024-07-10,546.980713,72.670273,54.086601,219.360001,58.420204,111.742310,497.221924,198.484680,105.050003,84.300850,82.099998,57742.496094,83.727562,20.310629,32.669998
2024-07-11,542.264221,72.632057,54.115032,223.250000,58.496029,109.669304,486.317719,205.619064,104.440002,85.119835,82.620003,57344.914062,83.736717,20.572643,32.700001
2024-07-12,545.684631,73.042786,54.361385,223.110001,58.609756,109.374512,489.174774,208.020004,104.089996,85.483849,82.209999,57899.464844,83.773323,20.482292,32.849998
2024-07-13,,,,,,,,,,,,59231.953125,,,
2024-07-14,,,,,,,,,,,,60787.792969,,,
2024-07-15,547.185303,72.928169,54.304543,223.830002,58.192741,109.070229,490.489594,211.972672,104.190002,84.501060,81.910004,64870.152344,83.791611,20.400980,36.150002
2024-07-16,550.430176,73.463066,54.626701,228.289993,58.628716,110.981567,490.677460,219.204681,104.269997,85.693130,80.760002,65097.148438,83.791611,20.373873,37.169998
2024-07-17,542.712524,72.784882,54.238213,227.229996,57.567223,108.965622,476.273621,216.911163,103.750000,85.711342,82.849998,64118.792969,83.819069,20.410013,36.840000
2024-07-18,538.541870,72.192680,53.934990,225.779999,57.045940,108.414093,474.019714,212.714432,104.169998,85.056145,82.820000,63974.066406,83.828186,20.274490,36.220001
2024-07-19,534.965576,71.762840,53.622292,221.729996,56.429897,107.843536,469.818146,211.631073,104.400002,84.555641,80.129997,66710.156250,83.855629,19.959167,38.400002
2024-07-20,,,,,,,,,,,,67163.648438,,,
2024-07-21,,,,,,,,,,,,68154.523438,,,
2024-07-22,540.481140,72.364624,53.934990,221.800003,56.714226,107.881584,476.817413,214.998215,104.309998,84.309959,79.779999,67585.250000,83.873955,20.075718,38.930000
2024-07-23,539.633301,72.164024,53.849716,222.580002,56.382515,107.073311,475.136749,217.282028,104.449997,84.191650,76.959999,65927.671875,83.873955,19.994404,37.340000
2024-07-24,527.403809,71.036903,53.205368,221.800003,55.557957,103.935272,458.093445,212.616837,104.389999,83.281662,77.589996,65372.132812,83.901382,19.967300,37.419998
2024-07-25,524.655945,70.855415,53.101143,218.330002,55.520046,102.195091,453.041779,215.271515,104.360001,83.964172,78.279999,65777.226562,83.901382,19.940195,36.830002
2024-07-26,530.531860,71.514503,53.537018,220.630005,56.164524,103.688042,457.688141,218.833817,104.320000,84.619354,77.160004,67912.062500,83.947105,19.795635,38.790001
2024-07-27,,,,,,,,,,,,67813.335938,,,
2024-07-28,,,,,,,,,,,,68255.867188,,,
2024-07-29,530.843750,71.485832,53.518063,220.320007,55.946537,104.211044,458.607513,216.403595,104.559998,85.074333,75.809998,66819.914062,83.947105,19.705284,38.340000
2024-07-30,528.154114,71.428535,53.499115,222.520004,55.804375,103.859207,452.310211,217.223465,104.550003,85.401932,74.730003,66201.015625,83.956268,19.723354,37.549999
2024-07-31,536.739136,72.355057,54.077129,226.550003,57.074383,104.249069,465.695709,218.482452,104.099998,86.275513,77.910004,64619.250000,83.974541,20.048615,37.180000
2024-08-01,529.138428,71.323471,53.546494,225.770004,56.022358,99.266273,454.415894,211.377350,104.419998,87.019615,76.309998,65357.500000,83.994774,19.904055,36.070000
2024-08-02,519.286743,70.435143,53.176941,225.339996,54.989300,91.849113,443.630371,203.901337,103.209999,89.731285,73.519997,61415.066406,84.040703,19.642040,35.610001
2024-08-03,,,,,,,,,,,,60680.093750,,,
2024-08-04,,,,,,,,,,,,58116.976562,,,
2024-08-05,504.163239,68.878197,52.286236,222.479996,53.112724,86.942375,430.403046,197.342789,102.690002,90.206062,72.940002,53991.457031,84.040703,19.533623,30.480000
2024-08-06,508.811371,69.241165,52.428379,220.699997,53.397053,87.493912,434.515503,199.489929,102.970001,88.188278,73.199997,56034.316406,84.059074,19.443272,32.340000
2024-08-07,505.410431,69.126534,52.257812,220.550003,53.823547,90.736534,429.809906,197.128036,103.199997,87.567459,75.230003,55027.460938,84.077454,19.569759,31.190001
2024-08-08,517.094177,70.244110,52.911625,224.009995,55.084072,93.132851,442.958160,201.920105,103.209999,87.028732,76.190002,61710.136719,84.086647,19.705284,33.880001
2024-08-09,519.374329,70.482910,53.129566,224.559998,55.510567,92.733475,445.271454,201.500443,103.139999,87.887009,76.839996,60880.113281,84.104996,19.786600,34.599998
2024-08-10,,,,,,,,,,,,60945.812500,,,
2024-08-11,,,,,,,,,,,,58719.484375,,,
2024-08-12,519.647217,70.473343,53.176941,228.410004,55.643253,93.646355,446.230408,199.685089,103.139999,88.206558,80.059998,59354.515625,84.132584,20.003439,33.639999
2024-08-13,528.193054,71.485832,53.726524,228.059998,56.278259,96.147263,457.302521,202.974182,102.559998,88.818268,78.349998,60609.566406,84.141792,19.876949,34.639999
2024-08-14,529.859558,71.638672,53.868664,226.199997,56.249821,96.946030,457.450928,201.715134,102.570000,89.375206,76.980003,58737.269531,84.150955,19.773048,33.560001
2024-08-15,538.941406,72.393265,54.238213,226.910004,56.752136,100.559525,469.007568,206.946396,102.980003,88.653931,78.160004,57560.097656,84.160141,19.813705,32.500000
2024-08-16,540.149780,72.670273,54.437199,231.990005,57.339748,100.131615,469.610596,207.492981,102.459999,88.964340,76.650002,58894.105469,84.206100,19.840811,34.029999
2024-08-17,,,,,,,,,,,,59478.972656,,,
2024-08-18,,,,,,,,,,,,58483.964844,,,
2024-08-19,545.314209,73.243378,54.787796,231.610001,57.955803,100.711670,475.779358,210.030487,101.889999,89.375206,74.370003,59493.453125,84.206100,19.804670,33.619999
2024-08-20,544.427673,73.147865,54.759365,232.460007,57.756767,99.133141,474.780914,207.580765,101.440002,90.087349,74.040001,59012.792969,84.224457,19.813705,33.919998
2024-08-21,546.298645,73.501274,54.996262,232.149994,57.870502,100.046021,476.995300,210.284256,101.040001,90.142166,71.930000,61175.191406,84.242851,19.759497,35.130001
2024-08-22,542.010986,73.014137,54.607758,229.369995,57.017513,100.112587,469.432587,208.429886,101.510002,89.247391,73.010002,60381.914062,84.242851,19.651075,34.349998
2024-08-23,547.770081,73.921555,55.223671,232.020004,58.088490,100.977936,474.523865,215.086075,100.720001,89.831711,74.830002,64094.355469,84.279602,19.940195,36.279999
2024-08-24,,,,,,,,,,,,64178.992188,,,
2024-08-25,,,,,,,,,,,,64333.542969,,,
2024-08-26,546.464172,73.673203,55.109962,232.759995,57.747292,99.427917,469.917023,215.154373,100.849998,89.603455,77.419998,62880.660156,84.288795,20.111860,36.090000
2024-08-27,547.214600,73.778290,55.138390,233.389999,57.813633,100.017487,471.320892,213.485474,100.550003,89.448250,75.529999,59504.132812,84.307152,20.075718,35.380001
2024-08-28,544.037781,73.472641,54.892021,231.750000,57.614605,100.074547,465.972565,212.041000,101.089996,89.338692,74.519997,59027.625000,84.316345,19.858879,33.520000
2024-08-29,544.086487,73.510834,54.929928,232.949997,57.519825,100.645103,465.290405,213.553772,101.339996,89.046524,75.910004,59388.179688,84.316345,20.080238,33.689999
2024-08-30,549.280334,73.892914,55.147869,231.289993,57.491398,102.242645,470.836426,214.793259,101.699997,88.096977,73.550003,59119.476562,84.362267,19.895020,33.369999
2024-08-31,,,,,,,,,,,,58969.898438,,,
2024-09-01,,,,,,,,,,,,57325.488281,,,
2024-09-02,,,,,,,,,,,,59112.480469,,,
2024-09-03,537.976685,72.727577,54.550903,230.289993,56.202438,100.721169,456.541412,208.224915,101.830002,89.537834,70.339996,57431.023438,84.395515,19.660110,32.980000
2024-09-04,536.875549,72.718025,54.579330,230.429993,56.202438,98.305840,455.355072,207.873581,101.360001,90.691994,69.199997,57971.539062,84.404716,19.506517,33.040001
2024-09-05,535.569824,72.603416,54.550903,232.350006,56.496243,98.629150,455.780151,206.839020,101.110001,91.204918,69.150002,56160.488281,84.413963,19.594154,31.850000
2024-09-06,526.556091,71.648232,54.001320,230.630005,55.358925,94.483154,443.571045,202.905838,101.180000,91.195778,67.669998,53948.753906,84.460075,19.352922,30.410000
2024-09-07,,,,,,,,,,,,54139.687500,,,
2024-09-08,,,,,,,,,,,,54841.566406,,,
2024-09-09,532.451477,72.240433,54.389820,231.600006,56.012882,96.546646,449.275238,203.471909,101.550003,91.589661,68.709999,57019.535156,84.460075,19.470375,32.509998
2024-09-10,534.770752,72.383720,54.494049,232.619995,55.823330,95.453087,453.427338,203.306000,101.629997,92.230858,65.750000,57648.710938,84.487778,19.235468,33.000000
2024-09-11,540.256958,72.899513,54.787796,232.250000,56.155045,95.966583,463.273682,203.901337,101.680000,92.157570,67.309998,57343.171875,84.487778,19.393579,32.799999
2024-09-12,544.807617,73.319794,55.005730,236.330002,56.771095,96.803406,467.821198,206.526733,101.370003,91.727043,68.970001,58127.011719,84.496979,19.681795,33.250000
2024-09-13,547.653076,73.692314,55.242622,238.679993,57.026989,95.690811,469.917023,211.621338,101.110001,91.974358,68.650002,60571.300781,84.543159,19.741425,34.040001
2024-09-14,,,,,,,,,,,,60005.121094,,,
2024-09-15,,,,,,,,,,,,59182.835938,,,
2024-09-16,548.461853,73.959770,55.422657,238.660004,57.169151,96.442039,467.841003,212.382599,100.760002,92.817078,70.089996,58192.507812,84.561607,19.846230,32.980000
2024-09-17,548.686035,73.845139,55.375271,237.339996,57.131241,96.365974,468.088135,214.139359,100.889999,92.368225,71.190002,60308.539062,84.570816,19.937485,34.099998
2024-09-18,547.058594,73.654106,55.204720,235.509995,56.960648,96.318428,466.061554,214.178391,100.599998,91.223251,70.910004,61649.679688,84.589272,19.876949,34.150002
2024-09-19,556.393982,74.723915,55.811157,239.169998,57.932106,98.923943,477.845520,218.589828,100.610001,90.920982,71.949997,62940.457031,84.607758,20.157034,36.009998
2024-09-20,555.432007,74.475571,55.687973,242.210007,57.756767,100.084068,476.936035,216.247513,100.720001,90.572891,71.919998,63192.976562,84.644646,20.238348,35.799999
2024-09-21,,,,,,,,,,,,63394.839844,,,
2024-09-22,,,,,,,,,,,,63648.710938,,,
2024-09-23,556.820007,74.695244,55.773258,242.679993,58.060051,100.511971,478.200256,215.456909,100.919998,90.380531,70.370003,63329.800781,84.653885,20.328697,36.040001
2024-09-24,558.413391,75.058228,56.029099,246.070007,59.045731,99.599083,480.506836,215.818054,100.370003,90.362221,71.559998,64301.968750,84.663101,20.582582,36.639999
2024-09-25,557.181702,74.762115,55.830112,245.729996,58.581326,100.375084,480.952332,213.185654,100.919998,89.611130,69.690002,63143.144531,84.681557,20.545538,35.970001
2024-09-26,559.390808,75.507156,56.199657,246.979996,59.699688,103.374336,484.565796,214.321671,100.559998,89.821800,67.669998,65181.019531,84.681557,20.459707,36.840000
2024-09-27,558.579468,75.392540,56.171227,245.020004,59.197372,98.975426,481.873016,215.771027,100.419998,90.288948,68.180000,65790.664062,84.709229,20.473259,37.389999
2024-09-28,,,,,,,,,,,,65887.648438,,,
2024-09-29,,,,,,,,,,,,65635.304688,,,
2024-09-30,560.817749,75.373444,56.133327,243.059998,57.917889,100.927330,483.179840,216.319443,100.779999,89.858429,68.169998,63329.500000,84.718460,20.423565,36.130001
2024-10-01,555.793762,74.972260,56.019611,245.610001,57.538780,101.165367,476.447937,213.381531,101.190002,90.507187,69.830002,60837.007812,84.737930,20.590714,35.130001
2024-10-02,556.028259,75.055641,55.972019,245.660004,57.538780,102.631668,477.121185,213.087738,101.680000,89.744484,70.099998,60632.785156,84.747192,20.672932,34.240002
2024-10-03,555.011780,74.720177,55.705490,245.490005,57.083858,102.431725,476.764801,211.657974,101.989998,88.899055,73.709999,60759.402344,84.765724,20.915068,34.720001
2024-10-04,560.055420,75.132309,55.905388,245.000000,57.026989,105.383377,482.437317,214.615448,102.519997,87.805496,74.379997,62067.476562,84.784241,20.879833,35.520000
2024-10-05,,,,,,,,,,,,62089.949219,,,
2024-10-06,,,,,,,,,,,,62818.953125,,,
2024-10-07,554.992249,74.624344,55.648373,244.169998,56.733185,103.812340,477.269653,212.931030,102.540001,87.143867,77.139999,62236.660156,84.802773,21.046980,36.060001
2024-10-08,560.241089,74.863960,55.715000,242.369995,57.188110,103.907539,484.397491,213.077927,102.550003,87.290886,73.570000,62131.968750,84.802773,20.644922,35.400002
2024-10-09,564.121582,75.007729,55.781643,241.050003,57.292366,103.945633,488.208923,213.548004,102.930000,86.794655,73.239998,60582.101562,84.812057,20.554573,34.680000
2024-10-10,563.134399,74.978973,55.724529,242.820007,57.292366,103.612381,487.654510,212.363052,102.989998,86.454643,75.849998,60274.500000,84.821304,20.825623,33.950001
2024-10-11,566.506531,75.371925,55.943466,245.470001,57.661995,104.488350,488.416779,216.681793,102.889999,86.105461,75.559998,62445.089844,84.867645,20.852728,35.939999
2024-10-12,,,,,,,,,,,,63193.023438,,,
2024-10-13,,,,,,,,,,,,62851.375000,,,
2024-10-14,571.139709,75.611534,56.171917,245.070007,57.804161,104.888260,492.515350,218.278076,103.300003,86.169754,73.830002,66046.125000,84.858368,20.699133,37.570000
2024-10-15,566.702026,75.065208,55.876827,245.919998,57.197586,102.593582,485.931976,218.454361,103.260002,87.217392,70.580002,67041.109375,84.886177,20.403688,38.169998
2024-10-16,569.165222,75.381508,56.067215,247.149994,57.557743,103.564766,485.991364,222.048416,103.589996,87.584946,70.389999,67612.718750,84.886177,20.336832,38.580002
2024-10-17,569.214050,75.333588,55.924423,248.630005,57.889458,103.536209,486.327942,221.441238,103.830002,86.197334,70.669998,67399.835938,84.904709,20.396461,38.049999
2024-10-18,571.403625,75.592377,56.162403,251.270004,57.842068,103.612381,489.515717,220.980957,103.489998,86.261673,69.220001,68418.789062,84.932480,20.283524,39.070000
2024-10-19,,,,,,,,,,,,68362.734375,,,
2024-10-20,,,,,,,,,,,,69001.703125,,,
2024-10-21,570.465210,75.170654,55.810196,251.220001,57.567223,102.488838,490.456207,217.504410,104.010002,84.754601,70.559998,67367.851562,84.951027,20.391943,38.570000
2024-10-22,570.162231,75.093979,55.753082,253.929993,57.226021,101.603355,490.990753,216.681793,104.080002,84.837303,72.089996,67361.406250,84.960297,20.635887,38.410000
2024-10-23,564.952332,74.509331,55.400879,250.869995,56.875347,100.727386,483.466888,214.703613,104.430000,84.607567,70.769997,66432.195312,84.960297,20.554573,37.810001
2024-10-24,566.174194,74.633934,55.515106,252.800003,56.894306,100.927330,487.387238,215.173676,104.059998,85.149750,70.190002,68161.054688,84.969543,20.550056,38.869999
2024-10-25,565.978760,74.499748,55.391361,253.320007,56.818481,101.203461,490.357208,214.360825,104.260002,84.671890,71.779999,66642.414062,85.006622,20.622335,38.009998
2024-10-26,,,,,,,,,,,,67014.695312,,,
2024-10-27,,,,,,,,,,,,67929.296875,,,
2024-10-28,567.728333,74.844788,55.553185,253.330002,56.780571,102.660233,490.436371,217.856949,104.320000,84.442146,67.379997,69907.757812,85.006622,20.419048,39.669998
2024-10-29,568.647095,74.768112,55.562698,256.089996,56.733185,103.593346,495.148712,217.151886,104.279999,84.570824,67.209999,72720.492188,85.025139,20.323277,41.330002
2024-10-30,566.926880,74.557251,55.400879,257.500000,56.287735,103.517166,491.406586,216.858093,103.989998,84.818924,68.610001,72339.539062,85.034409,20.541021,40.880001
2024-10-31,555.813293,73.627548,54.867813,253.509995,55.823330,102.422188,479.002106,213.254211,103.980003,84.956749,69.260002,70215.187500,85.052933,20.644922,39.779999
2024-11-01,558.159058,73.809669,54.953487,252.470001,55.956020,103.003006,482.546234,214.448959,104.279999,83.759010,69.489998,69482.468750,85.089218,20.473259,39.369999
2024-11-02,,,,,,,,,,,,69289.273438,,,
2024-11-03,,,,,,,,,,,,68741.117188,,,
2024-11-04,556.956909,73.800087,54.991558,252.830002,56.183479,102.545975,481.140472,215.535995,103.889999,85.059097,71.470001,67811.507812,85.107811,20.685581,38.250000
2024-11-05,563.691467,74.528503,55.391361,253.399994,56.685799,103.774254,487.278381,219.590332,103.419998,85.510918,71.989998,69359.562500,85.107811,20.789482,39.509998
2024-11-06,577.708008,75.209000,55.676929,245.699997,56.268784,106.202209,500.514404,232.311554,105.089996,83.168907,71.690002,75639.078125,85.126411,20.500364,43.400002
2024-11-07,582.174927,75.946999,56.219517,249.649994,56.989079,106.049866,508.394623,231.488953,104.510002,84.210815,72.360001,75904.859375,85.135727,20.780447,43.599998
2024-11-08,584.696716,75.736137,56.124325,247.960007,56.278259,104.336014,508.988678,233.192932,105.000000,85.280403,70.379997,76545.476562,85.182236,20.554573,43.689999
2024-11-09,,,,,,,,,,,,76778.867188,,,
2024-11-10,,,,,,,,,,,,80474.187500,,,
2024-11-11,585.253906,75.697800,56.057690,242.139999,55.671692,105.707092,508.691620,236.698868,105.540001,84.865486,68.040001,88701.484375,85.172928,20.175102,49.570000
2024-11-12,583.435852,75.132309,55.695969,240.050003,54.941906,104.555000,507.770874,232.546600,106.019997,83.593048,68.120003,87955.812500,85.182236,20.102823,51.049999
2024-11-13,583.719360,75.017303,55.629333,237.630005,54.486984,104.507401,507.117523,230.245224,106.480003,82.800095,68.430000,90584.164062,85.200836,20.021509,51.040001
2024-11-14,579.966003,74.768112,55.477032,237.009995,54.287949,105.354813,503.593201,227.140808,106.669998,83.279549,68.699997,87250.429688,85.200836,20.093790,49.730000
2024-11-15,572.537415,74.221794,55.191460,236.589996,54.202648,103.593346,491.594696,223.752426,106.690002,83.058266,67.019997,91066.007812,85.228706,20.003439,52.130001
2024-11-16,,,,,,,,,,,,90558.476562,,,
2024-11-17,,,,,,,,,,,,89845.851562,,,
2024-11-18,574.883240,74.480583,55.372314,241.089996,54.837654,104.459793,495.010101,224.193085,106.279999,83.205795,69.160004,90542.640625,85.238045,20.400980,52.130001
2024-11-19,576.984741,74.633934,55.477032,243.250000,54.989300,104.231270,498.415619,225.857941,106.209999,83.629929,69.389999,92343.789062,85.265930,20.432600,52.700001
2024-11-20,577.180237,74.643501,55.438957,244.619995,54.761833,104.069412,498.128540,226.151703,106.680000,83.362534,68.870003,94339.492188,85.275261,20.450670,53.720001
2024-11-21,580.278625,74.892700,55.562698,246.660004,54.761833,103.917061,499.920410,229.589096,106.970001,83.297989,70.099998,98504.726562,85.284538,20.547346,55.900002
2024-11-22,582.077148,75.103561,55.734047,249.839996,55.264153,105.164368,500.722290,233.829468,107.489998,83.344109,71.239998,98997.664062,85.312447,20.697327,56.490002
2024-11-23,,,,,,,,,,,,97777.281250,,,
2024-11-24,,,,,,,,,,,,98013.820312,,,
2024-11-25,584.051636,75.429436,55.991066,242.479996,55.368404,105.040604,501.514282,237.384384,106.820000,85.501701,68.940002,93102.296875,85.321747,20.373873,54.020000
2024-11-26,587.101318,75.544441,56.019611,242.949997,55.055645,103.955154,504.207031,235.641190,107.010002,85.169754,68.769997,91985.320312,85.321747,20.351286,51.700001
2024-11-27,585.322327,75.563614,56.010098,243.490005,54.686012,101.889008,500.237183,235.964371,106.080002,85.759872,68.720001,95962.531250,85.349640,20.328697,55.029999
2024-11-28,,,,,,,,,,,,95652.468750,,,
2024-11-29,588.958496,76.052422,56.343262,245.589996,54.752354,103.564766,504.632660,236.865326,105.739998,86.645050,68.000000,97461.523438,85.368263,20.373873,55.209999
2024-11-30,,,,,,,,,,,,96449.054688,,,
2024-12-01,,,,,,,,,,,,97279.789062,,,
2024-12-02,590.014038,76.177025,56.467007,243.440002,54.970341,104.783516,510.127106,236.747818,106.449997,86.853233,68.099998,95865.304688,85.391594,20.215761,54.480000
2024-12-03,590.287598,76.177025,56.409901,243.929993,55.055645,106.154602,511.691254,235.063400,106.370003,86.103745,69.940002,96002.164062,85.410255,20.374777,54.459999
2024-12-04,593.953064,76.541222,56.695465,244.669998,55.415791,105.916573,518.017273,235.905609,106.339996,87.029015,68.540001,98768.531250,85.419609,20.288944,56.419998
2024-12-05,592.975647,76.560394,56.704990,242.860001,55.766464,105.821350,516.581787,233.153763,105.709999,87.204819,68.300003,96593.570312,85.428925,20.301594,56.400002
2024-12-06,594.099792,76.589149,56.790661,242.949997,55.463181,105.621399,521.205017,233.986191,105.970001,87.334358,67.199997,99920.710938,85.466255,20.238348,57.799999
2024-12-07,,,,,,,,,,,,99923.335938,,,
2024-12-08,,,,,,,,,,,,101236.015625,,,
2024-12-09,591.040344,76.502892,56.638359,245.360001,55.453697,105.707092,517.146057,232.811020,106.150002,86.529381,68.370003,97432.718750,85.475601,20.455189,54.730000
2024-12-10,589.202820,76.129105,56.467007,248.589996,55.159897,105.783272,515.383850,231.802338,106.400002,86.122261,68.589996,96675.429688,85.494301,20.599747,54.900002
2024-12-11,593.757629,76.493309,56.628838,250.960007,55.662212,107.440002,524.610535,232.850189,106.709999,85.308067,70.290001,101173.031250,85.503616,20.825623,57.720001
2024-12-12,590.698364,76.014084,56.352783,247.279999,55.254669,106.544991,521.224731,229.824097,106.959999,84.271767,70.019997,100043.000000,85.522301,20.735273,56.919998
2024-12-13,590.580933,75.966164,56.238564,244.289993,55.567432,106.145096,525.214355,228.247421,107.000000,83.411285,71.290001,101459.257812,85.550308,20.672028,57.910000
2024-12-14,,,,,,,,,,,,101372.968750,,,
2024-12-15,,,,,,,,,,,,104298.695312,,,
2024-12-16,593.102783,76.052422,56.305187,244.880005,55.548477,105.849922,532.777832,229.589096,106.860001,83.661095,70.709999,106029.718750,85.559624,20.672028,60.220001
2024-12-17,590.659119,75.726555,56.162403,243.940002,54.989231,104.831123,530.431580,226.960693,106.959999,83.864655,70.080002,106140.601562,85.568970,20.518433,60.730000
2024-12-18,573.055359,73.972595,55.039154,239.259995,53.562191,103.583817,511.295288,216.912613,108.029999,82.816002,70.580002,100041.539062,85.568970,20.391943,57.180000
2024-12-19,572.879517,73.915100,55.010597,239.600006,53.832176,105.573792,509.018280,215.950027,108.410004,81.562035,69.910004,97490.953125,85.581139,20.247385,54.720001
2024-12-20,579.760315,74.312828,55.306904,242.100006,53.976803,104.869217,513.463257,217.973404,107.620003,82.026459,69.459999,97755.929688,85.618645,20.449074,54.810001
2024-12-21,,,,,,,,,,,,97224.726562,,,
2024-12-22,,,,,,,,,,,,95104.937500,,,
2024-12-23,583.232056,74.641861,55.431965,240.960007,54.285355,105.868973,518.465881,217.472473,108.040001,81.274101,69.239998,94686.242188,85.618645,20.355698,52.869999
2024-12-24,589.714722,75.290260,55.739815,241.440002,54.266068,106.078445,525.496155,219.417252,108.260002,81.617767,70.099998,98676.093750,85.637383,20.439735,56.230000
2024-12-25,,,,,,,,,,,,99299.195312,,,
2024-12-26,589.753967,75.280579,55.787918,243.070007,53.967163,108.036240,525.139160,221.666534,108.129997,81.571327,69.620003,95795.515625,85.656136,20.438803,54.299999
2024-12-27,583.545959,74.796700,55.489693,241.399994,53.909309,108.593391,518.158447,218.435043,108.000000,80.902565,70.599998,94164.859375,85.693672,20.374372,53.680000
2024-12-28,,,,,,,,,,,,95163.929688,,,
2024-12-29,,,,,,,,,,,,93530.226562,,,
2024-12-30,576.886658,74.187027,55.143356,240.630005,53.533268,107.527985,511.266968,216.755447,108.129997,81.552757,70.989998,92643.210938,85.693672,20.561123,53.549999
2024-12-31,574.788086,74.138641,55.143356,242.130005,53.465775,107.801659,506.923889,217.030487,108.489998,81.116196,71.720001,93429.203125,85.712402,20.668505,53.049999
2025-01-01,,,,,,,,,,,,94419.757812,,,
2025-01-02,573.375671,73.887024,55.027916,245.419998,53.591122,107.821205,505.932281,217.207291,109.389999,81.339111,73.129997,96886.875000,85.731148,20.869261,55.369999
2025-01-03,580.544861,74.516068,55.316525,243.490005,54.131084,107.889618,514.211975,220.438766,108.949997,81.079048,73.959999,98107.429688,85.740524,20.775885,55.959999
2025-01-04,,,,,,,,,,,,98236.226562,,,
2025-01-05,,,,,,,,,,,,98314.960938,,,
2025-01-06,583.889160,74.816048,55.499302,243.190002,54.796394,108.300156,520.121765,220.527176,108.260002,80.716789,73.559998,102078.085938,85.749893,20.757210,58.169998
2025-01-07,577.288818,74.390251,55.133739,244.559998,54.449276,108.241501,510.840607,218.759171,108.540001,79.806526,74.250000,96922.703125,85.768631,20.859922,54.790001
2025-01-08,578.132263,74.341858,55.239559,245.860001,54.188938,108.192635,510.929840,217.767136,109.089996,79.908691,73.320000,95043.523438,85.787392,20.803898,53.340000
2025-01-09,,,,,,,,,109.180000,,73.919998,92484.039062,,,
2025-01-10,569.305603,73.287033,54.518036,248.210007,53.369347,104.947548,502.917908,212.973923,109.650002,79.379272,76.570000,94701.453125,85.815529,21.317459,53.840000
2025-01-11,,,,,,,,,,,,94566.593750,,,
2025-01-12,,,,,,,,,,,,94488.437500,,,
2025-01-13,570.188293,73.258003,54.479561,245.740005,52.896889,105.279869,501.301636,213.386444,109.959999,79.351395,78.820000,94516.523438,85.824883,21.392159,53.220001
2025-01-14,570.972900,73.461227,54.671967,247.029999,53.292217,105.514450,500.825653,215.812531,109.269997,79.221359,77.500000,96534.046875,85.843643,21.373484,54.830002
2025-01-15,581.358887,74.574127,55.355000,248.880005,54.025017,105.563332,512.347839,220.055679,109.089996,80.586761,80.040001,100504.492188,85.853035,21.616259,56.639999
2025-01-16,580.240845,74.554764,55.364624,250.600006,54.044304,104.058067,508.758362,220.497711,108.959999,80.846825,78.680000,99756.906250,85.853035,21.522882,57.090000
2025-01-17,586.066467,75.135422,55.537788,249.270004,54.198574,105.270096,517.345337,221.450455,109.349998,80.986176,77.879997,104462.039062,85.899872,21.578909,59.619999
2025-01-18,,,,,,,,,,,,104408.070312,,,
2025-01-19,,,,,,,,,,,,101089.609375,,,
2025-01-20,,,,,,,,,,,,102016.664062,,,
2025-01-21,591.430847,75.812836,56.115005,253.130005,54.806034,106.706932,520.379517,225.703430,108.059998,81.710648,75.889999,106146.265625,85.899872,21.578909,60.419998
2025-01-22,594.755676,75.948318,56.182354,254.429993,55.047085,107.088127,527.033020,224.230118,108.169998,81.283386,75.440002,103653.070312,85.918633,21.550896,59.380001
2025-01-23,598.001953,76.277344,56.317032,254.070007,55.220646,107.381363,528.153564,225.251617,108.050003,80.651779,74.620003,103960.171875,85.918633,21.541557,58.790001
2025-01-24,596.256226,76.287033,56.230453,255.649994,55.153149,108.251289,525.168884,224.623001,107.440002,81.014015,74.660004,104819.484375,85.956131,21.560234,59.700001
2025-01-25,,,,,,,,,,,,104714.648438,,,
2025-01-26,,,,,,,,,,,,102682.500000,,,
2025-01-27,587.821899,75.716064,56.095764,252.990005,53.600761,106.648285,509.878784,222.471939,107.339996,81.970734,73.169998,102087.687500,85.965515,21.373484,57.669998
2025-01-28,592.872681,76.122520,56.336269,255.179993,53.986450,107.899399,517.414795,222.717514,107.870003,81.915016,73.769997,101332.476562,85.965515,21.485533,57.580002
2025-01-29,590.214783,75.899933,56.230453,254.199997,54.005733,107.469322,516.442993,222.206741,108.000000,81.747818,72.620003,103703.210938,85.974876,21.596649,59.340000
2025-01-30,593.382568,76.374123,56.490196,258.049988,54.748177,108.583603,518.644348,224.465851,107.800003,82.054329,72.730003,104735.304688,85.984245,21.722706,59.720001
2025-01-31,590.224731,75.928970,56.278545,258.559998,54.401062,107.899399,517.890747,222.452316,108.370003,81.515602,72.529999,102405.023438,86.012390,21.634933,57.709999
2025-02-01,,,,,,,,,,,,100655.906250,,,
2025-02-02,,,,,,,,,,,,97688.976562,,,
2025-02-03,586.252747,75.512825,55.980320,259.940002,53.947880,106.325729,513.745911,219.849442,108.989998,82.179298,73.160004,101405.421875,86.036858,21.817013,57.580002
2025-02-04,590.185486,76.093475,56.317032,262.500000,54.767464,107.058807,520.052307,222.894318,107.959999,82.430984,72.699997,97871.820312,86.036858,21.915056,56.130001
2025-02-05,592.578491,76.470901,56.557541,264.130005,54.883171,107.215202,522.412354,225.320374,107.580002,83.791954,71.029999,96615.445312,86.046265,21.812346,55.330002
2025-02-06,594.637939,76.674126,56.730698,263.429993,54.902451,107.039261,525.139160,224.583710,107.690002,83.754654,70.610001,96593.296875,86.065079,21.917858,55.119999
2025-02-07,589.195068,76.074120,56.336269,263.899994,54.671040,105.749046,518.515442,221.980835,108.040001,83.214005,71.000000,96529.085938,86.083900,21.915056,54.470001
2025-02-08,,,,,,,,,,,,96482.453125,,,
2025-02-09,,,,,,,,,,,,96500.093750,,,
2025-02-10,593.196289,76.470901,56.596027,268.369995,54.960304,106.521217,524.792053,222.982712,108.320000,82.962334,72.320000,97437.554688,86.093292,22.176506,55.380001
2025-02-11,593.647400,76.548309,56.547916,267.390015,54.844601,107.117447,523.542603,221.686157,107.959999,82.430984,73.320000,95747.429688,86.102707,22.213858,54.110001
2025-02-12,591.735046,76.451546,56.422852,267.670013,54.709614,107.303177,523.850037,219.643173,107.940002,81.312393,71.370003,97885.859375,86.112106,22.118614,55.160000
2025-02-13,597.982300,77.070900,56.961590,270.309998,55.143505,107.997147,531.386108,222.118378,107.309998,82.664024,71.290001,96623.867188,86.130920,22.288557,54.740002
2025-02-14,597.952881,77.216049,57.028927,266.290009,55.008518,107.655052,533.617249,221.951385,106.570000,83.102158,70.739998,97508.968750,86.159164,22.083132,55.330002
2025-02-15,,,,,,,,,,,,97580.351562,,,
2025-02-16,,,,,,,,,,,,96175.031250,,,
2025-02-17,,,,,,,,,,,,95773.382812,,,
2025-02-18,599.708313,77.428970,57.134758,270.700012,55.355637,108.378342,534.826843,223.169342,107.050003,82.123367,71.849998,95539.546875,86.177971,22.344582,53.509998
2025-02-19,601.120667,77.390259,57.028927,270.850006,55.297783,107.264069,534.975647,222.403183,107.169998,82.225922,72.250000,96635.609375,86.187378,22.339912,54.650002
2025-02-20,598.619751,77.283798,57.077038,270.989990,55.577408,106.179115,532.704834,220.271790,106.339996,82.533539,72.570000,98333.937500,86.206169,22.339912,56.040001
2025-02-21,588.380859,76.548309,56.692223,270.739990,54.941025,105.074608,521.648804,213.926666,106.610001,83.530937,70.400002,96125.546875,86.234436,22.195183,53.919998
2025-02-22,,,,,,,,,,,,96577.757812,,,
2025-02-23,,,,,,,,,,,,96273.921875,,,
2025-02-24,585.703552,76.306374,56.557541,272.209991,54.622833,105.084381,515.491089,212.384583,106.599998,83.773315,70.699997,91418.171875,86.243820,22.139156,53.410000
2025-02-25,582.790710,76.345085,56.605640,268.619995,54.449276,106.012947,508.996277,211.579178,106.309998,85.218147,68.930000,88736.171875,86.243820,21.793671,50.029999
2025-02-26,583.084961,76.374123,56.730698,269.029999,54.661400,105.846779,510.225769,211.844391,106.419998,85.721489,68.620003,84347.023438,86.262642,21.784332,47.959999
2025-02-27,573.777832,75.483810,56.191967,264.929993,53.099369,106.345284,496.056183,208.612854,107.239998,85.115608,70.349998,84704.226562,86.272057,21.709633,47.349998
2025-02-28,582.731934,76.016068,56.576778,263.269989,52.626907,106.130241,503.889709,210.832687,107.610001,86.159630,69.760002,84373.007812,86.290855,21.472462,47.900002
2025-03-01,,,,,,,,,,,,86031.914062,,,
2025-03-02,,,,,,,,,,,,94248.351562,,,
2025-03-03,572.522461,75.493484,56.268929,266.739990,52.308716,106.638519,492.863281,205.067062,106.750000,86.561722,68.370003,86065.671875,86.308792,21.392159,48.900002
2025-03-04,565.745667,75.028969,55.961082,269.059998,52.578693,105.514450,491.375946,202.749054,105.739998,85.495712,68.260002,87222.195312,86.308792,21.466858,49.389999
2025-03-05,571.826172,75.967674,56.432472,269.619995,53.745396,107.782104,497.781555,204.762604,105.739998,84.813087,66.309998,90623.562500,86.318237,21.466858,51.439999
2025-03-06,561.675598,74.999931,55.864876,268.250000,53.166862,106.648285,484.087891,201.629318,104.059998,84.532570,66.360001,89961.726562,86.327660,21.428574,50.639999
2025-03-07,564.823730,75.483810,56.288170,268.390015,53.523624,107.713676,487.647614,202.287399,103.839996,84.261406,67.040001,86742.671875,86.365417,21.466858,49.430000
2025-03-08,,,,,,,,,,,,86154.593750,,,
2025-03-09,,,,,,,,,,,,80601.039062,,,
2025-03-10,549.779297,73.945099,55.499302,266.040009,52.395493,105.025734,468.748199,197.199524,103.910004,85.140388,66.029999,78532.000000,86.374855,21.298784,44.910000
2025-03-11,545.209045,73.683807,55.133739,269.160004,52.569054,104.664085,467.627686,197.179901,103.440002,84.532570,66.250000,82862.210938,86.384300,21.513546,47.240002
2025-03-12,548.102173,73.974129,55.316525,270.329987,53.089729,106.873093,472.902924,197.523666,103.610001,84.027626,67.680000,83722.359375,86.393753,21.597582,47.150002
2025-03-13,540.795715,73.277359,54.922092,275.130005,52.675114,106.345284,464.395142,194.577026,103.830002,84.766350,66.550003,81066.703125,86.412613,21.690958,45.520000
2025-03-14,551.966309,74.496704,55.566650,275.239990,53.388634,108.710686,475.619781,199.281830,103.720001,84.317505,67.180000,83969.101562,86.431503,21.728308,48.139999
2025-03-15,,,,,,,,,,,,84343.109375,,,
2025-03-16,,,,,,,,,,,,82579.687500,,,
2025-03-17,556.222656,75.096695,55.826393,276.730011,54.150364,110.675323,478.703613,201.796310,103.370003,84.738289,67.580002,84075.687500,86.450371,21.933733,48.060001
2025-03-18,550.210815,74.661224,55.749435,279.959991,53.870743,110.577591,470.542908,200.044037,103.239998,84.822441,66.900002,82718.500000,86.450371,21.952408,46.810001
2025-03-19,556.203064,75.145096,56.038044,281.109985,54.102158,111.750519,476.839447,203.154800,103.430000,85.261932,67.160004,86854.226562,86.459808,22.083132,48.610001
2025-03-20,554.594727,74.980576,55.884121,280.750000,54.073235,111.124947,475.223175,201.865219,103.849998,85.318062,68.260002,84167.195312,86.478661,22.139156,47.849998
2025-03-21,554.777588,74.835426,55.836018,278.489990,54.121441,111.476822,476.789886,200.614990,104.089996,84.813087,68.279999,84043.242188,86.507004,22.027107,47.700001
2025-03-22,,,,,,,,,,,,83832.484375,,,
2025-03-23,,,,,,,,,,,,86054.375000,,,
2025-03-24,564.712952,75.474129,56.095764,277.250000,54.468559,111.877586,487.252716,205.606018,104.260002,83.943451,69.110001,87498.914062,86.507004,22.017769,50.180000
2025-03-25,566.070312,75.628975,56.182354,278.470001,54.555336,112.161034,490.033234,204.464081,104.180000,83.934097,69.000000,87471.703125,86.516411,22.092470,50.139999
2025-03-26,559.312439,74.932198,55.980320,278.239990,54.073235,111.486610,481.016296,202.386948,104.550003,83.382408,69.650002,86900.882812,86.525879,22.073793,49.180000
2025-03-27,557.827148,74.835426,55.759060,281.970001,54.102158,111.437737,478.275421,201.422211,104.070000,83.139282,69.919998,87177.101562,86.544754,22.176506,49.439999
2025-03-28,546.593384,73.828957,55.278046,284.059998,53.205433,108.368576,465.683563,197.327026,104.040001,84.289452,69.360001,84353.148438,86.573059,22.176506,47.560001
2025-03-29,,,,,,,,,,,,82597.585938,,,
2025-03-30,,,,,,,,,,,,82334.523438,,,
2025-03-31,550.262573,74.032196,55.383862,288.140015,53.118656,107.694145,465.663635,196.382004,104.209999,85.121674,71.480003,82548.914062,86.573059,22.456631,46.810001
2025-04-01,551.816772,74.254768,55.547409,287.570007,53.407921,106.785126,469.417419,196.401672,104.260002,85.859299,71.199997,85169.171875,86.592941,22.531330,48.299999
2025-04-02,555.308899,74.582802,55.806343,288.160004,53.542908,107.127235,472.843445,199.502609,103.809998,85.803001,71.709999,82485.710938,86.602432,22.666723,49.410000
2025-04-03,527.942810,72.302124,54.386066,286.420013,52.327995,99.952835,447.530487,186.695297,102.070000,86.197151,66.949997,83102.828125,86.611877,22.015902,46.570000
2025-04-04,497.035431,68.963615,52.588978,279.720001,49.714977,93.912262,419.734802,178.367111,103.019997,87.135605,61.990002,83843.804688,86.640312,21.346405,47.709999
2025-04-05,,,,,,,,,,,,83504.796875,,,
2025-04-06,,,,,,,,,,,,78214.484375,,,
2025-04-07,496.150177,68.041641,51.902992,273.709991,48.905033,93.961128,420.747742,176.752670,103.260002,84.507935,60.700001,79235.335938,86.649780,20.962635,44.270000
2025-04-08,488.379028,67.410820,51.555168,275.200012,48.287933,93.579933,413.170746,172.096344,102.959999,82.912560,59.580002,76271.953125,86.668716,20.663836,43.590000
2025-04-09,539.668274,71.758652,54.018921,285.380005,51.614475,101.653572,462.763916,186.724838,102.900002,83.400536,62.349998,82573.953125,86.668716,21.466858,46.830002
2025-04-10,516.020569,70.215553,53.149357,292.350006,50.505630,95.828041,443.081543,178.878998,100.870003,81.101334,60.070000,79626.140625,86.678177,21.494871,45.169998
2025-04-11,525.227722,71.370453,53.796696,297.929993,51.951954,97.616760,451.244476,181.487701,99.779999,81.542412,61.500000,83404.835938,86.716057,21.896383,47.669998
2025-04-12,,,,,,,,,,,,85287.109375,,,
2025-04-13,,,,,,,,,,,,83684.976562,,,
2025-04-14,530.323242,71.972160,54.057568,296.230011,52.164082,98.799454,454.303101,183.623901,99.639999,82.124260,61.529999,84542.390625,86.716057,21.943069,48.279999
2025-04-15,528.837891,72.069214,54.279785,297.779999,52.337639,99.737793,454.809540,183.850327,100.220001,82.415161,61.330002,83668.992188,86.735008,21.868370,47.740002
2025-04-16,517.082825,71.263695,53.680756,307.470001,51.903744,98.076149,441.095459,182.088196,99.379997,82.875008,62.470001,84033.867188,86.744484,22.232531,47.959999
2025-04-17,517.820618,71.613083,53.816025,306.119995,52.424423,100.451324,441.016022,183.574677,99.379997,82.143013,64.680000,84895.750000,86.782349,22.391268,48.259998
2025-04-18,,,,,,,,,,,,84450.804688,,,
2025-04-19,,,,,,,,,,,,85063.414062,,,
2025-04-20,,,,,,,,,,,,85174.304688,,,
2025-04-21,505.495117,70.603752,53.245979,315.589996,52.405132,98.750580,430.102356,179.892944,98.279999,80.707184,63.080002,87518.906250,86.791832,22.521994,49.720001
2025-04-22,518.646912,71.748940,54.028584,311.109985,52.800461,101.506958,441.393372,184.549271,98.919998,81.157646,64.309998,93441.890625,86.791832,22.578018,52.080002
2025-04-23,526.683655,72.515640,54.463356,303.649994,53.388634,103.217476,451.403351,187.285950,99.839996,81.945938,62.270000,93699.109375,86.810783,22.325907,53.200001
2025-04-24,537.769836,73.621994,55.120358,308.070007,54.150364,104.048302,464.104584,191.036591,99.290001,82.809303,62.790001,93943.796875,86.810783,22.568680,53.259998
2025-04-25,541.655273,73.913162,55.342579,304.730011,53.947880,105.436264,469.278381,191.095657,99.470001,83.419319,63.020000,94720.500000,86.848663,22.568680,54.270000
2025-04-26,,,,,,,,,,,,94646.929688,,,
2025-04-27,,,,,,,,,,,,93754.843750,,,
2025-04-28,541.861816,74.126671,55.410210,309.070007,54.160007,105.709946,469.129395,191.902893,99.010002,83.944855,62.049999,94978.750000,86.858139,22.540668,53.880001
2025-04-29,545.275269,74.427521,55.709724,306.059998,54.516769,106.540764,472.227722,193.034958,99.239998,84.648689,60.419998,94284.789062,86.858139,22.251207,54.220001
2025-04-30,545.491638,74.398407,55.671078,303.769989,54.709614,106.198662,472.168152,191.824127,99.470001,83.963631,58.209999,94207.312500,86.867592,21.859032,53.509998
2025-05-01,549.357483,74.641022,55.738705,297.459991,54.738537,107.371590,478.335022,193.015289,100.250000,83.537880,59.240002,96492.335938,86.888512,21.784332,54.950001
2025-05-02,557.512268,75.630936,56.250790,297.980011,56.204144,107.958046,485.435394,197.356552,100.000000,82.633667,58.290001,96910.070312,86.917015,21.896383,55.189999
2025-05-03,,,,,,,,,,,,95891.796875,,,
2025-05-04,,,,,,,,,,,,94315.976562,,,
2025-05-05,554.315308,75.330086,56.067207,306.880005,56.879101,107.830994,482.555511,195.840576,99.830002,82.172119,57.130001,94748.054688,86.917015,21.924395,53.630001
2025-05-06,549.682068,75.126282,56.009243,315.480011,56.213787,106.990387,478.066925,193.704376,99.239998,82.445259,59.090000,96802.476562,86.936043,22.288557,53.970001
2025-05-07,551.993835,75.106873,56.009243,310.750000,55.905235,106.951294,479.943817,194.344254,99.610001,82.793770,58.070000,97032.320312,86.936043,22.036446,54.680000
2025-05-08,555.840027,75.310669,56.105858,304.630005,55.403847,108.153549,484.899139,198.045639,100.639999,81.870705,59.910000,103241.460938,86.955032,22.101807,57.619999
2025-05-09,555.131836,75.359207,56.144505,306.839996,56.020943,108.143753,484.581390,197.681412,100.339996,81.993156,61.020000,102970.851562,86.983551,22.176506,58.660000
2025-05-10,,,,,,,,,,,,104696.328125,,,
2025-05-11,,,,,,,,,,,,104106.359375,,,
2025-05-12,573.477539,76.853775,56.859474,298.190002,57.023727,111.545250,504.323303,204.631409,101.790001,81.230217,61.950001,102812.953125,86.983551,22.143826,57.880001
2025-05-13,577.264709,77.174026,57.091358,299.459991,57.312992,110.098640,512.009644,205.379578,101.000000,80.900543,63.669998,104169.812500,87.002533,22.475306,59.619999
2025-05-14,578.002441,77.067284,56.985081,293.160004,57.515480,108.270828,515.078064,203.558395,101.040001,80.363647,63.150002,103539.414062,87.002533,22.307230,58.740002
2025-05-15,580.825623,77.465179,57.294254,297.839996,57.862595,108.798645,515.644104,204.887390,100.879997,81.070061,61.619999,103744.640625,87.012047,22.484644,58.669998
2025-05-16,584.504639,77.833969,57.477825,294.239990,57.891525,109.512177,517.888550,206.580597,101.089996,81.286728,62.490002,103489.289062,87.050064,22.157831,59.200001
2025-05-17,,,,,,,,,,,,103191.085938,,,
2025-05-18,,,,,,,,,,,,106446.007812,,,
2025-05-19,585.143982,78.076591,57.584110,298.029999,57.959019,108.867065,518.385010,205.714310,100.430000,81.051231,62.689999,105606.179688,87.050064,22.279219,59.990002
2025-05-20,583.176575,77.921326,57.535797,303.579987,57.534760,109.258041,516.657104,205.822601,100.120003,80.467255,62.560001,106791.085938,87.069077,22.521994,60.910000
2025-05-21,573.349548,77.106087,56.965752,305.820007,57.467266,107.987381,509.477234,200.044037,99.559998,79.092079,61.570000,109678.078125,87.078560,22.540668,61.790001
2025-05-22,573.575928,76.950806,57.043053,303.109985,57.245499,108.094887,510.430573,200.034195,99.959999,79.506500,61.200001,111673.281250,87.097572,22.381931,63.230000
2025-05-23,569.660706,76.950806,56.869141,309.750000,57.582977,108.114449,505.703644,199.404144,99.110001,79.638374,61.529999,107287.796875,87.135597,22.484644,61.830002
2025-05-24,,,,,,,,,,,,107791.156250,,,
2025-05-25,,,,,,,,,,,,109035.390625,,,
2025-05-26,,,,,,,,,98.930000,,,109440.367188,,,
2025-05-27,581.504333,78.057182,57.574448,304.500000,57.737247,112.073067,517.600464,204.464081,99.519997,80.749832,60.889999,108994.640625,87.135597,22.241869,62.500000
2025-05-28,578.140076,77.639862,57.323246,303.809998,57.650471,110.645996,515.306458,202.308197,99.879997,80.401321,61.840000,107802.328125,87.145096,22.199850,60.790001
2025-05-29,580.422241,77.863083,57.535797,305.609985,57.737247,110.714424,516.319519,202.908691,99.279999,81.145424,60.939999,105641.757812,87.154594,22.120481,59.990002
2025-05-30,579.773071,77.804855,57.555126,303.600006,57.120152,111.115181,515.505127,201.875061,99.330002,81.267876,60.790001,103998.570312,87.183098,22.036446,59.459999
2025-05-31,,,,,,,,,,,,104638.093750,,,
2025-06-01,,,,,,,,,,,,105652.101562,,,
2025-06-02,583.038879,78.231865,57.709713,311.670013,57.573334,111.388855,519.576721,202.505096,98.699997,80.511543,62.520000,105881.531250,87.198372,22.465967,59.360001
2025-06-03,586.363708,78.416267,57.844975,308.910004,57.544403,111.252022,523.638245,205.773346,99.250000,80.369736,63.410000,105432.468750,87.217438,22.409943,60.400002
2025-06-04,586.206299,78.639481,58.028549,310.899994,58.103649,110.206161,525.098083,205.192551,98.790001,81.674400,62.849998,104731.984375,87.217438,22.615368,59.639999
2025-06-05,583.373291,78.260986,57.854645,309.329987,58.431484,109.864052,521.145691,205.281128,98.739998,81.731140,63.369999,101575.953125,87.226967,22.507986,57.869999
2025-06-06,589.363953,78.697708,58.038212,305.179993,58.759319,111.457275,526.240051,208.598633,99.190002,80.691170,64.580002,104390.343750,87.255585,22.540668,59.259998
2025-06-07,,,,,,,,,,,,105615.625000,,,
2025-06-08,,,,,,,,,,,,105793.648438,,,
2025-06-09,589.895142,78.920929,58.163818,306.619995,59.173931,110.997879,527.014648,210.035889,98.940002,80.776253,65.290001,110294.101562,87.274658,22.550005,61.770000
2025-06-10,593.239624,79.192673,58.318405,306.709991,59.627113,111.193375,530.500305,211.167969,99.050003,81.192245,64.980003,110257.234375,87.284187,22.484644,62.290001
2025-06-11,591.547668,79.192673,58.395695,308.369995,59.926018,110.841499,528.712708,210.301697,98.629997,81.438065,68.150002,108686.625000,87.284187,22.802118,61.840000
2025-06-12,593.898682,79.512924,58.588932,312.200012,60.003159,110.831718,529.954102,209.464951,97.919998,82.411842,68.040001,105929.054688,87.293716,22.862812,60.700001
2025-06-13,587.258911,78.620079,58.009228,316.290009,59.096794,110.069313,523.300720,205.635544,98.180000,81.617699,72.980003,106090.968750,87.331879,23.427729,59.740002
2025-06-14,,,,,,,,,,,,105472.406250,,,
2025-06-15,,,,,,,,,,,,105552.023438,,,
2025-06-16,592.846191,79.231491,58.270096,311.779999,59.829418,111.007660,530.579651,208.059967,98.000000,80.795181,71.769997,106796.757812,87.331879,23.371704,61.799999
2025-06-17,587.780273,78.561836,57.980244,311.940002,58.941681,110.088867,525.405945,205.868500,98.820000,81.778412,74.839996,104601.117188,87.350937,23.642490,59.500000
2025-06-18,587.691711,78.590958,58.047874,310.260010,59.185566,111.124947,525.316467,206.954361,98.910004,81.920219,75.139999,104883.328125,87.370026,23.698515,58.970001
2025-06-19,,,,,,,,,,,,104684.289062,,,
2025-06-20,586.311523,78.367744,57.960918,310.130005,58.902664,110.157288,523.171448,206.520020,98.709999,81.768951,74.930000,103309.601562,87.389069,23.707851,58.669998
2025-06-21,,,,,,,,,,,,102257.406250,,,
2025-06-22,,,,,,,,,,,,100987.140625,,,
2025-06-23,592.102722,78.843277,58.260433,311.079987,59.312386,110.401642,528.551025,209.047119,98.419998,82.033669,68.510002,105577.773438,87.408180,23.175617,58.669998
2025-06-24,598.643860,79.823494,58.791828,306.190002,60.775688,110.382103,536.633545,211.712387,97.860001,82.629280,64.370003,106045.632812,87.408180,22.680731,60.060001
2025-06-25,598.979248,79.736145,58.714539,307.119995,60.931770,110.391983,538.005493,209.244537,97.680000,82.733276,64.919998,107361.257812,87.417694,22.615368,61.275002
2025-06-26,603.665588,80.153458,59.091347,306.779999,61.517094,112.083481,543.036011,212.640320,97.150002,83.149261,65.239998,106960.000000,87.427231,22.708742,61.139999
2025-06-27,606.664856,80.551369,59.255596,301.220001,61.419537,114.289337,544.895142,212.709396,97.400002,82.619827,65.519997,107088.429688,87.465378,22.484644,60.720001
2025-06-28,,,,,,,,,,,,107327.703125,,,
2025-06-29,,,,,,,,,,,,108385.570312,,,
2025-06-30,609.565308,80.939568,59.487476,304.829987,61.595135,113.033081,548.424438,213.015396,96.879997,83.432892,65.110001,107135.335938,87.474915,22.680731,61.209999
2025-07-01,609.368103,80.881332,59.458492,307.549988,61.731705,112.251633,543.801575,215.206879,96.820000,83.639748,65.449997,105698.281250,87.490219,22.708742,59.840000
2025-07-02,612.130615,81.165878,59.740837,309.250000,62.209717,112.152718,547.589294,218.188034,96.779999,83.108345,67.449997,108859.320312,87.499779,22.811455,62.419998
2025-07-03,616.955078,81.537422,59.818726,307.140015,62.716999,113.873886,552.977722,220.211685,97.180000,82.529503,67.000000,109647.976562,87.547623,22.932842,62.189999
2025-07-04,,,,,,,,,,,66.500000,108034.335938,,,
2025-07-05,,,,,,,,,,,,108231.179688,,,
2025-07-06,,,,,,,,,,,,109232.070312,,,
2025-07-07,612.357422,80.872528,59.380611,307.369995,61.556110,111.717476,548.812195,216.904755,97.480003,81.741875,67.930000,108299.851562,87.557205,23.119593,61.400002
2025-07-08,612.022034,81.048531,59.487698,304.160004,61.858528,112.795685,549.120483,218.405228,97.510002,81.637474,68.330002,108950.273438,87.557205,22.975796,61.820000
2025-07-09,615.692078,81.449425,59.877144,305.519989,61.917061,113.112221,553.007568,220.774368,97.470001,82.491531,68.379997,111326.554688,87.566765,22.951517,63.580002
2025-07-10,617.428467,81.625427,59.789520,306.200012,62.004860,112.835251,552.212219,221.909576,97.650002,82.548477,66.570000,115987.203125,87.585892,22.923504,64.500000
2025-07-11,615.258057,81.224541,59.507172,309.140015,61.721954,113.013298,550.969482,218.849426,97.849998,81.409744,68.449997,117516.992188,87.605034,23.166279,67.209999
2025-07-12,,,,,,,,,,,,117435.226562,,,
2025-07-13,,,,,,,,,,,,119116.117188,,,
2025-07-14,616.432068,81.332092,59.575325,308.010010,61.653667,113.577133,552.967834,220.320267,98.080002,81.238922,66.980003,119849.703125,87.614616,22.960855,68.180000
2025-07-15,613.797913,80.940979,59.390339,306.730011,61.809750,113.339729,553.474792,216.006470,98.620003,80.669563,66.519997,117777.187500,87.624176,22.932842,66.160004
2025-07-16,615.849976,81.165878,59.536385,308.260010,62.248745,112.963837,554.041565,218.178177,98.389999,80.783440,66.379997,118738.507812,87.643303,22.979530,67.830002
2025-07-17,619.618774,81.537422,59.740837,307.589996,62.541401,114.071724,558.525269,221.040878,98.730003,80.764458,67.540001,119289.843750,87.643303,23.100916,67.650002
2025-07-18,619.164917,81.449425,59.701893,308.390015,62.141434,113.349617,557.988403,219.471313,98.480003,80.887825,67.339996,118003.226562,87.681564,23.128929,66.680000
2025-07-19,,,,,,,,,,,,117939.976562,,,
2025-07-20,,,,,,,,,,,,117300.789062,,,
2025-07-21,620.338989,81.752541,59.857670,313.130005,62.560909,113.517784,560.881409,218.582886,97.849998,81.609001,67.199997,117439.539062,87.700729,23.287666,66.330002
2025-07-22,620.427795,81.918762,60.023190,316.100006,62.141434,113.715622,557.978455,220.399231,97.389999,82.102470,66.209999,119995.414062,87.710281,23.353029,67.820000
2025-07-23,625.706055,82.593430,60.363949,312.179993,62.863327,119.067055,560.523499,223.765381,97.209999,81.646980,65.250000,118754.960938,87.719849,23.273659,67.290001
2025-07-24,625.913208,82.515205,60.295799,310.269989,62.385315,119.561646,561.716492,220.675644,97.379997,81.504631,66.029999,118368.000000,87.719849,23.203629,67.660004
2025-07-25,628.557251,82.691216,60.422375,307.399994,62.317032,118.661499,563.068542,221.494980,97.650002,82.017067,65.160004,117635.882812,87.748566,22.998203,66.360001
2025-07-26,,,,,,,,,,,,117947.367188,,,
2025-07-27,,,,,,,,,,,,119448.492188,,,
2025-07-28,628.399475,82.339211,60.169231,305.410004,61.692688,117.543724,564.828308,221.238297,98.660004,81.485649,66.709999,117924.476562,87.758125,23.156940,67.099998
2025-07-29,626.741943,82.182762,60.188702,306.250000,61.799992,116.683144,563.953430,219.826706,98.910004,82.861626,69.209999,117922.148438,87.767685,23.315678,66.709999
2025-07-30,625.952698,81.996986,59.993977,300.959991,61.575623,117.553612,564.708923,218.711227,99.940002,82.434601,70.000000,117831.187500,87.777252,23.016880,66.370003
2025-07-31,623.604614,81.635201,59.838203,302.959991,61.282963,118.067993,561.716492,216.569122,100.029999,82.482040,69.260002,115758.203125,87.786842,22.936577,66.320000
2025-08-01,613.383423,80.901863,59.555851,309.109985,61.009815,116.267693,550.651428,212.156616,98.690002,83.654655,67.330002,113320.085938,87.824280,22.774105,64.220001
2025-08-02,,,,,,,,,,,,112526.914062,,,
2025-08-03,,,,,,,,,,,,114217.671875,,,
2025-08-04,622.706787,81.879646,60.110813,310.910004,61.487827,117.642639,560.811768,216.904755,98.779999,83.883278,66.290001,115071.882812,87.833885,22.708742,65.199997
2025-08-05,619.549744,81.742767,60.023190,311.160004,61.634155,117.939400,557.004211,218.010361,98.779999,84.140472,65.160004,114141.445312,87.833885,22.727417,64.550003
2025-08-06,624.295166,82.114326,60.178967,310.500000,61.790237,119.383598,564.013123,217.724075,98.180000,83.654655,64.349998,115028.000000,87.862671,22.699406,65.510002
2025-08-07,623.772339,82.231659,60.295799,313.119995,62.658470,119.818825,565.921875,217.013336,98.400002,83.511757,63.880001,117496.898438,87.862671,22.783442,66.830002
2025-08-08,628.636169,82.652100,60.519730,313.049988,62.512135,122.143394,571.200867,217.487167,98.180000,83.149796,63.880001,116688.726562,87.891487,22.839466,66.129997
2025-08-09,,,,,,,,,,,,116500.359375,,,
2025-08-10,,,,,,,,,,,,119306.757812,,,
2025-08-11,627.393127,82.515205,60.432102,308.549988,62.424339,122.232414,569.510803,217.437820,98.519997,83.245041,63.959999,118731.445312,87.901093,22.848804,67.639999
2025-08-12,634.072327,83.316994,60.831284,308.269989,63.165741,123.854660,576.668823,223.893723,98.099998,82.825912,63.169998,120172.906250,87.910675,22.755430,67.949997
2025-08-13,636.242859,83.610336,61.142841,309.209991,63.370602,123.488670,576.957092,228.247025,97.839996,83.511757,62.650002,123344.062500,87.920288,22.736755,69.839996
2025-08-14,636.302002,83.551659,60.996799,307.250000,62.795044,123.023766,576.509766,225.305328,98.250000,82.892593,63.959999,118359.578125,87.929916,22.727417,67.029999
2025-08-15,634.812256,83.502777,60.938381,307.429993,62.804790,124.497635,573.974670,224.209625,97.849998,82.302002,62.799999,117398.351562,87.968300,22.746094,66.440002
2025-08-16,,,,,,,,,,,,117491.351562,,,
2025-08-17,,,,,,,,,,,,117453.062500,,,
2025-08-18,634.674194,83.463661,60.977325,306.950012,63.136478,125.101028,573.745972,225.028946,98.169998,82.063866,63.419998,116252.312500,87.968300,22.736755,66.050003
2025-08-19,631.230896,83.277885,60.850758,305.269989,62.570663,124.893311,565.961609,223.301453,98.269997,82.540146,62.349998,112831.179688,87.987511,22.652718,64.190002
2025-08-20,629.553711,83.062775,60.811813,308.359985,62.278008,124.428391,562.601318,222.511734,98.220001,82.721146,63.209999,114274.742188,88.006706,22.830132,64.900002
2025-08-21,627.028015,82.818329,60.617088,307.290009,62.141434,124.190987,559.996643,223.064529,98.620003,82.311531,63.520000,112419.031250,88.006706,22.979530,63.689999
2025-08-22,636.657227,84.060120,61.327827,310.579987,63.116962,125.041679,568.635986,231.810608,97.720001,82.921188,63.660000,116874.085938,88.035522,23.091579,66.250000
2025-08-23,,,,,,,,,,,,115374.328125,,,
2025-08-24,,,,,,,,,,,,113458.429688,,,
2025-08-25,633.855225,83.610336,61.064953,309.829987,62.697483,124.487732,566.995544,229.372360,98.430000,82.683037,64.800003,110124.351562,88.045120,23.175617,62.880001
2025-08-26,636.509216,83.796104,61.191521,312.079987,62.434093,124.141525,569.272156,231.267685,98.230003,82.635399,63.250000,111802.656250,88.054703,23.016880,63.099998
2025-08-27,637.959534,83.884109,61.181786,312.709991,62.531643,123.696396,570.147095,232.906326,98.230003,82.540146,64.150002,111222.062500,88.064323,23.063568,63.650002
2025-08-28,640.218811,84.118774,61.347298,315.029999,62.697483,124.289902,573.716187,233.182724,97.809998,83.083099,64.599998,112544.804688,88.073929,23.212967,63.580002
2025-08-29,636.400635,83.629883,61.162312,318.070007,61.917061,123.083107,567.075134,232.146225,97.769997,82.492516,64.010002,108410.835938,88.112320,23.287666,61.439999
2025-08-30,,,,,,,,,,,,108808.070312,,,
2025-08-31,,,,,,,,,,,,108236.710938,,,
2025-09-01,,,,,,,,,,,,109250.593750,,,
2025-09-02,631.684814,83.209435,60.802082,325.589996,61.639038,124.438286,562.323059,230.892563,98.400002,81.878639,65.589996,111200.585938,88.133522,23.703184,62.970001
2025-09-03,635.108215,83.512558,61.006538,328.140015,62.112164,123.993141,566.747070,230.665527,98.139999,82.777466,63.970001,111723.210938,88.143158,23.586466,63.770000
2025-09-04,640.416138,83.981895,61.395981,326.690002,62.278008,125.516472,571.876953,233.547958,98.349998,83.408554,63.480000,110723.601562,88.162415,23.530441,62.349998
2025-09-05,638.561218,84.157890,61.551758,331.049988,62.824306,125.833015,572.702087,234.712799,97.769997,84.680275,61.869999,110650.984375,88.191330,23.465078,63.419998
2025-09-06,,,,,,,,,,,,110224.695312,,,
2025-09-07,,,,,,,,,,,,111167.617188,,,
2025-09-08,640.130066,84.549004,61.795162,334.820007,63.224270,128.454330,575.495789,235.186615,97.449997,85.808578,62.259998,112071.429688,88.200958,23.577127,63.700001
2025-09-09,641.609924,84.509888,61.785419,334.059998,63.419380,127.049706,577.126160,233.804642,97.790001,85.320930,62.630001,111530.546875,88.210602,23.661165,63.220001
2025-09-10,643.464661,84.666328,61.902256,335.260010,64.238831,126.921112,577.315063,233.390015,97.779999,85.808578,63.669998,113955.359375,88.220230,23.633152,64.529999
2025-09-11,648.812012,85.370338,62.320915,334.760010,64.707085,127.969650,580.675354,237.703857,97.540001,86.382309,62.369999,115507.539062,88.229874,23.651829,65.029999
2025-09-12,648.594910,85.311676,62.184605,335.420013,64.882683,127.267326,583.240295,235.275467,97.550003,86.009407,62.689999,116101.578125,88.258759,23.726528,66.379997
2025-09-13,,,,,,,,,,,,115950.507812,,,
2025-09-14,,,,,,,,,,,,115407.656250,,,
2025-09-15,652.048035,85.712570,62.496162,338.910004,65.282646,128.058655,588.231079,236.272491,97.300003,86.210190,63.299999,115444.875000,88.268394,23.978640,65.500000
2025-09-16,651.150269,85.702789,62.457222,339.589996,65.741150,127.554184,587.733948,235.883438,96.629997,86.391869,64.519997,116843.187500,88.278046,24.174726,66.370003
2025-09-17,650.341187,85.605003,62.389065,336.970001,65.731392,127.217865,586.560852,236.487289,96.870003,86.171967,64.050003,116468.507812,88.287689,23.931952,65.669998
2025-09-18,653.379883,85.878792,62.505894,335.619995,65.946007,128.582932,591.849915,242.377441,97.349998,85.282684,63.570000,117137.203125,88.297318,23.791889,66.750000
2025-09-19,656.616028,85.957016,62.554577,339.179993,65.799683,127.653099,595.856323,240.536148,97.639999,85.120125,62.680000,115688.859375,88.335861,23.670504,65.370003
2025-09-20,,,,,,,,,,,,115721.960938,,,
2025-09-21,,,,,,,,,,,,115306.093750,,,
2025-09-22,659.722473,86.152573,62.690884,345.049988,66.248428,128.296066,599.383789,241.931976,97.330002,84.814156,62.639999,112748.507812,88.345505,23.735865,63.650002
2025-09-23,656.131287,86.005898,62.603260,346.459991,66.745941,128.078445,595.402527,241.387512,97.260002,85.406982,63.410000,112014.500000,88.345505,23.922615,63.410000
2025-09-24,654.043701,85.526787,62.330643,343.320007,66.024048,128.454330,593.312378,239.170059,97.870003,85.081886,64.989998,113328.632812,88.364754,23.997314,64.419998
2025-09-25,651.026306,85.233452,62.126194,344.750000,65.438736,128.523636,590.754456,236.883270,98.550003,85.081886,64.980003,109049.289062,88.364754,24.146715,62.099998
2025-09-26,654.756104,85.536568,62.301441,346.739990,65.360695,128.553345,593.182861,238.912643,98.150002,85.005386,65.720001,109712.828125,88.393661,24.193401,61.939999
2025-09-27,,,,,,,,,,,,109681.945312,,,
2025-09-28,,,,,,,,,,,,112122.640625,,,
2025-09-29,656.596252,85.927681,62.535107,352.459991,65.692368,127.721550,595.929932,239.189819,97.910004,85.703415,63.450001,114400.382812,88.403297,24.128040,64.970001
2025-09-30,659.069519,86.181900,62.681145,355.470001,65.858215,126.780815,597.562378,239.526428,97.769997,85.454803,62.369999,114056.085938,88.403297,24.090689,65.000000
2025-10-01,661.315369,86.475243,62.914814,356.029999,66.453293,125.681648,600.428833,240.051102,97.709999,85.675484,61.779999,118648.929688,88.423599,24.053339,66.739998
2025-10-02,662.077026,86.685089,63.010628,354.790009,66.658150,125.929207,602.897217,241.565704,97.849998,85.924950,60.480000,120681.257812,88.433273,24.184063,68.769997
2025-10-03,662.067200,86.841980,63.098618,357.640015,67.165421,128.345413,600.359253,243.357498,97.720001,85.761841,60.880001,122266.531250,88.452606,23.959965,69.809998
2025-10-04,,,,,,,,,,,,122425.429688,,,
2025-10-05,,,,,,,,,,,,123513.476562,,,
2025-10-06,664.441528,87.077324,63.157276,364.380005,67.497108,131.870667,604.868042,244.327637,98.110001,85.080589,61.689999,124752.531250,88.471947,24.202740,71.290001
2025-10-07,661.978149,86.655670,62.951969,366.260010,67.145912,131.504288,601.682983,241.704285,98.580002,85.569946,61.730000,121451.382812,88.471947,24.314789,69.129997
2025-10-08,665.925537,86.940041,63.215942,372.299988,67.760506,132.019211,608.580505,244.238541,98.849998,85.637100,62.549999,123354.867188,88.491280,24.417501,70.059998
2025-10-09,663.996338,86.704697,62.991077,365.429993,67.243469,131.652802,607.844116,242.664551,99.540001,85.569946,61.509998,121705.585938,88.491280,24.184063,68.739998
2025-10-10,646.049988,84.831757,62.013412,369.119995,65.428978,125.949013,586.743164,235.398361,98.980003,86.951645,58.900002,113214.367188,88.529953,23.913279,66.199997
2025-10-11,,,,,,,,,,,,110807.882812,,,
2025-10-12,,,,,,,,,,,,115169.765625,,,
2025-10-13,655.963013,85.969254,62.658665,378.089996,67.311752,127.711647,599.194702,241.951797,99.269997,86.903679,59.490002,115271.078125,88.539619,24.258764,65.809998
2025-10-14,655.161682,85.900604,62.648891,380.790009,66.736198,128.474136,595.203369,245.406677,99.050003,87.181931,58.700001,113118.664062,88.539619,24.258764,63.910000
2025-10-15,658.070374,86.351677,62.912857,387.390015,68.043411,129.741653,599.403625,247.812241,98.790001,86.990036,58.270000,110783.164062,88.549278,24.333464,63.169998
2025-10-16,653.588684,86.096733,62.854206,396.450012,68.560440,128.989059,597.184082,242.595230,98.389999,87.642494,57.459999,108186.039062,88.558945,24.482862,61.430000
2025-10-17,657.298645,86.312447,62.961746,388.989990,68.599464,129.860474,601.105652,240.961838,98.430000,87.508163,57.540001,106467.789062,88.578308,24.538889,60.470001
2025-10-18,,,,,,,,,,,,107198.265625,,,
2025-10-19,,,,,,,,,,,,108666.710938,,,
2025-10-20,664.134888,87.204811,63.411469,403.149994,69.653038,131.989502,608.680054,245.664062,98.589996,87.844009,57.520000,110588.929688,88.597633,24.734976,62.930000
2025-10-21,664.124878,86.841980,63.274597,377.239990,68.853096,131.583496,608.520874,244.505844,98.930000,88.275787,57.820000,108476.890625,88.597633,24.193401,63.490002
2025-10-22,660.672241,86.587029,63.147499,377.279999,69.009178,131.850861,602.658386,240.892532,98.900002,88.333351,58.500000,107688.585938,88.616966,24.482862,61.209999
2025-10-23,664.589966,87.175392,63.352814,378.790009,69.340866,132.385605,607.724609,243.941574,98.940002,87.728867,61.790001,110069.726562,88.626640,24.762987,62.560001
2025-10-24,670.021362,87.518593,63.636337,377.519989,69.828629,132.870819,614.214111,246.921280,98.949997,87.767242,61.500000,111033.921875,88.655632,24.744312,62.830002
2025-10-25,,,,,,,,,,,,111641.726562,,,
2025-10-26,,,,,,,,,,,,114472.445312,,,
2025-10-27,677.926086,88.293274,64.134949,367.010010,70.472481,134.504715,625.152771,247.782532,98.779999,88.064690,61.310001,114119.328125,88.655632,24.576239,65.279999
2025-10-28,679.726624,88.371727,64.066505,364.380005,70.589546,133.563995,629.960144,246.456024,98.690002,88.294960,60.150002,112956.164062,88.665298,24.389490,64.489998
2025-10-29,680.053101,88.097153,63.929630,363.000000,70.979767,132.682678,632.796814,244.357346,99.220001,87.402603,60.480000,110055.304688,88.694313,24.473524,62.750000
2025-10-30,672.573792,87.587234,63.587452,370.130005,70.433456,134.227448,623.122192,242.387375,99.529999,86.894089,60.570000,108305.546875,88.694313,24.576239,60.400002
2025-10-31,674.780029,87.665688,63.636337,368.119995,70.482239,134.019501,626.128113,243.753479,99.800003,86.635010,60.980000,109556.164062,88.713646,24.669613,62.299999
2025-11-01,,,,,,,,,,,,110064.015625,,,
2025-11-02,,,,,,,,,,,,110639.625000,,,
2025-11-03,676.046387,87.734329,63.655888,368.779999,71.223640,134.276962,629.124084,242.971420,99.870003,86.418327,61.049999,106547.523438,88.726250,24.865700,60.529999
2025-11-04,668.032837,86.920425,63.196381,362.320007,69.731079,133.524368,616.354004,238.774063,100.220001,86.610939,60.560001,101590.523438,88.735962,24.426838,57.180000
2025-11-05,670.347839,87.244026,63.343033,366.510010,70.365166,134.039291,620.365234,242.219055,100.199997,85.667206,59.599998,103891.835938,88.745651,24.613588,58.919998
2025-11-06,663.155457,86.685089,63.108395,366.070007,69.409149,133.623398,608.809509,237.932617,99.730003,86.437599,59.430000,101301.289062,88.755363,24.674280,57.259998
2025-11-07,663.808350,86.685089,63.157276,368.309998,69.282333,134.583923,606.888489,239.179947,99.599998,86.254616,59.750000,103372.406250,88.784439,24.716299,58.880001
2025-11-08,,,,,,,,,,,,102282.117188,,,
2025-11-09,,,,,,,,,,,,104719.640625,,,
2025-11-10,674.166687,87.802971,63.694992,378.380005,70.462730,135.623703,620.315430,241.575592,99.620003,86.235359,60.130001,105996.593750,88.803864,25.127150,60.189999
2025-11-11,675.709961,87.989281,63.851418,379.869995,70.628563,135.712814,618.663269,241.783508,99.459999,86.630196,61.040001,102997.468750,88.794151,25.323236,58.349998
2025-11-12,676.085938,88.224632,63.949188,385.989990,70.618813,137.435822,618.175537,241.189529,99.480003,86.784279,58.490002,101663.187500,88.803864,25.089800,57.590000
2025-11-13,664.866943,87.028297,63.313709,382.869995,69.545723,135.930664,605.554810,234.408401,99.180000,86.071663,58.689999,99697.492188,88.813560,25.052450,55.590000
2025-11-14,664.758179,87.087128,63.264816,375.959991,69.974960,137.762619,606.012695,235.091476,99.269997,85.580544,60.090000,94397.789062,88.852341,24.940399,53.474998
2025-11-15,,,,,,,,,,,,95549.148438,,,
2025-11-16,,,,,,,,,,,,94177.078125,,,
2025-11-17,658.564941,86.184982,62.854206,371.649994,69.155510,136.099014,600.836975,230.418930,99.589996,85.792389,59.910000,92093.875000,88.852341,24.865700,52.099998
2025-11-18,653.034668,85.694679,62.560902,374.350006,68.784805,133.969971,593.521301,231.121826,99.550003,85.763512,60.740002,92948.875000,88.871758,25.099136,52.660000
2025-11-19,655.557495,85.753510,62.590225,374.959991,68.677505,134.613632,597.064636,231.082199,100.230003,85.590187,59.439999,91465.992188,88.871758,24.828350,50.730000
2025-11-20,645.565247,84.870979,62.081844,374.850006,67.848297,133.613495,582.931152,226.805649,100.160004,85.927223,59.139999,86631.898438,88.891159,24.594913,48.959999
2025-11-21,651.995911,85.420105,62.541348,374.269989,67.838547,135.504852,587.310547,233.230392,100.180000,86.187210,58.060001,85090.687500,88.910568,24.473524,47.970001
2025-11-22,,,,,,,,,,,,84648.359375,,,
2025-11-23,,,,,,,,,,,,86805.007812,,,
2025-11-24,661.592224,86.253624,62.971527,380.200012,68.345818,136.574326,602.329895,237.487137,100.139999,86.678352,58.840000,88270.562500,88.910568,24.644402,50.570000
2025-11-25,667.815125,87.116547,63.391918,380.079987,68.531174,136.920914,606.042542,242.664551,99.660004,86.899834,57.950001,87341.890625,88.929955,24.538889,49.560001
2025-11-26,672.425476,87.665688,63.724327,383.119995,69.399399,139.208374,611.397400,244.812714,99.599998,87.285034,58.650002,90518.367188,88.939659,24.697626,51.029999
2025-11-27,,,,,,,,,,,,91285.375000,,,
2025-11-28,676.095825,88.008896,63.988293,387.880005,69.438416,139.010315,616.354004,246.248123,99.459999,86.870949,58.549999,90919.265625,88.968765,25.033773,51.549999
2025-11-29,,,,,,,,,,,,90851.757812,,,
2025-11-30,,,,,,,,,,,,90394.312500,,,
2025-12-01,673.009155,87.548004,63.616783,389.750000,69.165268,138.069580,614.283752,243.149612,99.410004,85.789513,59.320000,86321.570312,88.979454,25.080462,48.500000
2025-12-02,674.255737,87.842194,63.714550,387.239990,69.418915,138.168610,619.091187,242.704132,99.360001,85.828171,58.639999,91350.203125,89.008652,24.912388,51.669998
2025-12-03,676.590515,88.097153,63.919857,386.880005,69.682304,137.703201,620.604126,247.119278,98.849998,86.069778,58.950001,93527.804688,89.018372,24.856363,52.740002
2025-12-04,677.085144,88.057930,63.919857,387.130005,69.662796,139.139053,620.026794,249.287262,98.989998,85.605904,59.669998,92141.625000,89.028122,24.963743,52.509998
2025-12-05,678.371277,88.283470,63.958969,386.440002,70.131042,139.396515,622.554871,248.247833,98.989998,85.209648,60.080002,89387.757812,89.047569,24.987087,50.689999
2025-12-06,,,,,,,,,,,,89272.375000,,,
2025-12-07,,,,,,,,,,,,90405.640625,,,
2025-12-08,676.333313,87.920647,63.763432,385.420013,70.101784,139.416306,621.360596,248.346802,99.089996,84.929390,58.880001,90640.203125,89.057304,24.790998,51.520000
2025-12-09,675.749451,87.979485,63.763432,387.399994,70.365166,140.693741,622.126892,248.861572,99.220001,85.016365,58.250000,92691.710938,89.076752,24.762987,52.849998
2025-12-10,680.231262,88.479584,64.154503,389.049988,71.165100,141.248276,624.674927,252.247162,98.790001,85.344948,58.459999,92020.945312,89.076752,24.688288,52.490002
2025-12-11,681.814148,88.793373,64.281593,393.239990,70.765137,141.604752,622.654480,255.207092,98.349998,85.228989,57.599998,92511.335938,89.086494,24.790998,52.099998
2025-12-12,674.483215,88.116768,63.861195,395.440002,69.721329,141.812714,610.750366,251.296829,98.400002,84.407516,57.439999,90270.414062,89.125404,24.860001,51.200001
2025-12-13,,,,,,,,,,,,90298.710938,,,
2025-12-14,,,,,,,,,,,,88175.179688,,,
2025-12-15,673.464172,88.097153,63.890526,395.799988,69.760345,143.347580,607.684692,249.396149,98.150002,84.465508,56.820000,86419.781250,89.125404,24.650000,48.660000
2025-12-16,671.624084,87.959869,63.773212,395.890015,69.159904,140.881882,608.889160,248.216141,98.150002,84.929390,55.270000,87843.984375,89.135139,24.480000,49.709999
2025-12-17,664.233826,87.234222,63.411469,399.290009,68.603210,140.178802,597.602112,245.574066,98.370003,84.852066,55.939999,86143.757812,89.144859,24.680000,48.709999
2025-12-18,669.249634,87.812782,63.763432,398.570007,69.478020,140.178802,606.261414,247.034180,98.430000,85.257988,56.150002,85462.507812,89.159515,24.610001,47.959999
2025-12-19,675.315369,88.361916,64.046959,399.019989,70.163956,143.169342,614.164307,249.100143,98.599998,84.939758,56.660000,88103.382812,89.188835,24.600000,49.910000
2025-12-20,,,,,,,,,,,,88344.000000,,,
2025-12-21,,,,,,,,,,,,88621.750000,,,
2025-12-22,679.522522,88.773758,64.242493,408.230011,70.591415,142.684113,617.108337,251.871368,98.290001,84.755417,58.009998,88490.015625,89.188835,25.129999,50.090000
2025-12-23,682.628174,89.116295,64.419289,413.640015,71.267410,143.199036,619.998413,250.381470,97.940002,84.891251,58.380001,87414.000000,89.188835,25.309999,49.650002
2025-12-24,685.029480,89.334076,64.606956,411.929993,71.525871,142.377136,621.812256,251.007217,97.980003,85.405441,58.349998,87611.960938,89.218132,25.290001,49.459999
2025-12-25,,,,,,,,,,,,87234.742188,,,
2025-12-26,684.960022,89.294479,64.636589,416.739990,71.923515,142.610489,621.772461,249.725906,98.019997,85.124092,56.740002,87301.429688,89.247437,25.219999,49.610001
2025-12-27,,,,,,,,,,,,87802.156250,,,
2025-12-28,,,,,,,,,,,,87835.835938,,,
2025-12-29,682.519043,89.254890,64.547691,398.600006,72.072632,142.878555,618.762634,248.196304,98.040001,85.444260,58.080002,87138.140625,89.247437,24.809999,49.380001
2025-12-30,681.685608,89.155884,64.518059,398.890015,72.311218,143.235992,617.327576,246.358749,98.239998,85.240517,57.950001,88430.132812,89.257210,24.860001,49.830002
2025-12-31,676.635010,88.660912,64.211868,396.309998,72.251572,143.136719,612.224915,244.501343,98.279999,84.561386,57.419998,87508.828125,89.266975,24.820000,49.650002
2026-01-01,,,,,,,,,,,,88731.984375,,,
2026-01-02,677.875305,89.145988,64.488426,398.279999,73.981316,143.960831,611.038940,247.103699,98.419998,84.435257,57.320000,89944.695312,89.306046,24.690001,50.939999
2026-01-03,,,,,,,,,,,,90603.187500,,,
2026-01-04,,,,,,,,,,,,91413.492188,,,
2026-01-05,682.390015,89.690468,64.853889,408.760010,74.975418,146.512573,615.892395,251.027084,98.269997,84.852448,58.320000,93882.554688,89.306046,25.219999,53.459999
2026-01-06,686.448364,90.076546,65.021797,413.179993,75.770706,146.353714,621.303955,254.354507,98.580002,84.677803,57.130001,93729.031250,89.315826,25.209999,52.450001
2026-01-07,684.235657,89.898361,64.942780,409.230011,75.333298,146.572159,621.902039,253.758560,98.680000,85.172592,55.990002,91308.054688,89.335358,25.100000,51.540001
2026-01-08,684.166199,89.937958,64.903275,411.489990,75.204063,147.257263,618.363953,256.529724,98.930000,84.745720,57.759998,91027.125000,89.335358,25.400000,51.520000
2026-01-09,688.690857,90.492340,65.199593,414.470001,75.661354,151.149429,624.523071,258.476532,99.129997,85.308426,59.119999,90513.101562,89.354904,25.370001,51.160000
2026-01-10,,,,,,,,,,,,90386.648438,,,
2026-01-11,,,,,,,,,,,,90827.460938,,,
2026-01-12,689.772400,90.690331,65.397133,422.230011,76.098763,152.340912,625.041260,259.737976,98.860001,85.056175,59.500000,91192.992188,89.364670,25.670000,51.869999
2026-01-13,688.393188,90.541840,65.288490,421.630005,75.711060,152.311127,624.114441,259.588989,99.129997,85.201706,61.150002,95321.781250,89.374428,25.799999,53.570000
2026-01-14,685.009644,90.363647,65.278603,425.940002,76.178284,153.274231,617.447144,261.416595,99.129997,85.696503,62.020000,96929.328125,89.384216,25.870001,55.439999
2026-01-15,686.875061,90.650734,65.347748,423.329987,76.794632,154.346573,619.669617,263.720978,99.320000,85.677094,59.189999,95551.187500,89.384216,25.705000,54.000000
2026-01-16,686.299500,90.611130,65.308243,421.290009,76.874161,154.525314,619.151367,263.969299,99.389999,85.182297,59.439999,95525.117188,89.423279,25.719999,54.240002
2026-01-17,,,,,,,,,,,,95099.921875,,,
2026-01-18,,,,,,,,,,,,93634.429688,,,
2026-01-19,,,,,,,,,,,,92553.593750,,,
2026-01-20,672.328613,89.334076,64.508179,437.230011,76.337349,151.179214,605.996155,260.810699,98.639999,84.066582,60.340000,88310.906250,89.423279,26.090000,50.759998
2026-01-21,680.088074,90.185448,65.071182,443.600006,77.570030,152.976379,614.188293,265.985596,98.760002,84.706909,60.619999,89376.960938,89.433044,26.500000,51.110001
2026-01-22,683.640320,90.472542,65.288490,451.790009,78.295731,153.591965,618.653015,267.972137,98.360001,85.075584,59.360001,89462.453125,89.442810,26.510000,50.669998
2026-01-23,683.888306,90.749725,65.377388,458.000000,78.991608,150.593399,620.606384,263.025696,97.599998,85.308426,61.070000,89503.875000,89.472122,27.010000,50.700001
2026-01-24,,,,,,,,,,,,89110.734375,,,
2026-01-25,,,,,,,,,,,,86572.218750,,,
2026-01-26,687.361206,91.116013,65.594681,464.700012,79.180489,148.935257,623.337097,262.201294,97.040001,85.715904,60.630001,88267.140625,89.472122,26.959999,49.650002
2026-01-27,690.099792,91.591194,65.930504,476.100006,81.029526,149.511154,628.987854,262.946259,96.220001,85.182297,62.389999,89102.570312,89.481888,27.430000,50.630001
2026-01-28,690.030334,91.482300,65.831734,494.559998,81.556396,148.448730,631.070679,261.525879,96.449997,84.988258,63.209999,89184.570312,89.491661,27.950001,50.509998
2026-01-29,688.661072,91.512001,65.861359,495.899994,80.949997,150.444473,627.293640,261.595398,96.279999,85.007668,65.419998,84561.585938,89.511192,28.190001,47.599998
2026-01-30,686.607117,90.947723,65.545296,444.950012,79.349480,151.645874,619.759216,257.900452,96.989998,84.532280,65.209999,84128.656250,89.530746,26.750000,47.490002
2026-01-31,,,,,,,,,,,,78621.117188,,,
2026-02-01,,,,,,,,,,,,76974.445312,,,
2026-02-02,690.020508,91.363503,65.683571,427.130005,79.916122,152.599075,624.014771,260.413391,97.610001,84.290756,62.139999,78688.765625,89.544449,25.910000,44.220001
2026-02-03,684.186035,91.096214,65.584801,454.290009,80.800873,155.269974,614.427429,261.009369,97.440002,84.495277,63.209999,75633.546875,89.544449,27.030001,43.299999
2026-02-04,680.871948,90.868523,65.456398,453.970001,79.657654,158.903976,603.693970,258.764618,97.620003,84.281021,65.139999,73019.703125,89.564049,26.820000,41.570000
2026-02-05,672.368347,89.937958,65.041557,441.880005,79.210312,156.789108,595.003601,254.106201,97.820000,85.196472,63.290001,62702.097656,89.564049,26.500000,36.099998
2026-02-06,685.267578,91.601097,65.910751,455.459991,81.337692,162.468521,607.580750,263.234253,97.629997,85.254913,63.549999,70555.390625,89.593445,26.920000,39.680000
2026-02-07,,,,,,,,,,,,69281.968750,,,
2026-02-08,,,,,,,,,,,,70264.726562,,,
2026-02-09,688.571838,92.185173,66.216949,467.029999,82.023628,163.888351,612.234924,265.081726,96.820000,85.235428,64.360001,70120.781250,89.593445,27.330000,40.110001
2026-02-10,686.755920,92.204971,66.256454,462.399994,82.232391,165.377716,609.394592,264.366577,96.800003,86.219078,63.959999,68793.960938,89.603233,27.110001,38.970001
2026-02-11,686.597229,92.393066,66.305840,467.630005,83.922363,165.467072,611.028992,263.164764,96.830002,85.761345,64.629997,66991.968750,89.622849,27.379999,38.290001
2026-02-12,675.990112,91.413002,65.881119,451.390015,83.276199,165.069916,598.601318,257.791229,96.930000,86.900795,62.840000,66221.843750,89.622849,26.730000,37.049999
2026-02-13,676.466309,91.660484,66.029274,462.619995,83.813011,165.665649,599.876953,261.188171,96.879997,87.378006,62.889999,68857.843750,89.662033,26.930000,38.970001
2026-02-14,,,,,,,,,,,,69767.625000,,,
2026-02-15,,,,,,,,,,,,68788.187500,,,
2026-02-16,,,,,,,,,,,,68843.156250,,,
2026-02-17,677.557800,91.680290,66.058907,448.200012,83.256317,163.719559,599.259033,261.267639,97.160004,87.524094,62.330002,67494.218750,89.671837,26.480000,38.389999
2026-02-18,680.971130,91.977280,66.216949,458.279999,83.663902,164.652893,603.733826,262.211212,97.699997,87.192970,65.190002,66425.320312,89.681633,27.150000,37.540001
2026-02-19,679.175110,91.878281,66.137932,459.559998,83.584373,165.119553,601.421692,262.817108,97.930000,87.280617,66.430000,66957.523438,89.681633,27.410000,38.070000
2026-02-20,684.086853,92.412865,66.493507,468.619995,85.791290,165.447220,606.743652,262.827026,97.800003,87.076103,66.389999,68005.421875,89.711014,27.660000,38.419998
2026-02-21,,,,,,,,,,,,68003.765625,,,
2026-02-22,,,,,,,,,,,,67659.390625,,,
2026-02-23,677.101379,91.789192,66.177437,481.279999,84.737534,165.397568,599.368652,258.734772,97.699997,87.397484,66.309998,64616.738281,89.711014,27.980000,36.549999
2026-02-24,682.022888,92.472260,66.463882,474.609985,86.586571,166.549332,605.806763,261.555634,97.879997,87.553307,65.629997,64080.042969,89.730621,27.872999,36.529999
2026-02-25,687.778015,92.947441,66.779945,473.420013,87.739731,168.932312,614.586853,262.797211,97.699997,87.563057,65.419998,67960.125000,89.740417,27.830000,39.230000
2026-02-26,683.957764,92.650452,66.641670,477.480011,87.391800,168.584778,607.172180,264.197723,97.790001,87.913643,65.209999,67453.773438,89.750214,28.030001,38.259998
2026-02-27,680.673462,92.442558,66.533012,483.750000,87.163155,168.376282,605.228760,259.648621,97.610001,88.449295,67.019997,65881.796875,89.769806,28.299999,37.189999
2026-02-28,,,,,,,,,,,,66995.859375,,,
2026-03-01,,,,,,,,,,,,65738.101562,,,
2026-03-02,681.060486,91.917885,66.197182,490.000000,85.582520,165.685516,606.026001,262.032410,98.379997,87.561081,71.230003,68775.851562,89.782578,29.250000,39.195000
2026-03-03,675.057373,90.393333,65.357620,468.140015,80.850586,159.668533,599.538147,257.493225,99.050003,87.385193,74.559998,68293.648438,89.792412,28.860001,38.700001
2026-03-04,679.820129,91.076416,65.703323,471.799988,81.834747,161.217453,608.677063,259.996246,98.769997,87.111595,74.660004,72710.578125,89.802231,29.070000,41.439999
2026-03-05,676.029785,90.126053,65.140327,466.130005,79.747124,157.523849,606.843262,255.029938,99.320000,86.759834,81.010002,70841.125000,89.812050,29.450001,40.389999
2026-03-06,667.168945,89.264786,64.666222,473.510010,78.961784,155.617493,597.714294,249.199478,98.989998,86.437370,90.900002,68136.492188,89.831703,30.309999,38.599998
2026-03-07,,,,,,,,,,,,67272.593750,,,
2026-03-08,,,,,,,,,,,,65969.781250,,,
2026-03-09,673.013367,89.928055,65.051437,472.529999,80.582169,156.481308,605.697144,251.911087,99.180000,87.189766,94.769997,68402.382812,89.841522,29.799999,39.130001
2026-03-10,671.931763,89.878563,65.021797,477.859985,80.512581,158.764969,605.707153,251.652847,98.830002,86.261490,83.449997,69926.921875,89.851364,30.299999,39.709999
2026-03-11,671.088379,89.730072,64.834129,476.239990,80.870461,158.159302,605.627441,251.146286,99.230003,85.147552,87.250000,70204.882812,89.851364,30.900000,40.070000
2026-03-12,660.897949,88.423317,64.063705,466.880005,77.788734,155.657211,595.232849,245.742935,99.739998,84.981430,95.730003,70493.460938,89.871002,31.200001,39.950001
2026-03-13,657.157166,87.918434,63.777271,460.839996,77.530266,154.535217,591.704773,244.928452,100.360001,84.561279,98.709999,70968.265625,89.900475,31.020000,40.369999
2026-03-14,,,,,,,,,,,,71214.625000,,,
2026-03-15,,,,,,,,,,,,72789.914062,,,
2026-03-16,663.844971,88.928200,64.399529,460.429993,80.045357,157.106842,598.342224,247.242752,99.709999,85.215950,93.500000,74861.085938,89.900475,30.629999,41.939999
2026-03-17,665.591248,89.205391,64.587196,459.269989,80.810822,157.176346,601.262268,248.806946,99.580002,85.450470,96.209999,73922.476562,89.910301,30.950001,42.270000
2026-03-18,656.303772,88.047134,63.885918,444.739990,79.314690,156.679901,592.880798,244.796982,100.089996,84.971657,96.320000,71245.578125,89.929947,31.150000,40.259998
2026-03-19,654.686462,87.938240,63.836525,426.410004,79.717308,153.939484,591.007202,246.398987,99.230003,85.489555,96.139999,69912.789062,89.929947,30.670000,39.820000
2026-03-20,645.301025,86.255302,62.789547,413.380005,76.844337,150.384903,580.084412,241.015884,99.650002,83.867508,98.320000,70522.585938,89.959419,30.700001,39.770000
2026-03-21,,,,,,,,,,,,68711.523438,,,
2026-03-22,,,,,,,,,,,,67845.210938,,,
2026-03-23,652.076660,87.502655,63.559967,404.040009,79.677536,153.641632,586.743164,246.219879,98.949997,84.414703,88.129997,70914.859375,89.969246,29.440001,40.049999
2026-03-24,649.887756,87.126472,63.273525,404.130005,78.196327,155.041611,582.731689,247.543259,99.430000,84.043381,92.349998,70517.859375,89.979065,29.879999,39.279999
2026-03-25,653.509399,87.868942,63.747635,416.290009,79.260017,158.189102,586.563538,250.568161,99.599998,84.854408,90.320000,71309.882812,89.969246,29.889999,40.169998
2026-03-26,641.838562,86.453300,62.858688,400.640015,76.526230,155.269974,572.563477,246.209915,99.900002,84.141106,94.480003,68791.625000,89.988892,30.120001,38.820000
2026-03-27,630.893982,85.433640,62.345070,414.700012,76.068932,153.582031,561.377441,241.891495,100.150002,83.681854,99.639999,66338.375000,90.018349,30.790001,37.400002
2026-03-28,,,,,,,,,,,,66319.695312,,,
2026-03-29,,,,,,,,,,,,65954.921875,,,
2026-03-30,628.784668,85.324745,62.345070,414.579987,75.094711,153.482742,557.086731,238.418839,100.510002,84.795784,102.879997,66691.445312,90.028191,30.959999,37.680000
2026-03-31,647.062073,87.601646,63.559967,430.290009,78.196327,157.454361,575.946228,246.767136,99.959999,84.707840,101.379997,68233.312500,90.028191,31.010000,38.419998
2026-04-01,651.937378,88.136230,63.945183,437.820007,79.061195,161.008957,583.061035,248.319366,99.650002,84.624458,100.120003,68078.554688,90.051834,31.080000,38.639999
2026-04-02,652.524414,88.013092,63.904491,429.410004,77.967674,160.085541,583.729553,250.040771,100.029999,85.144409,111.540001,66888.570312,90.071526,31.270000,37.970001
2026-04-03,,,,,,,,,,,,66931.101562,,,
2026-04-04,,,,,,,,,,,,67290.515625,,,
2026-04-05,,,,,,,,,,,,68981.898438,,,
2026-04-06,655.608826,88.380516,64.053360,427.649994,78.922020,160.562149,587.242065,251.105453,99.980003,85.007065,112.410004,68859.828125,90.091240,31.350000,39.520000
2026-04-07,655.897278,88.539413,64.112907,431.809998,79.458832,159.827393,587.331909,251.652740,99.639999,84.997253,112.949997,71940.703125,90.101089,31.360001,39.099998
2026-04-08,672.602722,90.853188,65.422951,434.529999,84.300133,166.122391,604.794495,259.175140,99.129997,85.271942,94.410004,71123.359375,90.101089,30.959999,40.419998
2026-04-09,676.482971,90.972351,65.551979,437.910004,84.151016,164.206100,608.885681,260.657715,98.820000,85.056107,97.870003,71767.828125,90.110954,30.959999,40.910000
2026-04-10,676.035339,90.952492,65.512283,437.130005,84.578476,164.543671,609.763794,260.001007,98.650002,84.850090,96.570000,72979.046875,90.140495,30.760000,41.560001
2026-04-11,,,,,,,,,,,,73054.273438,,,
2026-04-12,,,,,,,,,,,,70753.406250,,,
2026-04-13,682.641846,91.637688,65.939041,435.359985,85.502998,164.593323,616.070374,263.752289,98.370003,85.105171,99.080002,74484.640625,90.140495,31.030001,41.590000
2026-04-14,690.959717,92.531425,66.455116,445.089996,87.252617,165.020264,627.256287,267.384125,98.120003,85.556435,91.279999,74181.609375,90.150360,31.280001,42.130001
2026-04-15,696.412109,92.789619,66.584129,440.459991,87.163155,163.838715,636.037537,268.050812,98.059998,85.183647,91.290001,74805.078125,90.160210,31.219999,42.560001
2026-04-16,698.123413,92.859131,66.603981,440.079987,87.322205,164.553604,639.100952,268.608032,98.220001,84.644073,94.690002,75152.132812,90.170067,31.379999,42.730000
2026-04-17,706.560730,93.951469,67.239159,445.929993,89.131485,165.397568,647.463013,274.409058,98.099998,85.419090,83.849998,77126.875000,90.199615,30.850000,43.939999
2026-04-18,,,,,,,,,,,,75726.210938,,,
2026-04-19,,,,,,,,,,,,73856.351562,,,
2026-04-20,705.147766,93.752869,67.110138,442.089996,88.316307,163.808929,645.407410,275.971252,98.050003,85.399483,89.610001,75872.523438,90.209465,31.090000,43.250000
2026-04-21,700.531250,92.809479,66.564285,429.570007,87.183029,160.601868,642.952759,273.145355,98.410004,84.928566,92.129997,76352.773438,90.219322,31.290001,42.509998
2026-04-22,707.625305,93.494675,66.941414,435.260010,89.171242,160.442978,653.709656,275.105560,98.589996,85.095352,92.959999,78203.101562,90.219322,31.570000,44.750000
2026-04-23,704.879211,92.958435,66.663528,431.040009,87.769554,159.400436,650.027527,274.150330,98.800003,84.908958,95.849998,78268.953125,90.239029,31.930000,44.049999
2026-04-24,710.341553,93.633698,67.050591,433.250000,89.916817,159.062866,662.460938,275.274689,98.510002,85.065910,94.400002,77455.312500,90.258736,31.879999,44.020000
2026-04-25,,,,,,,,,,,,77612.015625,,,
2026-04-26,,,,,,,,,,,,78657.539062,,,
2026-04-27,711.565308,93.613838,67.010887,429.890015,90.185234,159.658600,662.810181,275.762299,98.480003,84.644073,96.370003,77366.625000,90.268585,31.930000,43.560001
2026-04-28,708.102844,93.176903,66.762772,421.910004,89.091721,160.879868,656.144470,272.548340,98.620003,84.732368,99.930000,76350.671875,90.278427,31.990000,43.270000
2026-04-29,707.993408,92.849197,66.524582,417.410004,88.554901,160.075623,660.155884,270.727417,98.919998,84.075073,106.879997,75776.132812,90.278427,32.419998,42.750000
2026-04-30,715.037720,94.001129,67.179611,423.660004,90.513290,160.919586,666.312683,276.588165,98.080002,83.996582,105.070000,76304.320312,90.288292,32.590000,43.320000
2026-05-01,717.017700,94.130219,67.259003,423.179993,90.731987,160.264282,672.709045,277.891632,98.209999,84.296913,101.940002,78179.000000,90.317940,32.360001,44.470001
2026-05-02,,,,,,,,,,,,78657.250000,,,
2026-05-03,,,,,,,,,,,,78538.226562,,,
2026-05-04,714.390991,93.593979,66.951340,414.709991,90.930809,159.678467,671.441711,276.498596,98.470001,83.656876,106.419998,79827.906250,90.337692,32.689999,45.400002
2026-05-05,720.122009,94.447990,67.417801,418.269989,93.207314,161.842972,680.153015,281.155334,98.480003,84.119667,102.269997,80927.054688,90.347572,32.790001,46.279999
2026-05-06,730.131287,95.957405,68.301086,430.959991,96.428215,164.206100,694.282776,285.374237,98.019997,84.759705,95.080002,81427.531250,90.337692,32.310001,46.189999
2026-05-07,727.892639,95.272217,67.874329,431.679993,95.006638,164.355026,693.454529,280.856812,98.250000,84.336288,94.809998,80009.992188,90.357452,32.369999,45.400002
2026-05-08,733.902161,96.066643,68.320938,433.769989,97.442200,165.397568,709.709717,282.757324,97.839996,84.759705,95.419998,80186.765625,90.377235,32.500000,45.450001
2026-05-09,,,,,,,,,,,,80664.367188,,,
2026-05-10,,,,,,,,,,,,82138.929688,,,
2026-05-11,735.573669,96.046783,68.330864,434.649994,97.362671,167.065643,711.765320,283.911530,97.940002,84.247673,98.070000,81728.296875,90.396996,33.139999,46.470001
2026-05-12,734.459351,95.560196,67.993431,432.929993,93.644714,167.889755,705.728210,281.165283,98.290001,83.686409,102.180000,80477.492188,90.406868,33.470001,45.799999
2026-05-13,738.568542,96.056717,68.261391,430.500000,95.573280,170.302505,713.182312,281.264771,98.480003,83.499344,101.019997,79277.117188,90.406868,33.240002,45.119999
2026-05-14,744.398987,96.394348,68.449959,427.209991,96.646919,170.590439,718.251404,283.035950,98.879997,83.617485,101.169998,81051.250000,90.426628,32.930000,46.169998
2026-05-15,735.444397,95.043816,67.616287,417.290009,93.048256,169.369186,707.414612,276.220001,99.269997,82.376823,105.419998,79065.679688,90.446404,32.619999,44.820000
2026-05-16,,,,,,,,,,,,78131.437500,,,
2026-05-17,,,,,,,,,,,,77429.351562,,,
2026-05-18,734.927002,95.182838,67.675842,418.429993,92.998550,168.743652,704.371155,274.598083,98.970001,82.278343,108.660004,76954.171875,90.446404,32.750000,43.529999
2026-05-19,730.031799,94.527435,67.318558,411.500000,91.537216,167.294022,700.030518,271.642853,99.300003,81.746628,107.769997,76750.906250,90.466164,32.830002,43.500000
2026-05-20,737.513855,95.659500,67.973579,417.399994,93.714302,168.445770,711.625610,278.478699,99.110001,82.622986,98.260002,77457.773438,90.485916,32.430000,43.990002
2026-05-21,738.976440,95.937553,68.162148,416.989990,95.026520,167.939407,712.982727,281.085663,99.190002,82.928230,96.349998,77539.171875,90.485916,32.209999,44.000000
2026-05-22,741.881775,96.086510,68.271317,413.820007,95.036461,168.386215,716.006226,283.702576,99.320000,83.381172,96.599998,75488.242188,90.505684,32.139999,42.959999
2026-05-23,,,,,,,,,,,,76673.367188,,,
2026-05-24,,,,,,,,,,,,76981.125000,,,
2026-05-25,,,,,,,,,,,,77279.929688,,,
2026-05-26,746.806824,97.089470,68.846947,414.000000,99.400581,170.093994,728.718994,289.065826,99.169998,83.794731,93.889999,75825.734375,90.525452,31.860001,42.990002
2026-05-27,746.677490,96.950447,68.787392,408.489990,99.828049,169.796112,727.890747,288.926483,99.209999,83.991661,88.680000,74344.703125,90.535332,31.430000,42.450001
2026-05-28,750.796570,97.288086,68.995811,412.769989,100.434456,169.994705,734.027649,290.578278,99.019997,84.424911,88.900002,73536.554688,90.545204,31.670000,41.560001
2026-05-29,752.667114,97.437042,69.085136,417.119995,100.444397,170.302505,736.731812,288.986206,98.910004,84.444603,87.360001,73372.523438,90.574860,31.600000,41.630001
2026-05-30,,,,,,,,,,,,73754.835938,,,
2026-05-31,,,,,,,,,,,,73579.687500,,,
2026-06-01,754.716736,97.595924,69.174454,411.260010,103.058891,168.068481,741.152344,287.543427,99.199997,84.490082,92.160004,71319.773438,90.583778,31.620001,40.490002
2026-06-02,755.741577,97.953423,69.323318,411.950012,103.426712,169.984772,744.565002,290.210083,99.220001,84.668015,93.760002,66703.656250,90.573860,31.889999,38.049999
2026-06-03,750.438416,97.466835,68.956116,407.869995,102.392845,171.245773,742.619263,286.239960,99.529999,84.331917,96.019997,64014.367188,90.593689,31.799999,37.000000
2026-06-04,753.274048,97.645584,69.124832,411.269989,101.080627,172.258530,739.026917,290.558350,99.410004,84.519730,93.040001,63801.574219,90.593689,31.530001,36.020000
2026-06-05,733.832520,95.182838,67.765160,396.239990,93.346489,168.048615,703.552856,280.249847,100.070000,84.084778,90.540001,60922.667969,90.633316,30.790001,34.139999
2026-06-06,,,,,,,,,,,,60867.414062,,,
2026-06-07,,,,,,,,,,,,63239.519531,,,
2026-06-08,735.494080,95.490685,67.953728,397.269989,95.613045,168.703934,714.539429,282.697632,100.050003,83.649834,91.300003,63090.589844,90.643242,30.959999,35.889999
2026-06-09,733.335022,95.689293,67.953728,390.779999,95.811867,168.346497,706.317017,283.603088,99.910004,84.144096,88.199997,61643.781250,90.643242,30.610001,35.139999
2026-06-10,721.773621,94.428123,67.328476,374.579987,93.624832,165.516724,692.207214,280.647827,99.949997,83.906837,90.029999,61449.289062,90.653152,30.270000,35.080002
2026-06-11,734.041504,96.165947,68.420189,386.320007,98.615242,168.713867,715.587158,288.966309,99.860001,84.994240,87.709999,63561.054688,90.663063,30.309999,36.049999
2026-06-12,738.011353,96.543304,68.598831,386.540009,99.162003,169.954987,719.798157,291.493683,99.750000,84.786644,84.879997,63543.199219,90.692787,30.170000,36.040001
2026-06-13,,,,,,,,,,,,64421.324219,,,
2026-06-14,,,,,,,,,,,,65710.398438,,,
2026-06-15,751.025452,97.665436,69.253853,396.549988,102.959999,172.735107,742.409668,293.872498,99.629997,84.737221,80.750000,66289.500000,90.692787,30.170000,37.740002
2026-06-16,746.548157,97.456902,69.124832,397.630005,101.410004,173.142212,728.299866,291.319122,99.540001,85.201828,76.050003,65600.640625,90.702698,30.090000,37.169998
2026-06-17,737.225342,96.722054,68.638527,388.600006,101.760002,174.631561,720.965637,289.124878,100.089996,85.340225,76.790001,64418.445312,90.712608,29.799999,36.360001
2026-06-18,744.890259,97.536346,69.234001,387.119995,105.750000,177.242889,739.036926,294.820007,100.849998,85.755409,76.599998,62896.472656,90.752251,29.910000,35.619999
2026-06-19,,,,,,,,,,,,63540.835938,,,
2026-06-20,,,,,,,,,,,,64239.675781,,,
2026-06-21,,,,,,,,,,,,63237.539062,,,
2026-06-22,742.546143,97.417175,69.075211,384.589996,106.489998,178.474091,737.181824,297.403259,101.019997,85.102974,74.820000,63952.105469,90.752251,29.570000,36.500000
2026-06-23,731.762878,95.917686,68.261391,377.320007,99.629997,172.099670,712.907166,294.550720,101.410004,85.211708,73.209999,62668.019531,90.762169,29.420000,35.310001
2026-06-24,731.423706,95.887894,68.340790,365.920013,99.930000,172.337967,709.880310,295.917145,101.610001,86.378181,70.339996,60995.132812,90.772072,28.770000,33.869999
2026-06-25,732.481079,96.205666,68.499580,369.459991,101.599998,172.742783,715.634277,298.131348,101.430000,86.348534,71.919998,59721.675781,90.781982,29.379999,33.520000
2026-06-26,727.184265,95.877968,68.350716,373.630005,100.050003,173.342499,705.784607,299.048950,101.360001,86.358421,69.230003,60016.429688,90.811722,29.250000,33.849998
2026-06-27,,,,,,,,,,,,59940.097656,,,
2026-06-28,,,,,,,,,,,,59532.339844,,,
2026-06-29,739.164490,96.662468,68.787392,368.579987,100.459999,173.432465,723.326294,298.191193,101.110001,86.447380,70.750000,60138.378906,90.821640,28.950001,34.180000
2026-06-30,744.920227,96.920662,68.975960,368.380005,102.300003,173.442459,735.633484,299.667358,101.190002,85.429184,69.500000,58558.859375,90.821640,29.340000,33.290001
2026-07-01,743.912720,96.444000,68.708000,370.600006,98.529999,175.661469,724.415100,298.540283,101.389999,84.851730,68.580002,60003.757812,90.849464,29.510000,34.000000
2026-07-02,742.935181,96.989998,69.269997,378.130005,96.980003,174.651917,711.858215,296.804810,100.860001,84.841812,68.690002,61485.300781,90.889221,29.650000,34.869999
2026-07-03,,,,,,,,,,,,62544.199219,,,
2026-07-04,,,,,,,,,,,,63088.304688,,,
2026-07-05,,,,,,,,,,,,63547.882812,,,
2026-07-06,749.419067,97.650002,69.279999,382.130005,100.190002,179.669678,722.067627,298.121368,100.849998,84.782280,68.550003,63995.015625,90.879280,30.480000,36.119999
2026-07-07,745.857910,96.839996,68.750000,377.489990,96.800003,175.501541,708.691528,295.418427,101.139999,83.889320,70.440002,63297.394531,90.899155,30.270000,36.150002
2026-07-08,743.553650,96.519997,68.550003,374.450012,97.239998,174.012207,710.699463,292.715515,101.050003,83.700806,73.519997,62257.574219,90.899155,30.969999,35.230000
2026-07-09,749.848022,97.230003,68.930000,378.179993,97.989998,174.591949,722.527161,296.465698,100.940002,83.829788,72.080002,63193.148438,90.909096,30.830000,35.810001
2026-07-10,753.079956,97.550003,69.099998,377.010010,98.309998,176.701004,724.754822,295.218933,100.970001,83.809944,71.410004,64127.140625,90.948860,30.570000,36.230000
2026-07-11,,,,,,,,,,,,63802.027344,,,
2026-07-12,,,,,,,,,,,,63758.218750,,,
2026-07-13,747.314270,96.550003,68.510002,367.130005,94.260002,174.961777,710.999084,292.715515,101.279999,83.313850,78.139999,62239.121094,90.948860,31.129999,35.220001
2026-07-14,749.967712,97.099998,68.849998,372.149994,95.949997,176.890915,718.940857,293.742828,100.940002,83.422997,79.339996,64956.113281,90.958801,31.580000,36.580002
2026-07-15,752.940308,97.500000,69.059998,372.350006,95.260002,176.631042,716.992859,294.999512,100.500000,83.581741,79.599998,64712.375000,90.968735,31.760000,36.810001
2026-07-16,748.860413,96.860001,68.760002,364.959991,92.779999,175.271652,705.205139,294.820007,100.730003,83.551971,78.949997,63789.281250,90.978676,31.430000,36.389999
2026-07-17,741.448792,96.489998,68.410004,368.410004,91.779999,171.773209,694.606201,293.274048,100.750000,83.859550,82.489998,63899.460938,90.998558,31.879999,36.349998
2026-07-18,,,,,,,,,,,,64796.601562,,,
2026-07-19,,,,,,,,,,,,64690.804688,,,
2026-07-20,740.251831,95.889999,68.190002,367.600006,91.669998,171.973114,695.335449,291.548553,100.989998,83.234474,83.230003,65230.027344,91.008499,31.900000,36.889999
2026-07-21,746.426514,96.720001,68.620003,374.809998,95.000000,176.391144,708.231995,295.767548,101.180000,83.006279,84.910004,66505.125000,91.008499,32.349998,37.669998
2026-07-22,745.558594,96.650002,68.599998,379.119995,94.610001,176.371155,704.615723,293.024689,101.139999,82.787994,86.830002,66100.796875,91.028381,32.610001,37.340000
2026-07-23,736.351501,95.769997,68.040001,371.519989,94.139999,175.391586,691.239746,291.329102,101.430000,82.520096,92.190002,65044.812500,91.028381,32.720001,36.650002
2026-07-24,737.099609,95.800003,68.059998,371.899994,91.889999,176.900909,683.517761,290.411530,101.470001,82.599472,89.309998,64098.496094,91.058197,32.500000,36.349998
2026-07-25,,,,,,,,,,,,64311.812500,,,
2026-07-26,,,,,,,,,,,,65340.300781,,,
2026-07-27,737.259277,95.989998,68.190002,374.630005,91.699997,177.460663,681.409973,292.146973,101.510002,83.095566,82.610001,63724.898438,91.068138,31.940001,36.770000
2026-07-28,739.024841,95.980003,68.230003,369.369995,89.440002,174.551971,674.786865,292.605774,101.379997,83.581741,79.260002,63871.363281,91.078072,31.660000,36.139999
2026-07-29,727.653137,95.029999,67.599998,371.079987,86.860001,173.312515,661.041138,287.818298,100.800003,82.202599,84.459999,63908.167969,91.088013,32.250000,36.000000
2026-07-30,739.852783,96.459999,68.489998,377.160004,91.180000,174.831848,682.838440,291.827820,100.010002,82.152992,83.589996,64725.308594,91.097961,32.150002,36.700001
2026-07-31,745.179626,96.750000,68.529999,371.540009,92.120003,173.552414,687.273865,290.441437,99.800003,81.607285,84.669998,62813.746094,91.127777,32.150002,35.639999
2026-08-01,,,,,,,,,,,,62763.320312,,,
2026-08-02,,,,,,,,,,,,63482.000000,,,
2026-08-03,755.793213,97.599998,69.059998,371.709991,92.570000,170.603729,699.341309,295.448364,99.959999,81.876259,80.339996,63460.898438,91.140732,31.750000,36.160000
2026-08-04,769.419373,99.000000,69.889999,374.160004,95.470001,174.022202,723.096497,300.924042,99.889999,82.503853,75.769997,64055.953125,91.140732,31.410000,36.389999
2026-08-05,767.883179,99.019997,69.870003,389.640015,95.089996,176.181229,716.553345,298.989105,99.690002,82.683167,75.220001,64597.500000,91.150703,31.910000,36.740002
2026-08-06,766.656250,98.720001,69.720001,389.670013,93.940002,177.550629,713.906128,297.473083,99.970001,82.204994,77.290001,64262.113281,91.170639,32.349998,36.490002
2026-08-07,771.344604,99.389999,70.120003,398.470001,94.720001,179.299850,722.277405,300.774445,99.599998,82.444084,78.180000,64880.191406,91.200554,32.650002,36.799999
2026-08-08,,,,,,,,,,,,64904.687500,,,
2026-08-09,,,,,,,,,,,,64844.886719,,,
2026-08-10,771.115173,99.129997,69.919998,402.540009,93.760002,179.519745,720.119629,299.198578,99.809998,81.746750,82.129997,63910.585938,91.200554,33.459999,36.230000
2026-08-11,768.651306,99.080002,69.900002,400.959991,94.660004,179.569717,717.702148,300.205933,99.820000,81.876259,83.199997,63551.875000,91.210518,33.480000,35.939999
2026-08-12,770.576477,99.459999,70.110001,404.920013,96.830002,182.048615,722.946716,301.921448,100.010002,81.796562,83.269997,63402.433594,91.230461,33.720001,35.889999
2026-08-13,775.953186,99.889999,70.400002,398.959991,97.449997,182.558380,731.307983,302.709381,99.959999,82.274727,81.250000,63402.171875,91.230461,33.380001,35.880001
2026-08-14,774.416992,99.739998,70.290001,401.480011,97.290001,182.088593,730.309021,304.295258,99.669998,81.726830,82.400002,62975.593750,91.250397,33.639999,35.630001
2026-08-15,,,,,,,,,,,,63024.320312,,,
2026-08-16,,,,,,,,,,,,62818.652344,,,
2026-08-17,770.756042,99.540001,70.129997,405.489990,98.300003,181.468872,729.110229,303.267944,99.639999,81.039467,84.500000,64506.253906,91.270340,34.340000,36.419998
2026-08-18,765.549011,98.650002,69.669998,398.549988,94.809998,177.610596,716.763123,299.447937,99.650002,81.348289,84.940002,64680.710938,91.280304,34.230000,36.599998
2026-08-19,767.154968,99.250000,69.900002,413.839996,96.139999,174.701904,715.334595,300.934021,98.830002,82.703087,85.830002,69266.187500,91.290276,34.660000,38.779999
2026-08-20,760.710999,98.529999,69.629997,415.260010,96.980003,175.521545,710.189941,296.894592,98.900002,82.025681,87.830002,73032.757812,91.290276,34.939999,41.200001
2026-08-21,763.823242,99.010002,69.849998,423.359985,97.800003,177.460663,712.697388,299.178619,98.800003,81.736794,87.059998,78335.187500,91.320183,35.189999,43.680000
2026-08-22,,,,,,,,,,,,77083.414062,,,
2026-08-23,,,,,,,,,,,,77755.265625,,,
2026-08-24,761.578796,98.730003,69.730003,426.690002,96.360001,177.090836,705.584778,297.193787,99.000000,82.244843,85.010002,78964.484375,91.330154,34.980000,44.639999
2026-08-25,764.012756,99.260002,70.089996,428.070007,98.349998,178.420242,709.980164,298.450531,98.919998,83.151375,82.360001,78564.976562,91.340126,34.799999,44.720001
2026-08-26,764.182373,99.139999,69.989998,421.320007,98.239998,178.210327,710.629517,298.151306,99.169998,82.982025,82.230003,79027.421875,91.350090,34.619999,44.459999
2026-08-27,769.189941,99.470001,70.160004,422.600006,99.099998,179.079941,720.359375,299.028992,99.160004,82.812668,83.529999,80257.539062,91.350090,34.869999,45.290001
2026-08-28,767.444275,99.120003,69.930000,408.890015,98.150002,180.019531,715.684265,294.979584,99.699997,82.563622,83.400002,77830.289062,91.370033,34.970001,43.900002
2026-08-29,,,,,,,,,,,,78245.812500,,,
2026-08-30,,,,,,,,,,,,77667.570312,,,
2026-08-31,765.149963,98.870003,69.739998,408.420013,98.239998,179.529739,716.013916,293.164307,99.430000,82.204994,85.760002,78548.632812,91.380005,35.340000,44.669998
2026-09-01,759.893066,98.169998,69.339996,396.750000,98.019997,179.989548,706.903381,289.813080,99.669998,81.870003,90.220001,77403.625000,91.389999,35.549999,43.759998
2026-09-02,763.264648,98.610001,69.620003,402.779999,98.669998,180.069489,708.501709,293.244110,99.559998,81.949997,91.010002,77300.476562,91.400002,35.529999,43.790001
2026-09-03,771.254822,99.459999,70.099998,410.220001,99.250000,179.959549,716.922913,294.421051,99.000000,82.070000,91.300003,81271.742188,91.419998,35.549999,46.349998
2026-09-04,768.282227,99.419998,70.089996,406.769989,101.120003,179.889587,718.211609,295.238922,99.160004,82.209999,91.480003,79671.968750,91.449997,35.410000,45.230000
2026-09-05,,,,,,,,,,,,79823.867188,,,
2026-09-06,,,,,,,,,,,,80350.046875,,,
2026-09-07,,,,,,,,,,,,79115.851562,,,
2026-09-08,764.062683,99.040001,69.849998,399.720001,101.849998,175.501541,717.612244,293.902405,98.839996,82.199997,93.029999,78438.578125,91.459999,35.660000,44.389999
2026-09-09,760.511536,98.430000,69.480003,403.350006,101.610001,173.242554,715.564392,289.882904,98.769997,81.730003,96.050003,78259.523438,91.459999,36.070000,44.290001
2026-09-10,755.952820,97.940002,69.000000,396.359985,99.220001,173.392487,707.952332,286.950562,99.089996,80.779999,102.480003,76568.125000,91.470001,36.459999,43.680000
2026-09-11,762.396790,98.360001,69.360001,398.769989,100.589996,177.140808,714.135864,288.137482,99.120003,80.870003,100.050003,77173.796875,91.500000,36.139999,43.770000
2026-09-12,,,,,,,,,,,,77270.468750,,,
2026-09-13,,,,,,,,,,,,76838.156250,,,
2026-09-14,758.995239,97.720001,68.970001,392.839996,97.160004,177.110825,708.441772,287.160004,99.459999,80.930000,101.389999,78163.382812,91.500000,35.880001,44.740002
2026-09-15,755.513916,97.360001,68.779999,394.149994,96.959999,176.661026,703.806580,285.140015,99.650002,80.709999,105.830002,75612.507812,91.510002,36.270000,43.110001
2026-09-16,752.182190,97.169998,68.629997,391.739990,97.139999,178.210327,703.986389,283.920013,100.309998,80.879997,102.430000,76150.320312,91.510002,36.060001,43.040001
2026-09-17,760.710999,98.050003,69.169998,398.359985,99.230003,179.749649,716.173706,285.429993,100.220001,81.779999,101.910004,76403.773438,91.529999,35.950001,43.299999
2026-09-18,761.690002,97.860001,69.080002,401.170013,99.239998,178.380264,720.699036,284.100006,100.220001,81.250000,100.300003,80901.460938,91.550003,35.970001,46.020000
2026-09-19,,,,,,,,,,,,81233.679688,,,
2026-09-20,,,,,,,,,,,,81142.609375,,,
2026-09-21,773.500000,99.059998,69.760002,398.380005,102.089996,180.089493,741.469971,285.579987,100.430000,81.800003,95.779999,86602.914062,91.570000,35.759998,49.009998
2026-09-22,773.380005,99.180000,69.830002,400.070007,102.500000,181.308945,747.460022,287.209991,100.599998,81.750000,94.589996,86172.281250,91.570000,35.790001,48.830002
2026-09-23,767.809998,98.129997,69.150002,392.880005,100.430000,179.709656,741.210022,281.920013,101.099998,80.459999,92.160004,84383.007812,91.589996,36.049999,47.880001
2026-09-24,767.179993,97.870003,68.930000,391.690002,99.760002,178.949997,741.099976,281.660004,101.290001,79.419998,94.610001,84379.062500,91.580002,35.939999,47.810001
2026-09-25,771.349976,98.440002,69.250000,393.410004,101.150002,181.270004,744.500000,281.970001,100.970001,79.320000,92.410004,84034.921875,91.620003,35.599998,47.570000
2026-09-26,,,,,,,,,,,,84406.453125,,,
2026-09-27,,,,,,,,,,,,84458.085938,,,
2026-09-28,765.609985,97.940002,68.820000,377.910004,99.730003,179.669998,736.530029,280.019989,101.199997,78.620003,92.599998,83502.609375,91.629997,35.160000,47.209999
2026-09-29,764.200000,97.650000,68.730000,382.890000,100.350000,178.220000,737.930000,279.010000,101.385002,78.230000,89.320000,,91.650000,35.000000,47.330000
